latitude,longitude,brightness,acq_date,confidence,frp,daynight,year,month,season,fire_risk
34.4054,-6.0428,302.6,2000-12-10,53,5.4,D,2000,12,winter,low
33.2327,-6.8533,316.1,2000-12-12,92,32.4,N,2000,12,winter,medium
33.2299,-6.8688,303.8,2000-12-12,57,16.7,N,2000,12,winter,low
34.2143,-6.0745,302.7,2000-12-14,50,4.7,D,2000,12,winter,low
33.392,-7.5649,304.1,2001-01-09,58,10.2,D,2001,1,winter,low
34.5965,-2.3459,301.4,2001-01-22,47,3.8,D,2001,1,winter,low
35.0849,-4.7702,312.5,2001-02-07,72,12.4,D,2001,2,winter,low
34.7231,-4.7874,301.7,2001-03-23,44,6.9,N,2001,3,spring,low
35.0602,-5.9925,340.6,2001-04-04,85,215.0,D,2001,4,spring,high
35.0611,-5.9975,334.6,2001-04-04,81,166.0,D,2001,4,spring,high
35.17,-4.8779,313.4,2001-04-05,30,4.6,D,2001,4,spring,low
34.7545,-4.6382,302.5,2001-04-05,49,14.2,N,2001,4,spring,low
34.4516,-6.1668,321.8,2001-04-10,72,12.2,D,2001,4,spring,low
34.4427,-6.1688,315.5,2001-04-10,39,5.9,D,2001,4,spring,low
35.0121,-2.5758,319.0,2001-04-12,46,8.2,D,2001,4,spring,low
35.0739,-5.9752,316.4,2001-04-12,57,7.5,D,2001,4,spring,low
34.4452,-6.1667,314.3,2001-04-21,33,9.6,D,2001,4,spring,low
34.5917,-5.992,320.7,2001-04-28,68,12.0,D,2001,4,spring,low
34.5589,-6.2506,338.6,2001-05-14,88,37.5,D,2001,5,spring,medium
34.6287,-6.1079,328.3,2001-05-24,76,50.4,D,2001,5,spring,medium
34.6242,-6.0865,322.5,2001-05-24,65,32.3,D,2001,5,spring,medium
34.6268,-6.1151,320.5,2001-05-24,58,25.6,D,2001,5,spring,medium
34.6224,-6.0937,328.8,2001-05-24,76,51.3,D,2001,5,spring,medium
34.5784,-6.234,319.9,2001-05-25,45,15.5,D,2001,5,spring,low
34.5481,-6.1124,331.1,2001-05-26,76,22.8,D,2001,5,spring,medium
34.5233,-6.1395,338.3,2001-05-26,84,35.1,D,2001,5,spring,medium
31.6885,-8.0373,353.5,2001-05-27,100,305.4,N,2001,5,spring,high
31.6928,-8.0143,311.4,2001-05-27,82,36.6,N,2001,5,spring,medium
31.6908,-8.044,344.5,2001-05-27,100,222.2,N,2001,5,spring,high
34.6148,-5.9962,326.7,2001-06-02,46,16.9,D,2001,6,summer,low
34.5858,-6.2367,328.8,2001-06-04,63,17.2,D,2001,6,summer,low
34.5813,-6.2437,328.8,2001-06-04,62,17.3,D,2001,6,summer,low
34.5794,-6.2318,326.0,2001-06-04,40,13.5,D,2001,6,summer,low
34.9313,-2.1594,328.2,2001-06-05,65,28.2,D,2001,6,summer,medium
34.461,-6.1141,328.1,2001-06-06,56,8.6,D,2001,6,summer,low
35.5032,-5.2996,319.6,2001-07-05,71,26.0,D,2001,7,summer,medium
35.5046,-5.3065,321.4,2001-07-05,70,30.6,D,2001,7,summer,medium
35.4558,-5.3015,323.6,2001-07-09,77,75.0,D,2001,7,summer,medium
35.4457,-5.2601,339.1,2001-07-09,89,193.3,D,2001,7,summer,high
35.4507,-5.2645,338.6,2001-07-09,89,184.0,D,2001,7,summer,high
33.756,-5.5129,331.6,2001-07-10,69,12.6,D,2001,7,summer,low
34.5936,-6.2557,338.0,2001-07-11,80,68.4,D,2001,7,summer,medium
34.5893,-6.2348,328.7,2001-07-11,57,34.4,D,2001,7,summer,medium
35.1172,-6.0277,326.2,2001-07-13,54,14.6,D,2001,7,summer,low
34.9309,-2.8467,331.9,2001-07-15,75,18.8,D,2001,7,summer,low
35.0933,-6.0839,315.5,2001-07-16,57,38.8,D,2001,7,summer,medium
34.6154,-5.9784,324.4,2001-07-19,43,12.6,D,2001,7,summer,low
35.7686,-5.6697,318.6,2001-07-20,66,13.4,D,2001,7,summer,low
33.5994,-5.0488,387.1,2001-07-22,100,249.4,D,2001,7,summer,high
33.5969,-5.035,391.3,2001-07-22,100,283.0,D,2001,7,summer,high
33.5894,-5.0514,403.3,2001-07-22,100,380.5,D,2001,7,summer,high
33.587,-5.0378,426.3,2001-07-22,100,647.6,D,2001,7,summer,high
33.577,-5.0405,335.4,2001-07-22,80,30.2,D,2001,7,summer,medium
33.6073,-4.9984,395.5,2001-07-24,100,213.0,D,2001,7,summer,high
33.6056,-4.9876,356.4,2001-07-24,97,58.8,D,2001,7,summer,medium
33.5983,-5.0004,338.6,2001-07-24,75,21.9,D,2001,7,summer,medium
33.5987,-5.0114,301.9,2001-07-24,45,6.3,N,2001,7,summer,low
35.007,-5.9425,322.6,2001-07-27,42,20.2,D,2001,7,summer,medium
35.6747,-5.3925,306.9,2001-08-08,50,45.3,N,2001,8,summer,medium
35.6883,-5.4418,316.1,2001-08-08,90,87.1,N,2001,8,summer,medium
35.6819,-5.3988,332.6,2001-08-08,100,212.2,N,2001,8,summer,high
35.6797,-5.4461,312.6,2001-08-08,79,72.3,N,2001,8,summer,medium
35.535,-5.364,309.9,2001-08-09,79,9.5,N,2001,8,summer,low
35.5331,-5.3754,326.5,2001-08-09,100,28.0,N,2001,8,summer,medium
33.9699,-4.8552,330.5,2001-08-18,76,11.1,D,2001,8,summer,low
33.8354,-5.3051,331.6,2001-09-01,75,16.1,D,2001,9,autumn,low
35.5014,-5.5312,339.5,2001-09-15,88,55.5,D,2001,9,autumn,medium
34.4435,-5.2091,321.1,2001-09-16,61,25.7,D,2001,9,autumn,medium
33.9283,-4.8236,324.5,2001-09-16,65,28.3,D,2001,9,autumn,medium
35.1607,-5.1106,303.5,2001-09-17,55,6.6,N,2001,9,autumn,low
35.1591,-5.1214,303.3,2001-09-17,54,6.9,N,2001,9,autumn,low
32.4669,-6.1166,313.6,2001-10-19,42,6.6,D,2001,10,autumn,low
32.4651,-6.1058,323.9,2001-10-19,75,17.1,D,2001,10,autumn,low
33.8856,-4.6673,323.2,2001-10-21,74,11.3,D,2001,10,autumn,low
33.884,-4.6567,334.4,2001-10-21,85,25.9,D,2001,10,autumn,medium
34.2375,-4.7789,318.4,2001-10-23,68,7.7,D,2001,10,autumn,low
34.7363,-4.504,305.0,2001-10-24,63,11.6,N,2001,10,autumn,low
34.7197,-4.7515,324.8,2001-10-28,66,17.7,D,2001,10,autumn,low
32.7182,-5.5662,316.1,2001-10-28,43,7.1,D,2001,10,autumn,low
32.7167,-5.5558,316.9,2001-10-28,55,8.1,D,2001,10,autumn,low
32.1637,-6.4292,304.7,2001-10-28,61,13.0,N,2001,10,autumn,low
31.5554,-7.3955,337.3,2001-10-29,89,191.0,D,2001,10,autumn,high
31.5483,-7.3645,324.8,2001-10-29,80,105.4,D,2001,10,autumn,high
31.5567,-7.4012,327.8,2001-10-29,83,116.1,D,2001,10,autumn,high
31.55,-7.3708,326.1,2001-10-29,72,105.9,D,2001,10,autumn,high
34.7822,-4.5718,315.1,2001-10-30,59,11.0,D,2001,10,autumn,low
34.7806,-4.5592,323.0,2001-10-30,78,19.5,D,2001,10,autumn,low
34.851,-5.2768,308.0,2001-11-24,64,10.5,D,2001,11,autumn,low
35.1465,-5.7229,302.0,2001-11-29,49,3.9,D,2001,11,autumn,low
33.948,-5.3257,310.6,2001-12-04,66,10.8,D,2001,12,winter,low
34.7603,-6.2906,314.9,2001-12-09,75,36.0,D,2001,12,winter,medium
34.7657,-6.2942,313.0,2001-12-09,73,33.9,D,2001,12,winter,medium
34.7601,-6.2683,305.8,2001-12-09,62,15.0,D,2001,12,winter,low
34.2462,-6.1089,305.0,2001-12-10,44,9.4,D,2001,12,winter,low
35.1245,-4.6439,305.1,2002-01-14,52,7.6,D,2002,1,winter,low
33.9252,-4.3026,316.5,2002-01-16,77,17.3,D,2002,1,winter,low
33.9235,-4.2916,302.4,2002-01-16,52,6.5,D,2002,1,winter,low
35.1271,-4.6456,300.8,2002-01-21,30,7.1,D,2002,1,winter,low
35.2093,-5.0859,303.2,2002-01-21,54,10.2,N,2002,1,winter,low
35.3176,-5.4477,304.5,2002-01-23,59,6.6,D,2002,1,winter,low
33.0414,-5.2747,304.7,2002-01-26,33,21.0,D,2002,1,winter,medium
33.4703,-6.5714,311.5,2002-02-03,70,10.4,D,2002,2,winter,low
32.983,-5.4267,302.5,2002-02-07,44,22.0,D,2002,2,winter,medium
34.5968,-5.9493,303.5,2002-02-08,41,3.7,D,2002,2,winter,low
32.6435,-7.7951,310.5,2002-02-11,60,15.0,D,2002,2,winter,low
32.643,-7.7898,307.9,2002-02-11,45,9.5,D,2002,2,winter,low
34.5658,-6.1359,327.4,2002-04-20,82,25.0,D,2002,4,spring,medium
34.5678,-6.1479,312.8,2002-04-20,63,8.2,D,2002,4,spring,low
34.9453,-6.2073,330.9,2002-04-27,82,27.9,D,2002,4,spring,medium
34.539,-6.2208,326.7,2002-04-29,77,19.8,D,2002,4,spring,low
32.6379,-7.8133,319.6,2002-05-11,67,15.3,D,2002,5,spring,low
32.6344,-7.7954,321.1,2002-05-11,71,18.6,D,2002,5,spring,low
34.3782,-5.7779,312.6,2002-05-12,43,12.5,D,2002,5,spring,low
34.4659,-5.9468,320.1,2002-05-13,67,15.6,D,2002,5,spring,low
34.4124,-6.0756,320.1,2002-05-19,44,9.6,D,2002,5,spring,low
35.0756,-5.9765,316.8,2002-05-19,53,7.8,D,2002,5,spring,low
34.9859,-5.9246,325.2,2002-05-24,72,12.3,D,2002,5,spring,low
35.0815,-5.9877,315.7,2002-05-26,55,7.6,D,2002,5,spring,low
34.4257,-5.9172,322.7,2002-05-29,58,14.1,D,2002,5,spring,low
34.6732,-6.2477,327.7,2002-06-11,61,12.4,D,2002,6,summer,low
35.0216,-5.9676,339.7,2002-06-20,86,56.5,D,2002,6,summer,medium
35.1204,-5.9963,331.4,2002-06-21,76,35.2,D,2002,6,summer,medium
34.9629,-5.906,303.8,2002-06-21,57,6.2,N,2002,6,summer,low
34.7012,-6.2065,323.7,2002-06-25,58,7.7,D,2002,6,summer,low
31.4986,-7.3134,302.8,2002-06-28,51,6.7,N,2002,6,summer,low
35.8775,-5.3909,336.5,2002-06-30,88,52.7,D,2002,6,summer,medium
35.1251,-6.002,326.4,2002-07-11,67,10.6,D,2002,7,summer,low
30.7842,-9.2152,334.8,2002-07-11,75,17.9,D,2002,7,summer,low
30.7856,-9.2265,331.5,2002-07-11,68,12.9,D,2002,7,summer,low
34.5803,-5.809,302.5,2002-07-12,50,6.7,N,2002,7,summer,low
34.5823,-5.8212,323.4,2002-07-12,100,26.7,N,2002,7,summer,medium
35.7092,-5.7612,332.2,2002-07-14,84,15.3,D,2002,7,summer,low
35.711,-5.7667,330.7,2002-07-14,83,15.0,D,2002,7,summer,low
35.7132,-5.7538,327.4,2002-07-14,66,9.6,D,2002,7,summer,low
34.3442,-5.2256,309.7,2002-07-16,78,10.7,N,2002,7,summer,low
33.7267,-5.5569,330.7,2002-07-20,68,9.0,D,2002,7,summer,low
33.8869,-5.5216,326.4,2002-07-22,66,17.5,D,2002,7,summer,low
35.7392,-5.7593,332.0,2002-07-26,84,17.7,D,2002,7,summer,low
34.8708,-4.5825,328.5,2002-08-08,41,16.9,D,2002,8,summer,low
34.7959,-4.5324,327.9,2002-08-09,56,41.8,D,2002,8,summer,medium
34.8019,-4.5417,320.9,2002-08-09,100,102.0,N,2002,8,summer,high
35.7424,-5.4748,324.5,2002-08-11,72,13.8,D,2002,8,summer,low
35.741,-5.4874,328.7,2002-08-11,82,19.7,D,2002,8,summer,low
35.7326,-5.5007,317.1,2002-08-12,67,42.5,D,2002,8,summer,medium
33.805,-5.3266,333.1,2002-08-14,75,15.8,D,2002,8,summer,low
33.8825,-4.505,328.6,2002-08-17,66,21.1,D,2002,8,summer,medium
33.8587,-4.6875,332.6,2002-08-17,58,21.5,D,2002,8,summer,medium
33.8698,-4.6906,333.4,2002-08-17,71,22.8,D,2002,8,summer,medium
35.094,-6.0193,327.0,2002-08-20,55,13.4,D,2002,8,summer,low
35.103,-6.0211,325.1,2002-08-20,32,10.7,D,2002,8,summer,low
35.3701,-5.4709,315.0,2002-08-24,41,11.9,D,2002,8,summer,low
34.3762,-5.8141,302.2,2002-09-04,47,5.7,N,2002,9,autumn,low
34.7182,-4.4816,301.8,2002-09-04,44,6.9,N,2002,9,autumn,low
33.2839,-8.2837,301.1,2002-09-05,38,13.3,N,2002,9,autumn,low
35.5082,-5.5249,318.8,2002-09-08,70,29.7,D,2002,9,autumn,medium
35.5102,-5.4947,321.4,2002-09-08,74,40.2,D,2002,9,autumn,medium
29.9257,-9.6209,326.2,2002-09-26,69,7.8,D,2002,9,autumn,low
34.1809,-6.3793,332.8,2002-09-29,77,17.8,D,2002,9,autumn,low
33.803,-4.4132,319.3,2002-09-29,41,10.5,D,2002,9,autumn,low
32.8703,-5.4381,317.6,2002-10-07,35,8.6,D,2002,10,autumn,low
32.3705,-7.004,324.2,2002-10-12,64,11.5,D,2002,10,autumn,low
33.9185,-4.8275,324.7,2002-10-14,75,21.1,D,2002,10,autumn,medium
33.92,-4.8142,357.8,2002-10-14,99,101.0,D,2002,10,autumn,high
35.1064,-5.4943,311.6,2002-10-26,53,10.0,D,2002,10,autumn,low
34.3731,-5.9129,339.0,2002-10-31,90,35.1,D,2002,10,autumn,medium
34.3746,-5.9236,316.4,2002-10-31,66,7.9,D,2002,10,autumn,low
33.6916,-5.0703,311.5,2002-11-02,54,8.2,D,2002,11,autumn,low
34.5505,-6.3053,318.6,2002-11-06,69,13.6,D,2002,11,autumn,low
34.1043,-6.2868,314.3,2002-11-07,60,5.2,D,2002,11,autumn,low
35.2157,-2.9561,306.3,2002-11-09,67,9.0,N,2002,11,autumn,low
35.1326,-6.0717,311.5,2002-11-10,58,7.8,D,2002,11,autumn,low
34.1031,-6.2789,313.4,2002-11-11,64,12.2,D,2002,11,autumn,low
34.1024,-6.2858,316.6,2002-11-11,70,16.0,D,2002,11,autumn,low
35.1277,-5.0381,309.2,2002-11-11,77,34.2,N,2002,11,autumn,medium
35.1302,-5.0452,327.9,2002-11-11,100,83.0,N,2002,11,autumn,medium
33.6906,-7.4265,303.3,2002-11-26,54,8.3,N,2002,11,autumn,low
34.8567,-5.2681,301.4,2003-02-03,40,5.7,D,2003,2,winter,low
35.0109,-2.829,304.9,2003-03-01,57,4.4,D,2003,3,spring,low
34.9378,-6.2052,304.7,2003-03-02,36,5.0,D,2003,3,spring,low
33.4626,-7.8957,315.6,2003-03-06,71,10.2,D,2003,3,spring,low
34.9563,-6.2102,315.2,2003-03-09,70,7.7,D,2003,3,spring,low
34.9579,-4.7454,321.6,2003-03-13,78,32.5,D,2003,3,spring,medium
34.9599,-4.74,315.0,2003-03-13,55,20.1,D,2003,3,spring,medium
34.9525,-6.148,303.1,2003-03-15,53,4.6,D,2003,3,spring,low
34.9542,-6.1589,303.6,2003-03-15,43,4.4,D,2003,3,spring,low
34.5932,-5.9285,303.7,2003-03-22,35,7.3,D,2003,3,spring,low
33.2879,-8.0485,303.2,2003-04-14,45,6.1,D,2003,4,spring,low
34.5663,-6.1057,312.9,2003-05-07,68,18.6,D,2003,5,spring,low
32.2585,-9.0494,325.2,2003-05-08,55,8.0,D,2003,5,spring,low
32.2677,-9.051,325.1,2003-05-08,55,8.0,D,2003,5,spring,low
34.4415,-6.1595,321.0,2003-05-09,73,13.8,D,2003,5,spring,low
35.054,-5.9997,336.6,2003-05-21,84,24.4,D,2003,5,spring,medium
35.0558,-5.9883,330.7,2003-05-21,78,15.3,D,2003,5,spring,low
34.7325,-6.0874,345.4,2003-05-22,91,73.9,D,2003,5,spring,medium
34.7451,-6.1024,345.7,2003-05-22,91,73.2,D,2003,5,spring,medium
34.7434,-6.0858,385.2,2003-05-22,100,299.0,D,2003,5,spring,high
34.74,-6.0764,344.4,2003-05-22,91,70.0,D,2003,5,spring,medium
34.7418,-6.0929,379.8,2003-05-22,100,257.8,D,2003,5,spring,high
33.4417,-7.3894,355.1,2003-05-22,97,157.5,D,2003,5,spring,high
33.9254,-5.6748,342.9,2003-05-23,90,94.8,D,2003,5,spring,medium
33.9218,-5.6562,331.4,2003-05-23,64,55.4,D,2003,5,spring,medium
35.2571,-6.0419,323.0,2003-05-23,64,13.7,D,2003,5,spring,low
33.4167,-6.5989,337.2,2003-05-26,81,21.8,D,2003,5,spring,medium
33.6379,-6.5891,337.3,2003-05-26,81,21.2,D,2003,5,spring,medium
33.4152,-6.6101,329.0,2003-05-26,57,8.1,D,2003,5,spring,low
34.4379,-6.0845,321.0,2003-05-27,55,6.3,D,2003,5,spring,low
34.9695,-5.9264,361.2,2003-05-28,100,73.0,D,2003,5,spring,medium
34.9679,-5.9372,342.8,2003-05-28,90,30.8,D,2003,5,spring,medium
35.0228,-5.8948,328.9,2003-06-03,78,17.1,D,2003,6,summer,low
35.0678,-5.9891,331.7,2003-06-05,80,24.2,D,2003,6,summer,medium
34.5775,-6.2379,318.6,2003-06-05,47,6.4,D,2003,6,summer,low
34.4447,-6.1607,326.3,2003-06-07,65,19.0,D,2003,6,summer,low
34.4338,-6.1623,325.0,2003-06-07,59,16.6,D,2003,6,summer,low
34.6799,-6.1223,331.6,2003-06-10,76,19.2,D,2003,6,summer,low
34.458,-5.9939,327.7,2003-06-10,66,13.0,D,2003,6,summer,low
35.7411,-5.7536,322.3,2003-06-11,75,8.6,D,2003,6,summer,low
34.3506,-5.2113,327.3,2003-06-12,66,10.3,D,2003,6,summer,low
34.8209,-5.8964,334.5,2003-06-12,82,21.3,D,2003,6,summer,medium
35.1146,-5.9795,321.3,2003-06-15,59,10.0,D,2003,6,summer,low
35.1123,-5.9927,323.2,2003-06-15,65,13.6,D,2003,6,summer,low
35.2258,-5.5169,306.8,2003-06-18,48,61.3,N,2003,6,summer,medium
35.2253,-5.5101,308.5,2003-06-18,61,70.9,N,2003,6,summer,medium
33.7587,-4.7939,310.1,2003-06-19,79,16.4,N,2003,6,summer,low
33.7565,-4.7998,313.0,2003-06-19,86,21.0,N,2003,6,summer,medium
35.2235,-5.495,310.0,2003-06-19,79,19.7,N,2003,6,summer,low
35.225,-5.5181,385.5,2003-06-19,100,175.7,D,2003,6,summer,high
35.2233,-5.5072,335.6,2003-06-19,83,28.1,D,2003,6,summer,medium
35.0358,-5.901,330.9,2003-06-19,75,14.0,D,2003,6,summer,low
35.0307,-5.8679,328.2,2003-06-19,70,9.7,D,2003,6,summer,low
35.0658,-5.9739,322.3,2003-06-19,49,6.8,D,2003,6,summer,low
32.4346,-6.8379,332.5,2003-06-19,60,11.0,D,2003,6,summer,low
35.2193,-5.5145,320.4,2003-06-19,100,17.3,N,2003,6,summer,low
35.2121,-5.501,305.3,2003-06-19,64,4.9,N,2003,6,summer,low
35.2211,-5.5029,326.3,2003-06-19,100,23.7,N,2003,6,summer,medium
34.5578,-6.2635,324.1,2003-06-23,59,22.2,D,2003,6,summer,medium
34.5562,-6.2467,339.8,2003-06-23,86,62.2,D,2003,6,summer,medium
34.566,-6.2514,327.6,2003-06-23,68,29.3,D,2003,6,summer,medium
34.555,-6.2529,337.9,2003-06-23,84,56.2,D,2003,6,summer,medium
34.3456,-2.6932,321.5,2003-06-23,52,60.4,D,2003,6,summer,medium
33.8424,-5.2274,339.7,2003-06-25,85,79.1,D,2003,6,summer,medium
33.8851,-5.2607,323.8,2003-06-25,48,18.5,D,2003,6,summer,low
33.8455,-5.2424,327.8,2003-06-25,67,32.5,D,2003,6,summer,medium
33.8436,-5.2202,334.0,2003-06-25,78,54.9,D,2003,6,summer,medium
34.275,-5.6659,326.1,2003-06-26,62,10.0,D,2003,6,summer,low
34.7481,-6.1361,359.0,2003-06-28,99,68.0,D,2003,6,summer,medium
34.7384,-6.1335,325.0,2003-06-28,59,8.4,D,2003,6,summer,low
34.7399,-6.1444,323.5,2003-06-28,51,6.5,D,2003,6,summer,low
33.7272,-5.3398,335.3,2003-06-28,79,19.8,D,2003,6,summer,low
32.4726,-6.8322,341.7,2003-06-29,87,155.3,D,2003,6,summer,high
32.4651,-6.7991,326.9,2003-06-29,34,45.4,D,2003,6,summer,medium
32.47,-6.8263,347.9,2003-06-29,92,219.0,D,2003,6,summer,high
34.5828,-6.1184,329.7,2003-06-29,67,14.0,D,2003,6,summer,low
34.7146,-6.1431,324.2,2003-06-30,49,11.5,D,2003,6,summer,low
35.0864,-5.9896,319.9,2003-07-01,44,21.5,D,2003,7,summer,medium
33.9269,-5.0829,335.2,2003-07-01,80,16.0,D,2003,7,summer,low
35.0806,-5.9919,324.8,2003-07-01,65,14.9,D,2003,7,summer,low
34.4377,-5.7939,326.2,2003-07-02,61,23.6,D,2003,7,summer,medium
34.439,-5.8016,330.4,2003-07-02,73,39.2,D,2003,7,summer,medium
34.4357,-5.8166,327.8,2003-07-02,66,30.0,D,2003,7,summer,medium
32.4724,-6.8146,325.8,2003-07-04,48,42.8,D,2003,7,summer,medium
32.4757,-6.8217,328.7,2003-07-04,67,62.0,D,2003,7,summer,medium
32.4746,-6.849,327.7,2003-07-04,63,51.0,D,2003,7,summer,medium
33.8841,-5.6293,326.3,2003-07-05,100,27.4,N,2003,7,summer,medium
35.0282,-5.9703,324.7,2003-07-08,65,43.4,D,2003,7,summer,medium
35.0344,-5.9738,337.1,2003-07-08,84,107.8,D,2003,7,summer,high
35.0414,-5.966,327.2,2003-07-08,69,52.0,D,2003,7,summer,medium
35.0812,-5.9604,325.1,2003-07-10,53,15.6,D,2003,7,summer,low
34.4291,-6.1607,332.4,2003-07-11,77,34.1,D,2003,7,summer,medium
34.4275,-6.1778,324.2,2003-07-11,55,13.8,D,2003,7,summer,low
34.4403,-6.1623,322.0,2003-07-11,31,10.2,D,2003,7,summer,low
33.8338,-5.3776,342.1,2003-07-12,87,39.3,D,2003,7,summer,medium
33.8361,-5.3905,332.2,2003-07-12,76,18.5,D,2003,7,summer,low
33.8752,-5.588,330.6,2003-07-13,58,11.0,D,2003,7,summer,low
33.7323,-5.6215,323.4,2003-07-14,46,5.9,D,2003,7,summer,low
33.9825,-5.5934,331.4,2003-07-15,67,10.5,D,2003,7,summer,low
33.7858,-5.6052,328.1,2003-07-16,69,10.7,D,2003,7,summer,low
35.095,-6.0127,322.1,2003-07-16,31,12.7,D,2003,7,summer,low
35.085,-6.0143,326.4,2003-07-16,57,18.5,D,2003,7,summer,low
33.8476,-5.2846,327.4,2003-07-16,66,11.2,D,2003,7,summer,low
33.8492,-5.2969,331.8,2003-07-16,75,17.9,D,2003,7,summer,low
34.7251,-6.1552,333.3,2003-07-16,78,23.1,D,2003,7,summer,medium
34.7267,-6.1616,325.3,2003-07-16,59,10.7,D,2003,7,summer,low
34.7251,-6.1477,328.8,2003-07-16,70,16.6,D,2003,7,summer,low
34.8795,-4.6372,328.7,2003-07-17,72,13.5,D,2003,7,summer,low
34.2528,-4.9094,343.3,2003-07-18,86,87.3,D,2003,7,summer,medium
34.2508,-4.8916,335.2,2003-07-18,75,38.9,D,2003,7,summer,medium
34.746,-6.2023,331.2,2003-07-19,63,13.2,D,2003,7,summer,low
33.597,-6.5385,337.9,2003-07-19,82,19.4,D,2003,7,summer,low
34.2939,-5.8559,328.6,2003-07-21,67,9.4,D,2003,7,summer,low
34.2922,-5.8449,330.5,2003-07-21,71,11.7,D,2003,7,summer,low
33.7758,-5.6852,334.8,2003-07-21,78,15.9,D,2003,7,summer,low
33.8401,-5.5732,305.1,2003-07-21,63,6.4,N,2003,7,summer,low
33.8383,-5.5846,307.5,2003-07-21,72,8.1,N,2003,7,summer,low
33.4109,-7.3119,323.5,2003-07-22,76,48.1,D,2003,7,summer,medium
33.4163,-7.3156,325.3,2003-07-22,78,60.2,D,2003,7,summer,medium
33.4219,-7.3259,338.2,2003-07-22,79,22.8,D,2003,7,summer,medium
33.413,-7.324,355.5,2003-07-22,97,57.0,D,2003,7,summer,medium
35.6565,-5.7035,328.8,2003-07-23,78,15.2,D,2003,7,summer,low
35.0174,-5.8793,339.0,2003-07-23,85,30.2,D,2003,7,summer,medium
34.3515,-5.2594,323.9,2003-07-24,44,30.7,D,2003,7,summer,medium
34.3568,-5.2321,326.9,2003-07-24,67,43.9,D,2003,7,summer,medium
34.3445,-5.2289,338.5,2003-07-24,84,117.1,D,2003,7,summer,high
34.3427,-5.2362,336.4,2003-07-24,82,100.7,D,2003,7,summer,high
35.2089,-4.9705,334.7,2003-07-24,78,13.8,D,2003,7,summer,low
35.2072,-4.9815,329.2,2003-07-24,69,6.5,D,2003,7,summer,low
33.8213,-5.4662,332.1,2003-07-26,73,30.8,D,2003,7,summer,medium
34.3469,-5.232,335.6,2003-07-26,78,41.6,D,2003,7,summer,medium
33.8111,-5.4559,331.1,2003-07-26,71,29.2,D,2003,7,summer,medium
34.5812,-6.2435,327.7,2003-07-27,53,47.5,D,2003,7,summer,medium
34.5879,-6.2356,324.3,2003-07-27,36,33.7,D,2003,7,summer,medium
34.5899,-6.2629,324.5,2003-07-27,41,32.1,D,2003,7,summer,medium
35.1952,-2.9748,327.4,2003-07-27,54,37.0,D,2003,7,summer,medium
35.0627,-3.6364,331.9,2003-07-28,72,21.2,D,2003,7,summer,medium
35.1013,-4.4918,327.7,2003-07-28,59,24.0,D,2003,7,summer,medium
35.0974,-4.5116,325.1,2003-07-28,42,17.7,D,2003,7,summer,low
34.1873,-5.8039,350.0,2003-07-29,92,38.2,D,2003,7,summer,medium
34.8552,-4.6105,345.6,2003-07-30,90,36.4,D,2003,7,summer,medium
33.8616,-5.5963,355.4,2003-07-31,96,43.5,D,2003,7,summer,medium
34.6401,-5.9542,337.4,2003-07-31,68,6.8,D,2003,7,summer,low
35.779,-5.6732,334.1,2003-07-31,86,14.5,D,2003,7,summer,low
35.7805,-5.6623,334.1,2003-07-31,86,14.4,D,2003,7,summer,low
35.1964,-5.7593,366.8,2003-08-01,100,116.5,D,2003,8,summer,high
34.9239,-2.2239,338.8,2003-08-01,79,18.8,D,2003,8,summer,low
35.198,-5.7735,347.2,2003-08-01,90,45.5,D,2003,8,summer,medium
33.8353,-5.1795,334.4,2003-08-01,67,12.8,D,2003,8,summer,low
35.1855,-5.7776,333.8,2003-08-01,46,74.0,D,2003,8,summer,medium
35.1917,-5.7741,341.7,2003-08-01,84,141.8,D,2003,8,summer,high
35.7379,-5.4675,319.0,2003-08-01,97,35.2,N,2003,8,summer,medium
35.7341,-5.4869,312.1,2003-08-01,77,22.0,N,2003,8,summer,medium
33.9909,-4.9207,356.4,2003-08-02,97,56.7,D,2003,8,summer,medium
33.7329,-4.7969,350.0,2003-08-02,92,45.2,D,2003,8,summer,medium
33.9929,-4.9088,355.3,2003-08-02,96,53.9,D,2003,8,summer,medium
35.0303,-5.1549,334.6,2003-08-02,70,17.7,D,2003,8,summer,low
35.009,-2.677,348.9,2003-08-02,91,41.2,D,2003,8,summer,medium
34.0043,-4.8992,344.2,2003-08-02,86,25.1,D,2003,8,summer,medium
34.054,-5.6655,344.6,2003-08-03,89,67.8,D,2003,8,summer,medium
34.979,-3.0487,329.3,2003-08-03,66,14.5,D,2003,8,summer,low
34.0473,-5.673,333.9,2003-08-03,73,27.1,D,2003,8,summer,medium
34.0591,-5.6717,335.3,2003-08-03,77,31.2,D,2003,8,summer,medium
34.9966,-2.6824,328.2,2003-08-03,56,61.5,D,2003,8,summer,medium
35.0006,-2.652,326.7,2003-08-04,60,34.7,D,2003,8,summer,medium
32.4369,-6.8428,335.1,2003-08-04,76,13.2,D,2003,8,summer,low
35.0056,-2.6554,339.8,2003-08-04,82,36.2,D,2003,8,summer,medium
34.9936,-2.6664,392.0,2003-08-04,100,254.2,D,2003,8,summer,high
34.9959,-2.6533,386.9,2003-08-04,100,220.7,D,2003,8,summer,high
35.4304,-5.9954,340.9,2003-08-04,90,65.1,D,2003,8,summer,medium
35.4265,-6.0148,325.6,2003-08-04,79,13.6,D,2003,8,summer,low
35.0034,-2.6682,339.8,2003-08-04,82,35.9,D,2003,8,summer,medium
35.0067,-4.9269,308.9,2003-08-04,73,8.9,N,2003,8,summer,low
35.0053,-4.9378,321.7,2003-08-04,100,20.8,N,2003,8,summer,medium
35.0441,-5.7034,307.1,2003-08-05,51,42.1,N,2003,8,summer,medium
35.6835,-5.8434,324.4,2003-08-06,77,7.7,D,2003,8,summer,low
33.9122,-5.3032,338.0,2003-08-06,79,19.2,D,2003,8,summer,low
33.9213,-5.3011,332.6,2003-08-06,69,11.0,D,2003,8,summer,low
34.0276,-4.7562,341.4,2003-08-08,85,23.4,D,2003,8,summer,medium
33.8368,-5.5738,307.6,2003-08-08,72,9.0,N,2003,8,summer,low
34.3267,-5.2165,312.4,2003-08-09,85,11.0,N,2003,8,summer,low
35.7749,-5.7422,340.9,2003-08-11,90,53.1,D,2003,8,summer,medium
34.0413,-4.5655,310.1,2003-08-12,79,43.9,N,2003,8,summer,medium
34.9641,-5.0951,332.7,2003-08-12,45,28.1,D,2003,8,summer,medium
35.103,-5.9901,340.5,2003-08-13,86,34.5,D,2003,8,summer,medium
35.277,-5.0968,339.0,2003-08-13,84,43.5,D,2003,8,summer,medium
35.2793,-5.1103,350.0,2003-08-13,93,70.4,D,2003,8,summer,medium
34.3384,-5.218,335.4,2003-08-13,76,14.9,D,2003,8,summer,low
34.3311,-5.2334,336.5,2003-08-13,78,16.0,D,2003,8,summer,low
34.3408,-5.2311,335.8,2003-08-13,77,15.5,D,2003,8,summer,low
34.1113,-4.4188,341.1,2003-08-13,84,37.1,D,2003,8,summer,medium
34.3288,-5.2205,335.3,2003-08-13,73,13.9,D,2003,8,summer,low
33.9793,-4.8872,333.7,2003-08-13,64,11.6,D,2003,8,summer,low
35.2732,-5.0929,333.9,2003-08-13,86,67.8,D,2003,8,summer,medium
35.2694,-5.1112,355.9,2003-08-13,98,188.7,D,2003,8,summer,high
35.2699,-5.1121,327.1,2003-08-13,100,24.5,N,2003,8,summer,medium
35.2715,-5.1011,315.9,2003-08-13,91,13.1,N,2003,8,summer,low
35.2789,-5.1139,318.9,2003-08-13,97,16.0,N,2003,8,summer,low
35.2804,-5.1028,307.6,2003-08-13,67,7.1,N,2003,8,summer,low
35.2756,-5.0976,304.8,2003-08-14,62,13.7,N,2003,8,summer,low
34.4003,-5.3786,336.8,2003-08-14,69,12.2,D,2003,8,summer,low
35.1736,-5.4662,330.9,2003-08-14,53,11.8,D,2003,8,summer,low
35.2776,-5.1063,327.0,2003-08-14,46,16.7,D,2003,8,summer,low
35.2676,-5.1057,336.1,2003-08-14,78,34.0,D,2003,8,summer,medium
35.1751,-5.4539,339.2,2003-08-14,82,29.0,D,2003,8,summer,medium
35.2797,-5.0975,306.9,2003-08-15,49,24.7,N,2003,8,summer,medium
35.2667,-5.0965,307.9,2003-08-15,70,25.4,N,2003,8,summer,medium
35.2702,-5.1054,343.1,2003-08-15,88,39.0,D,2003,8,summer,medium
35.2774,-5.0925,349.9,2003-08-15,93,51.3,D,2003,8,summer,medium
35.2791,-5.1034,342.1,2003-08-15,87,36.9,D,2003,8,summer,medium
35.2686,-5.0945,382.4,2003-08-15,100,153.7,D,2003,8,summer,high
35.2103,-4.9505,328.3,2003-08-15,67,8.0,D,2003,8,summer,low
33.8365,-6.8066,359.7,2003-08-15,99,69.5,D,2003,8,summer,medium
32.3447,-6.547,332.9,2003-08-15,70,10.2,D,2003,8,summer,low
33.8258,-5.3269,344.7,2003-08-15,89,31.6,D,2003,8,summer,medium
33.8242,-5.3163,333.3,2003-08-15,76,12.9,D,2003,8,summer,low
33.8447,-5.5756,341.7,2003-08-15,86,26.1,D,2003,8,summer,medium
33.8381,-6.8176,328.3,2003-08-15,56,8.0,D,2003,8,summer,low
35.2548,-5.1171,324.8,2003-08-15,78,71.3,D,2003,8,summer,medium
35.263,-5.0835,336.3,2003-08-15,87,149.8,D,2003,8,summer,high
34.0256,-5.6108,303.2,2003-08-15,54,6.1,N,2003,8,summer,low
35.2651,-5.1008,301.3,2003-08-15,40,5.2,N,2003,8,summer,low
35.1301,-5.0912,322.7,2003-08-16,51,10.6,D,2003,8,summer,low
35.1317,-5.0802,323.6,2003-08-16,57,11.8,D,2003,8,summer,low
35.1228,-5.0785,357.5,2003-08-16,98,69.3,D,2003,8,summer,medium
35.3122,-5.2367,330.8,2003-08-16,71,18.3,D,2003,8,summer,low
35.1215,-5.0803,322.7,2003-08-17,50,14.0,D,2003,8,summer,low
35.1315,-5.0046,324.1,2003-08-17,31,12.8,D,2003,8,summer,low
35.1348,-4.9979,329.7,2003-08-17,50,17.8,D,2003,8,summer,low
35.1363,-5.0098,379.5,2003-08-17,100,170.7,D,2003,8,summer,high
35.1458,-5.0082,373.9,2003-08-17,100,144.4,D,2003,8,summer,high
35.1178,-5.0657,311.0,2003-08-17,82,22.4,N,2003,8,summer,medium
35.1147,-5.0816,316.8,2003-08-17,94,32.1,N,2003,8,summer,medium
35.1384,-5.0184,309.0,2003-08-17,76,19.4,N,2003,8,summer,low
35.1243,-5.0663,323.0,2003-08-18,100,22.3,N,2003,8,summer,medium
35.1259,-5.0771,305.5,2003-08-18,65,7.9,N,2003,8,summer,low
35.2054,-5.1098,318.6,2003-08-18,97,17.7,N,2003,8,summer,low
35.1429,-5.0064,305.5,2003-08-18,64,7.6,N,2003,8,summer,low
33.9814,-5.6531,330.9,2003-08-18,77,38.3,D,2003,8,summer,medium
33.9803,-5.6465,327.8,2003-08-18,68,26.1,D,2003,8,summer,medium
35.1312,-5.0186,332.4,2003-08-18,76,24.8,D,2003,8,summer,medium
35.2549,-5.098,324.7,2003-08-18,62,15.5,D,2003,8,summer,low
35.112,-5.076,332.1,2003-08-18,72,22.8,D,2003,8,summer,medium
35.1332,-5.0069,331.3,2003-08-18,73,21.9,D,2003,8,summer,medium
35.1323,-5.0187,327.1,2003-08-19,62,27.2,D,2003,8,summer,medium
35.6114,-5.4836,310.4,2003-08-20,71,9.0,N,2003,8,summer,low
33.7067,-5.5193,326.0,2003-08-22,76,10.0,D,2003,8,summer,low
33.6875,-5.4214,334.2,2003-08-23,75,12.3,D,2003,8,summer,low
34.8042,-5.5564,331.6,2003-08-24,78,19.1,D,2003,8,summer,low
34.625,-5.3136,323.1,2003-08-24,58,7.7,D,2003,8,summer,low
34.9431,-2.9944,333.4,2003-08-24,80,17.2,D,2003,8,summer,low
34.9414,-2.9835,326.7,2003-08-24,71,9.0,D,2003,8,summer,low
34.8133,-5.5546,331.8,2003-08-24,78,18.2,D,2003,8,summer,low
33.5553,-6.7356,329.4,2003-08-24,71,13.9,D,2003,8,summer,low
33.5593,-6.729,328.0,2003-08-24,55,10.1,D,2003,8,summer,low
33.7365,-6.8467,321.7,2003-08-24,65,42.2,D,2003,8,summer,medium
35.1247,-5.0758,324.0,2003-08-24,100,33.8,N,2003,8,summer,medium
35.127,-5.0627,322.3,2003-08-24,100,31.2,N,2003,8,summer,medium
35.1344,-5.0702,324.6,2003-08-24,100,35.5,N,2003,8,summer,medium
35.1244,-5.0674,346.8,2003-08-24,100,85.4,N,2003,8,summer,medium
35.1269,-5.0539,326.0,2003-08-24,100,36.7,N,2003,8,summer,medium
35.1146,-5.0734,316.0,2003-08-24,92,22.9,N,2003,8,summer,medium
35.1171,-5.0594,374.7,2003-08-24,100,203.0,N,2003,8,summer,high
35.132,-5.0837,304.9,2003-08-24,62,10.4,N,2003,8,summer,low
35.1182,-5.0513,311.3,2003-08-25,82,12.8,N,2003,8,summer,low
35.131,-5.072,304.1,2003-08-25,59,7.6,N,2003,8,summer,low
35.12,-5.0628,302.8,2003-08-25,52,6.8,N,2003,8,summer,low
34.6424,-3.7189,328.2,2003-08-25,58,8.2,D,2003,8,summer,low
34.9403,-5.0795,328.6,2003-08-25,57,12.5,D,2003,8,summer,low
35.12,-5.0519,351.7,2003-08-25,95,56.4,D,2003,8,summer,medium
35.1184,-5.0628,336.3,2003-08-25,83,27.5,D,2003,8,summer,medium
35.1094,-5.061,331.4,2003-08-25,73,19.0,D,2003,8,summer,low
35.1111,-5.0497,347.4,2003-08-25,92,45.6,D,2003,8,summer,medium
35.1114,-5.0534,318.4,2003-08-25,97,41.3,N,2003,8,summer,medium
35.1253,-5.0328,306.8,2003-08-25,69,20.3,N,2003,8,summer,medium
35.1234,-5.0541,306.0,2003-08-25,66,19.5,N,2003,8,summer,low
35.1204,-5.0252,306.7,2003-08-25,69,18.3,N,2003,8,summer,low
35.1183,-5.047,334.6,2003-08-25,100,89.1,N,2003,8,summer,medium
35.1304,-5.0475,306.4,2003-08-25,68,19.0,N,2003,8,summer,low
35.1132,-5.0324,320.4,2003-08-25,100,45.4,N,2003,8,summer,medium
35.1239,-5.0337,303.0,2003-08-26,53,54.6,N,2003,8,summer,medium
35.1231,-5.0342,312.5,2003-08-26,79,113.0,N,2003,8,summer,high
35.1091,-4.9794,309.3,2003-08-26,66,94.4,N,2003,8,summer,medium
35.1257,-5.0292,315.5,2003-08-26,88,132.5,N,2003,8,summer,high
35.1112,-4.9737,307.2,2003-08-26,52,81.2,N,2003,8,summer,medium
34.9758,-3.0108,348.0,2003-08-26,92,44.1,D,2003,8,summer,medium
34.9743,-2.9988,328.1,2003-08-26,62,7.4,D,2003,8,summer,low
35.1865,-4.8608,327.9,2003-08-26,68,17.3,D,2003,8,summer,low
34.6877,-6.0664,324.4,2003-08-26,58,12.1,D,2003,8,summer,low
35.1268,-5.0514,353.1,2003-08-26,96,94.8,D,2003,8,summer,medium
35.1252,-5.0366,328.6,2003-08-26,69,26.5,D,2003,8,summer,medium
35.1147,-5.0375,325.3,2003-08-26,57,18.2,D,2003,8,summer,low
35.1131,-5.0226,329.8,2003-08-26,72,25.6,D,2003,8,summer,medium
35.1879,-4.8736,335.4,2003-08-26,80,31.9,D,2003,8,summer,medium
34.1985,-4.9081,327.1,2003-08-26,61,43.0,D,2003,8,summer,medium
35.1029,-5.0374,322.7,2003-08-26,42,38.3,D,2003,8,summer,medium
35.1176,-5.0419,323.7,2003-08-26,46,47.4,D,2003,8,summer,medium
33.9657,-5.6026,327.9,2003-08-27,65,14.0,D,2003,8,summer,low
33.9899,-5.6366,322.7,2003-08-28,61,20.1,D,2003,8,summer,medium
33.9924,-5.6432,322.5,2003-08-28,60,20.0,D,2003,8,summer,medium
35.6365,-5.9237,320.5,2003-08-29,58,5.9,D,2003,8,summer,low
34.2754,-5.4445,325.0,2003-08-29,54,8.6,D,2003,8,summer,low
34.2776,-5.4572,327.7,2003-08-29,69,12.2,D,2003,8,summer,low
33.8234,-5.5781,329.9,2003-08-29,71,41.9,D,2003,8,summer,medium
34.2064,-4.7045,330.1,2003-08-31,71,9.2,D,2003,8,summer,low
35.106,-6.108,340.2,2003-08-31,86,31.5,D,2003,8,summer,medium
35.115,-6.1062,334.3,2003-08-31,79,20.8,D,2003,8,summer,medium
34.589,-6.068,331.5,2003-09-01,75,15.2,D,2003,9,autumn,low
34.2818,-4.7315,327.3,2003-09-02,67,10.2,D,2003,9,autumn,low
32.7836,-7.077,332.5,2003-09-03,70,13.7,D,2003,9,autumn,low
34.587,-6.071,322.8,2003-09-05,52,12.6,D,2003,9,autumn,low
34.5945,-6.0546,323.4,2003-09-05,63,13.5,D,2003,9,autumn,low
34.597,-6.0684,320.0,2003-09-05,41,8.4,D,2003,9,autumn,low
33.5701,-6.5672,326.9,2003-09-05,74,15.1,D,2003,9,autumn,low
33.7525,-6.6058,325.7,2003-09-05,71,15.1,D,2003,9,autumn,low
33.7549,-6.619,330.8,2003-09-05,79,24.6,D,2003,9,autumn,medium
34.0676,-5.5961,326.5,2003-09-05,72,15.7,D,2003,9,autumn,low
35.0853,-6.0817,335.1,2003-09-05,84,35.4,D,2003,9,autumn,medium
35.0877,-6.0955,325.7,2003-09-05,61,19.5,D,2003,9,autumn,low
35.084,-6.0755,325.4,2003-09-05,65,17.7,D,2003,9,autumn,low
35.0865,-6.0892,343.5,2003-09-05,91,55.8,D,2003,9,autumn,medium
33.9394,-5.3778,321.3,2003-09-05,52,10.1,D,2003,9,autumn,low
34.5846,-6.0572,328.9,2003-09-05,75,22.6,D,2003,9,autumn,medium
35.8149,-5.4385,316.4,2003-09-05,50,13.7,D,2003,9,autumn,low
34.5915,-6.0707,325.9,2003-09-06,63,14.9,D,2003,9,autumn,low
33.9681,-5.7624,327.5,2003-09-06,63,12.0,D,2003,9,autumn,low
34.4935,-4.8866,329.7,2003-09-07,71,15.6,D,2003,9,autumn,low
33.413,-6.5923,326.9,2003-09-07,65,9.4,D,2003,9,autumn,low
34.1002,-5.3933,328.8,2003-09-08,51,10.0,D,2003,9,autumn,low
34.1031,-4.7873,345.4,2003-09-08,89,36.6,D,2003,9,autumn,medium
35.0715,-4.8358,324.8,2003-09-08,40,7.3,D,2003,9,autumn,low
33.9127,-4.8988,327.0,2003-09-09,74,12.1,D,2003,9,autumn,low
34.287,-4.744,321.7,2003-09-09,63,6.6,D,2003,9,autumn,low
35.2155,-5.3377,319.7,2003-09-09,46,8.7,D,2003,9,autumn,low
33.8028,-5.1671,323.7,2003-09-09,65,8.0,D,2003,9,autumn,low
33.9142,-4.9096,321.9,2003-09-09,63,6.3,D,2003,9,autumn,low
35.4353,-5.4698,320.3,2003-09-10,47,5.5,D,2003,9,autumn,low
34.0376,-4.6944,330.9,2003-09-10,69,10.9,D,2003,9,autumn,low
34.2249,-5.3462,331.8,2003-09-10,71,10.6,D,2003,9,autumn,low
35.8759,-5.4945,314.9,2003-09-10,53,5.6,D,2003,9,autumn,low
35.6631,-5.4688,373.5,2003-09-10,100,299.6,N,2003,9,autumn,high
35.6614,-5.4871,311.5,2003-09-10,75,24.0,N,2003,9,autumn,medium
35.6647,-5.4518,307.1,2003-09-10,46,20.7,N,2003,9,autumn,medium
34.4854,-4.6694,325.8,2003-09-11,66,12.5,D,2003,9,autumn,low
34.4837,-4.6635,332.0,2003-09-11,77,22.1,D,2003,9,autumn,medium
34.4837,-4.6554,325.0,2003-09-11,64,11.6,D,2003,9,autumn,low
34.3195,-4.6462,322.8,2003-09-11,56,9.2,D,2003,9,autumn,low
33.789,-5.7235,333.1,2003-09-11,79,24.3,D,2003,9,autumn,medium
33.7906,-5.7391,339.1,2003-09-11,85,40.6,D,2003,9,autumn,medium
35.6966,-5.5087,319.1,2003-09-11,58,41.5,D,2003,9,autumn,medium
34.0855,-5.8129,341.3,2003-09-11,87,104.8,D,2003,9,autumn,high
34.1908,-5.1651,329.5,2003-09-11,71,39.5,D,2003,9,autumn,medium
34.0974,-5.8418,335.9,2003-09-11,81,69.4,D,2003,9,autumn,medium
34.0834,-5.8404,338.9,2003-09-11,84,87.6,D,2003,9,autumn,medium
34.0995,-5.8139,334.6,2003-09-11,79,62.3,D,2003,9,autumn,medium
33.6778,-6.3501,334.0,2003-09-12,75,20.1,D,2003,9,autumn,medium
35.4422,-5.6265,314.2,2003-09-12,52,7.4,D,2003,9,autumn,low
35.1382,-5.7646,333.0,2003-09-12,80,29.9,D,2003,9,autumn,medium
33.5391,-6.5525,336.0,2003-09-13,77,14.9,D,2003,9,autumn,low
33.9665,-5.7207,335.4,2003-09-13,77,21.1,D,2003,9,autumn,medium
34.0986,-4.7665,331.3,2003-09-14,72,14.0,D,2003,9,autumn,low
34.6713,-5.6164,329.7,2003-09-14,70,10.8,D,2003,9,autumn,low
34.101,-4.7805,335.7,2003-09-14,81,22.5,D,2003,9,autumn,medium
33.9461,-5.072,334.5,2003-09-14,79,20.6,D,2003,9,autumn,medium
33.8629,-5.6025,335.3,2003-09-14,80,21.3,D,2003,9,autumn,medium
34.0443,-4.7573,331.2,2003-09-14,72,27.7,D,2003,9,autumn,medium
34.0464,-4.7625,331.6,2003-09-14,73,29.6,D,2003,9,autumn,medium
33.3604,-6.6464,330.5,2003-09-15,63,8.2,D,2003,9,autumn,low
33.3589,-6.6576,334.8,2003-09-15,74,14.5,D,2003,9,autumn,low
35.4245,-5.7934,308.1,2003-09-15,59,43.8,N,2003,9,autumn,medium
35.3096,-5.4695,351.5,2003-09-16,95,56.5,D,2003,9,autumn,medium
34.9919,-5.2547,331.7,2003-09-16,80,21.4,D,2003,9,autumn,medium
33.9732,-5.7326,325.5,2003-09-16,65,7.2,D,2003,9,autumn,low
34.6891,-5.6441,326.2,2003-09-16,69,9.1,D,2003,9,autumn,low
34.6876,-5.6333,333.7,2003-09-16,80,18.5,D,2003,9,autumn,low
35.3093,-5.479,321.3,2003-09-16,68,70.9,D,2003,9,autumn,medium
35.3061,-5.4817,319.1,2003-09-16,61,58.9,D,2003,9,autumn,medium
34.6709,-5.6623,325.7,2003-09-17,74,56.3,D,2003,9,autumn,medium
33.9587,-4.8787,325.8,2003-09-17,60,8.5,D,2003,9,autumn,low
33.5773,-6.5904,336.9,2003-09-17,79,14.9,D,2003,9,autumn,low
33.9939,-5.6792,302.1,2003-09-18,47,34.5,N,2003,9,autumn,medium
34.032,-4.7731,323.6,2003-09-18,58,7.6,D,2003,9,autumn,low
34.0305,-4.7612,324.4,2003-09-18,61,8.7,D,2003,9,autumn,low
33.9263,-5.385,326.5,2003-09-18,66,9.4,D,2003,9,autumn,low
33.9279,-5.3974,327.3,2003-09-18,68,10.0,D,2003,9,autumn,low
34.7171,-4.3655,303.8,2003-09-18,57,12.2,N,2003,9,autumn,low
34.0963,-5.0645,325.2,2003-09-19,59,26.3,D,2003,9,autumn,medium
34.0848,-5.7554,328.5,2003-09-19,72,28.4,D,2003,9,autumn,medium
35.7628,-5.5478,313.6,2003-09-19,55,6.8,D,2003,9,autumn,low
35.6191,-5.4735,331.6,2003-09-19,84,27.8,D,2003,9,autumn,medium
34.3503,-5.471,333.1,2003-09-19,73,12.8,D,2003,9,autumn,low
35.1158,-4.6426,326.7,2003-09-19,70,14.3,D,2003,9,autumn,low
33.813,-5.3415,327.7,2003-09-20,51,24.8,D,2003,9,autumn,medium
33.3701,-6.5653,326.1,2003-09-22,68,11.3,D,2003,9,autumn,low
32.6624,-7.8381,327.5,2003-09-22,59,9.0,D,2003,9,autumn,low
33.3715,-6.5526,337.2,2003-09-22,84,31.1,D,2003,9,autumn,medium
33.7062,-6.2895,332.1,2003-09-22,75,22.5,D,2003,9,autumn,medium
34.3584,-5.9147,335.5,2003-09-22,83,37.8,D,2003,9,autumn,medium
35.4642,-5.5244,317.0,2003-09-23,48,5.4,D,2003,9,autumn,low
35.0735,-5.513,315.4,2003-09-23,45,4.6,D,2003,9,autumn,low
35.0783,-5.5082,326.7,2003-09-24,75,11.5,D,2003,9,autumn,low
35.3398,-5.6828,325.2,2003-09-24,69,11.8,D,2003,9,autumn,low
35.3489,-5.6845,353.5,2003-09-24,96,61.1,D,2003,9,autumn,medium
33.4782,-6.0506,322.4,2003-09-24,41,7.3,D,2003,9,autumn,low
34.7762,-5.9819,328.5,2003-09-24,73,11.1,D,2003,9,autumn,low
34.8743,-5.8718,324.1,2003-09-24,66,6.5,D,2003,9,autumn,low
35.102,-5.3975,330.3,2003-09-24,59,20.6,D,2003,9,autumn,medium
35.0874,-5.51,325.4,2003-09-24,69,9.9,D,2003,9,autumn,low
35.4371,-5.3551,338.0,2003-09-24,87,36.2,D,2003,9,autumn,medium
35.3504,-5.6734,327.4,2003-09-24,69,14.5,D,2003,9,autumn,low
33.9739,-4.6532,333.4,2003-09-25,84,21.0,D,2003,9,autumn,medium
34.4845,-4.8091,325.6,2003-09-25,75,12.9,D,2003,9,autumn,low
35.3116,-5.4566,301.3,2003-09-25,39,7.6,N,2003,9,autumn,low
34.059,-4.6873,324.5,2003-09-27,67,9.6,D,2003,9,autumn,low
35.1997,-5.1973,304.6,2003-09-28,61,8.0,N,2003,9,autumn,low
35.1128,-4.9548,319.9,2003-09-28,43,10.8,D,2003,9,autumn,low
35.1228,-4.9567,322.5,2003-09-28,62,14.8,D,2003,9,autumn,low
35.1914,-5.2032,323.1,2003-09-28,72,23.3,D,2003,9,autumn,medium
35.189,-5.2161,319.3,2003-09-28,65,17.8,D,2003,9,autumn,low
34.0091,-5.5881,328.2,2003-09-30,53,21.2,D,2003,9,autumn,medium
33.9352,-4.83,325.2,2003-10-01,79,26.8,D,2003,10,autumn,medium
34.6815,-5.6919,314.7,2003-10-02,42,6.6,D,2003,10,autumn,low
33.7017,-5.7445,321.3,2003-10-02,74,8.4,D,2003,10,autumn,low
33.1869,-6.1532,327.9,2003-10-03,53,12.1,D,2003,10,autumn,low
33.1886,-6.1424,332.7,2003-10-03,79,18.9,D,2003,10,autumn,low
33.988,-5.801,327.5,2003-10-03,71,8.3,D,2003,10,autumn,low
33.4575,-5.9366,320.4,2003-10-09,67,8.2,D,2003,10,autumn,low
34.1323,-5.1312,319.3,2003-10-09,64,5.5,D,2003,10,autumn,low
33.7371,-5.2565,317.3,2003-10-09,61,8.5,D,2003,10,autumn,low
33.063,-5.9025,320.4,2003-10-09,35,10.7,D,2003,10,autumn,low
32.8333,-7.064,324.3,2003-10-10,67,8.0,D,2003,10,autumn,low
32.9088,-5.8228,323.5,2003-10-10,67,8.7,D,2003,10,autumn,low
34.1469,-5.1533,316.6,2003-10-14,46,8.3,D,2003,10,autumn,low
33.2259,-6.1074,339.4,2003-10-16,86,45.6,D,2003,10,autumn,medium
33.2164,-6.1097,313.6,2003-10-16,49,7.5,D,2003,10,autumn,low
33.8885,-4.7078,319.9,2003-10-17,55,17.3,D,2003,10,autumn,low
33.887,-4.7215,325.3,2003-10-17,65,25.4,D,2003,10,autumn,medium
34.1315,-5.1259,315.7,2003-10-18,61,6.2,D,2003,10,autumn,low
33.2689,-5.9031,321.1,2003-10-18,77,13.6,D,2003,10,autumn,low
33.5958,-6.0511,301.5,2003-10-25,42,3.6,D,2003,10,autumn,low
32.8166,-7.0166,311.9,2003-10-30,65,8.2,D,2003,10,autumn,low
32.8149,-7.0237,312.5,2003-10-30,66,9.7,D,2003,10,autumn,low
34.982,-2.335,307.6,2003-11-07,57,5.6,D,2003,11,autumn,low
32.4682,-6.8132,310.7,2003-11-11,37,36.0,D,2003,11,autumn,medium
35.1349,-6.0636,303.5,2003-11-20,43,3.4,D,2003,11,autumn,low
35.126,-6.0616,306.6,2003-11-20,64,5.4,D,2003,11,autumn,low
32.4239,-6.8501,309.7,2004-01-23,66,7.8,D,2004,1,winter,low
30.1867,-9.6114,311.1,2004-01-26,60,5.5,D,2004,1,winter,low
31.9407,-7.2282,318.2,2004-02-02,72,28.3,D,2004,2,winter,medium
33.4421,-7.862,304.4,2004-03-04,54,5.4,D,2004,3,spring,low
34.4372,-5.935,307.0,2004-03-08,59,7.4,D,2004,3,spring,low
30.202,-6.4639,315.5,2004-03-15,56,17.6,D,2004,3,spring,low
34.4349,-5.9567,308.6,2004-03-17,64,6.9,D,2004,3,spring,low
34.4332,-5.9458,308.0,2004-03-17,63,6.5,D,2004,3,spring,low
35.081,-6.1122,313.7,2004-03-20,48,5.4,D,2004,3,spring,low
34.9646,-5.8919,307.9,2004-03-22,55,10.4,D,2004,3,spring,low
35.8729,-5.415,316.2,2004-03-24,65,16.5,D,2004,3,spring,low
34.6019,-6.0074,327.8,2004-03-25,82,23.5,D,2004,3,spring,medium
34.6034,-5.9953,331.4,2004-03-25,85,28.4,D,2004,3,spring,medium
33.1016,-4.8147,316.5,2004-04-01,67,14.7,D,2004,4,spring,low
33.1061,-4.8052,335.1,2004-04-01,87,52.7,D,2004,4,spring,medium
33.1033,-4.7991,334.9,2004-04-01,87,51.8,D,2004,4,spring,medium
33.1077,-4.7896,311.9,2004-04-01,57,8.6,D,2004,4,spring,low
34.9664,-5.9261,311.3,2004-04-07,57,10.5,D,2004,4,spring,low
35.0853,-6.1418,313.7,2004-04-07,56,10.9,D,2004,4,spring,low
35.0884,-6.1256,313.2,2004-04-07,50,9.4,D,2004,4,spring,low
34.9652,-6.1507,311.3,2004-04-12,52,4.3,D,2004,4,spring,low
35.0753,-6.1595,316.3,2004-04-12,73,8.5,D,2004,4,spring,low
32.291,-8.0317,320.6,2004-04-19,54,6.8,D,2004,4,spring,low
34.596,-6.1725,308.6,2004-04-23,48,8.2,D,2004,4,spring,low
34.454,-5.91,313.8,2004-04-23,61,11.8,D,2004,4,spring,low
34.5321,-6.2154,315.0,2004-04-25,59,8.4,D,2004,4,spring,low
32.8918,-4.4808,312.9,2004-05-05,39,5.2,D,2004,5,spring,low
32.2234,-6.9179,324.4,2004-05-28,46,9.4,D,2004,5,spring,low
34.729,-6.1514,312.6,2004-05-29,55,31.9,D,2004,5,spring,medium
34.721,-6.1415,312.9,2004-05-29,52,35.7,D,2004,5,spring,medium
34.2306,-2.5108,326.4,2004-05-31,53,10.0,D,2004,5,spring,low
34.3673,-6.0148,324.8,2004-06-01,63,14.1,D,2004,6,summer,low
34.1937,-6.6668,326.3,2004-06-03,60,14.6,D,2004,6,summer,low
34.0008,-4.8154,332.5,2004-06-03,73,21.4,D,2004,6,summer,medium
34.4807,-6.4249,307.0,2004-06-12,70,6.8,N,2004,6,summer,low
33.8674,-5.3735,331.0,2004-06-13,76,101.6,D,2004,6,summer,high
34.676,-6.0219,332.7,2004-06-13,74,16.1,D,2004,6,summer,low
35.1024,-6.1339,330.3,2004-06-14,33,12.4,D,2004,6,summer,low
33.8153,-5.905,335.9,2004-06-16,82,23.2,D,2004,6,summer,medium
35.0363,-5.8945,339.3,2004-06-17,86,31.7,D,2004,6,summer,medium
35.0341,-5.9075,332.8,2004-06-17,79,18.6,D,2004,6,summer,low
33.9306,-5.5111,327.0,2004-06-18,60,22.0,D,2004,6,summer,medium
33.9083,-5.6145,339.9,2004-06-18,85,65.0,D,2004,6,summer,medium
35.0874,-6.0114,365.5,2004-06-19,100,136.3,D,2004,6,summer,high
33.515,-5.455,334.3,2004-06-19,80,33.2,D,2004,6,summer,medium
35.0774,-6.0141,324.0,2004-06-19,74,18.4,D,2004,6,summer,low
34.415,-6.0626,324.3,2004-06-19,68,16.2,D,2004,6,summer,low
33.4938,-5.4604,345.1,2004-06-19,91,66.5,D,2004,6,summer,medium
33.5091,-5.4458,332.0,2004-06-19,70,34.6,D,2004,6,summer,medium
33.5108,-5.462,342.0,2004-06-19,88,69.7,D,2004,6,summer,medium
33.5052,-5.4653,334.8,2004-06-19,81,42.2,D,2004,6,summer,medium
34.3117,-5.7885,324.6,2004-06-20,58,9.4,D,2004,6,summer,low
34.5236,-6.3319,321.8,2004-06-21,74,6.1,D,2004,6,summer,low
34.4503,-6.1572,337.0,2004-06-21,88,25.6,D,2004,6,summer,medium
35.2009,-4.7166,320.9,2004-06-21,57,27.4,D,2004,6,summer,medium
35.091,-6.0212,317.7,2004-06-21,96,17.8,N,2004,6,summer,low
35.0928,-6.0096,301.1,2004-06-21,37,4.8,N,2004,6,summer,low
35.0717,-5.9419,318.5,2004-06-22,35,76.8,D,2004,6,summer,medium
35.0738,-5.95,321.0,2004-06-22,56,102.0,D,2004,6,summer,high
34.459,-6.3843,324.5,2004-06-23,45,10.4,D,2004,6,summer,low
33.9496,-5.4629,341.7,2004-06-26,83,34.4,D,2004,6,summer,medium
33.5992,-6.5312,335.2,2004-06-26,71,23.0,D,2004,6,summer,medium
33.9543,-5.4706,337.0,2004-06-26,76,22.9,D,2004,6,summer,medium
35.0779,-5.9694,327.2,2004-06-27,57,36.7,D,2004,6,summer,medium
35.1077,-5.9793,326.7,2004-06-27,57,17.4,D,2004,6,summer,low
35.1161,-5.9862,331.2,2004-06-27,76,30.9,D,2004,6,summer,medium
35.1059,-5.9975,336.3,2004-06-27,82,47.3,D,2004,6,summer,medium
35.1144,-6.0044,327.6,2004-06-27,64,23.9,D,2004,6,summer,medium
33.3708,-7.9195,333.6,2004-06-28,86,13.7,D,2004,6,summer,low
33.7529,-6.6253,369.3,2004-06-29,100,90.8,D,2004,6,summer,medium
34.133,-6.1682,350.7,2004-06-29,92,32.8,D,2004,6,summer,medium
34.1315,-6.18,348.4,2004-06-29,90,26.8,D,2004,6,summer,medium
33.3299,-6.631,344.9,2004-06-29,86,19.9,D,2004,6,summer,low
33.7346,-6.622,353.0,2004-06-29,94,41.3,D,2004,6,summer,medium
33.7331,-6.6333,353.5,2004-06-29,95,42.7,D,2004,6,summer,medium
33.7438,-6.6237,378.2,2004-06-29,100,125.6,D,2004,6,summer,high
33.7423,-6.635,373.6,2004-06-29,100,106.8,D,2004,6,summer,high
33.8116,-4.4335,336.3,2004-06-29,73,16.9,D,2004,6,summer,low
35.0368,-5.9583,353.0,2004-06-29,95,53.8,D,2004,6,summer,medium
35.0383,-5.9459,343.7,2004-06-29,87,29.7,D,2004,6,summer,medium
34.2345,-5.9039,334.7,2004-06-30,48,7.6,D,2004,6,summer,low
35.0982,-6.0227,305.7,2004-06-30,61,6.9,N,2004,6,summer,low
35.1005,-6.0094,312.0,2004-06-30,83,12.8,N,2004,6,summer,low
33.8923,-5.0189,326.8,2004-07-01,69,47.0,D,2004,7,summer,medium
34.9611,-3.7035,337.1,2004-07-01,76,18.4,D,2004,7,summer,low
34.5619,-6.0812,330.4,2004-07-02,67,16.3,D,2004,7,summer,low
34.3515,-2.197,341.4,2004-07-02,82,27.5,D,2004,7,summer,medium
34.3531,-2.2076,362.4,2004-07-02,100,75.0,D,2004,7,summer,medium
34.3282,-2.2001,345.5,2004-07-02,89,210.3,D,2004,7,summer,high
34.3325,-2.192,362.2,2004-07-02,100,438.6,D,2004,7,summer,high
34.3481,-2.1943,355.1,2004-07-02,96,331.9,D,2004,7,summer,high
34.3237,-2.2294,330.6,2004-07-02,65,69.8,D,2004,7,summer,medium
34.3348,-2.2399,335.9,2004-07-02,77,108.3,D,2004,7,summer,high
34.3392,-2.2324,347.3,2004-07-02,90,226.4,D,2004,7,summer,high
34.344,-2.2017,369.3,2004-07-02,100,561.0,D,2004,7,summer,high
32.9012,-6.3353,301.7,2004-07-03,43,4.8,N,2004,7,summer,low
32.5319,-5.8886,306.6,2004-07-03,66,8.1,N,2004,7,summer,low
32.5224,-5.8963,320.2,2004-07-03,100,18.9,N,2004,7,summer,low
32.5209,-5.8857,316.7,2004-07-03,94,15.8,N,2004,7,summer,low
34.5639,-6.0711,331.7,2004-07-05,64,21.1,D,2004,7,summer,medium
34.5665,-6.0851,351.4,2004-07-05,94,75.7,D,2004,7,summer,medium
34.0198,-5.6379,339.3,2004-07-05,85,38.2,D,2004,7,summer,medium
32.4332,-6.8775,330.0,2004-07-07,63,9.1,D,2004,7,summer,low
34.074,-4.7617,324.9,2004-07-07,63,39.3,D,2004,7,summer,medium
34.9734,-5.9195,314.8,2004-07-08,55,33.8,D,2004,7,summer,medium
35.1209,-6.0303,314.0,2004-07-08,36,38.0,D,2004,7,summer,medium
34.6948,-6.2138,329.8,2004-07-08,70,15.6,D,2004,7,summer,low
35.5724,-5.769,322.7,2004-07-08,43,9.1,D,2004,7,summer,low
35.5815,-5.7707,331.0,2004-07-08,80,18.6,D,2004,7,summer,low
33.8738,-5.6532,355.5,2004-07-09,97,59.5,D,2004,7,summer,medium
34.4127,-5.8381,339.1,2004-07-09,84,24.6,D,2004,7,summer,medium
33.8722,-5.642,373.2,2004-07-09,100,115.0,D,2004,7,summer,high
35.0196,-5.9099,319.6,2004-07-09,66,48.7,D,2004,7,summer,medium
35.5716,-5.7939,325.4,2004-07-09,74,119.1,D,2004,7,summer,high
35.5713,-5.7904,327.5,2004-07-09,76,141.7,D,2004,7,summer,high
35.0871,-5.9899,304.7,2004-07-09,61,11.5,N,2004,7,summer,low
34.9078,-4.8563,312.2,2004-07-10,84,14.2,N,2004,7,summer,low
33.2238,-7.6877,325.1,2004-07-10,38,9.7,D,2004,7,summer,low
34.7237,-6.2194,324.9,2004-07-11,57,13.9,D,2004,7,summer,low
34.0407,-5.5737,306.9,2004-07-12,70,8.1,N,2004,7,summer,low
33.7272,-5.4088,331.5,2004-07-13,73,34.7,D,2004,7,summer,medium
33.7269,-5.4149,329.2,2004-07-13,55,23.5,D,2004,7,summer,medium
33.9723,-4.601,336.7,2004-07-13,75,36.5,D,2004,7,summer,medium
33.9704,-4.6227,337.3,2004-07-13,76,39.1,D,2004,7,summer,medium
33.283,-8.0587,333.6,2004-07-14,69,11.4,D,2004,7,summer,low
34.438,-5.4602,329.3,2004-07-14,70,28.8,D,2004,7,summer,medium
33.8574,-4.7661,330.3,2004-07-15,74,74.9,D,2004,7,summer,medium
33.8581,-4.7919,323.4,2004-07-15,49,32.8,D,2004,7,summer,medium
33.856,-4.7589,329.8,2004-07-15,74,68.9,D,2004,7,summer,medium
34.2527,-5.2248,333.1,2004-07-15,68,14.2,D,2004,7,summer,low
32.4455,-6.8373,346.1,2004-07-15,88,30.1,D,2004,7,summer,medium
32.4537,-6.8457,344.9,2004-07-15,86,25.0,D,2004,7,summer,medium
32.444,-6.8481,349.3,2004-07-15,91,36.2,D,2004,7,summer,medium
34.3706,-5.7747,337.2,2004-07-15,78,22.8,D,2004,7,summer,medium
34.5537,-6.1019,325.5,2004-07-17,39,7.2,D,2004,7,summer,low
33.9513,-5.2973,334.8,2004-07-18,77,18.7,D,2004,7,summer,low
34.6604,-5.787,323.9,2004-07-19,44,19.8,D,2004,7,summer,low
33.4385,-5.9907,331.2,2004-07-21,74,17.9,D,2004,7,summer,low
34.0588,-5.6687,336.9,2004-07-23,78,59.8,D,2004,7,summer,medium
34.2423,-5.2439,315.6,2004-07-23,90,10.3,N,2004,7,summer,low
33.6536,-6.5068,335.6,2004-07-25,70,8.3,D,2004,7,summer,low
34.4744,-5.2859,338.0,2004-07-25,77,21.4,D,2004,7,summer,medium
34.7024,-2.6559,322.3,2004-07-25,100,19.0,N,2004,7,summer,low
34.7115,-2.6581,308.7,2004-07-25,64,6.7,N,2004,7,summer,low
33.9011,-5.3308,353.2,2004-07-27,95,71.1,D,2004,7,summer,medium
34.2092,-4.6569,333.7,2004-07-28,73,31.6,D,2004,7,summer,medium
33.7791,-6.8397,332.2,2004-07-28,63,27.6,D,2004,7,summer,medium
33.7713,-6.8178,373.3,2004-07-28,100,245.2,D,2004,7,summer,high
33.7677,-6.8362,344.5,2004-07-28,87,70.5,D,2004,7,summer,medium
33.7788,-6.8273,333.0,2004-07-28,53,27.4,D,2004,7,summer,medium
33.7826,-6.8213,333.3,2004-07-28,67,30.6,D,2004,7,summer,medium
32.5143,-6.7977,340.9,2004-07-29,85,96.2,D,2004,7,summer,medium
34.368,-5.1788,331.2,2004-07-29,67,20.9,D,2004,7,summer,medium
34.5883,-5.7285,335.5,2004-07-30,78,21.2,D,2004,7,summer,medium
33.7385,-5.3068,338.0,2004-07-30,82,27.7,D,2004,7,summer,medium
33.7975,-5.7605,329.8,2004-07-30,68,13.1,D,2004,7,summer,low
33.7953,-5.748,330.0,2004-07-30,69,13.3,D,2004,7,summer,low
34.5835,-5.7227,330.9,2004-07-30,69,15.0,D,2004,7,summer,low
34.5861,-5.7161,332.6,2004-07-30,73,16.4,D,2004,7,summer,low
34.575,-5.7316,331.1,2004-07-30,71,35.1,D,2004,7,summer,medium
33.484,-5.1889,305.0,2004-07-30,50,8.0,N,2004,7,summer,low
33.89,-5.6305,328.4,2004-07-31,66,91.6,D,2004,7,summer,medium
34.2934,-5.7215,328.6,2004-07-31,55,8.7,D,2004,7,summer,low
35.7506,-5.7193,325.0,2004-08-01,40,88.5,D,2004,8,summer,medium
33.7792,-5.486,332.4,2004-08-02,64,11.3,D,2004,8,summer,low
33.9199,-5.6509,331.1,2004-08-03,75,16.4,D,2004,8,summer,low
33.9563,-6.8,338.0,2004-08-04,81,42.9,D,2004,8,summer,medium
33.959,-6.7851,343.3,2004-08-04,87,56.3,D,2004,8,summer,medium
34.1121,-5.8655,340.6,2004-08-04,84,34.0,D,2004,8,summer,medium
34.2551,-4.4341,336.9,2004-08-05,80,35.1,D,2004,8,summer,medium
33.9216,-5.39,326.5,2004-08-05,64,19.0,D,2004,8,summer,low
34.4144,-5.5113,327.5,2004-08-06,64,14.8,D,2004,8,summer,low
35.0708,-5.986,327.7,2004-08-06,71,23.5,D,2004,8,summer,medium
35.0659,-6.0143,343.4,2004-08-06,90,90.3,D,2004,8,summer,medium
35.0814,-5.9983,320.3,2004-08-06,53,15.5,D,2004,8,summer,low
35.0698,-5.9948,353.0,2004-08-06,96,137.7,D,2004,8,summer,high
33.7697,-7.2039,325.1,2004-08-08,53,7.9,D,2004,8,summer,low
32.3591,-6.5082,324.9,2004-08-09,31,10.4,D,2004,8,summer,low
34.4128,-5.2219,328.8,2004-08-11,73,63.0,D,2004,8,summer,medium
33.8235,-6.6913,337.9,2004-08-11,83,32.1,D,2004,8,summer,medium
35.8703,-5.3816,334.1,2004-08-11,86,25.6,D,2004,8,summer,medium
34.3406,-5.2216,343.2,2004-08-11,87,28.2,D,2004,8,summer,medium
34.1861,-5.8595,328.0,2004-08-12,67,13.8,D,2004,8,summer,low
34.871,-4.9011,326.1,2004-08-12,61,10.8,D,2004,8,summer,low
33.7978,-6.8311,323.9,2004-08-12,52,12.9,D,2004,8,summer,low
33.6178,-6.6311,326.4,2004-08-12,63,14.9,D,2004,8,summer,low
33.7979,-6.8421,332.8,2004-08-12,77,35.9,D,2004,8,summer,medium
33.7997,-6.8488,325.4,2004-08-12,60,16.4,D,2004,8,summer,low
30.7746,-9.2652,373.7,2004-08-12,100,181.2,D,2004,8,summer,high
30.7641,-9.2636,342.8,2004-08-12,85,46.4,D,2004,8,summer,medium
30.7762,-9.2508,352.9,2004-08-12,94,80.7,D,2004,8,summer,medium
33.0678,-7.6035,330.1,2004-08-12,68,31.2,D,2004,8,summer,medium
35.3131,-5.6767,319.1,2004-08-12,63,25.1,D,2004,8,summer,medium
34.5064,-5.6926,328.9,2004-08-12,70,41.0,D,2004,8,summer,medium
33.8718,-4.7047,337.2,2004-08-13,81,60.3,D,2004,8,summer,medium
33.8673,-4.683,331.1,2004-08-13,71,37.0,D,2004,8,summer,medium
34.5754,-6.0821,333.0,2004-08-13,74,31.5,D,2004,8,summer,medium
33.0427,-7.7878,327.8,2004-08-14,67,59.1,D,2004,8,summer,medium
33.0428,-7.7951,326.4,2004-08-14,63,51.0,D,2004,8,summer,medium
33.5144,-5.4905,359.8,2004-08-15,99,84.9,D,2004,8,summer,medium
34.4855,-5.7389,332.4,2004-08-15,72,15.4,D,2004,8,summer,low
33.5271,-5.4962,336.3,2004-08-15,66,23.6,D,2004,8,summer,medium
33.5246,-5.4823,368.6,2004-08-15,100,123.4,D,2004,8,summer,high
33.5241,-5.4883,365.5,2004-08-15,100,107.1,D,2004,8,summer,high
33.5046,-5.4928,335.7,2004-08-15,63,18.1,D,2004,8,summer,low
33.5026,-5.5068,334.4,2004-08-15,67,43.8,D,2004,8,summer,medium
33.5078,-5.483,331.3,2004-08-15,48,29.4,D,2004,8,summer,medium
34.8541,-2.553,328.6,2004-08-15,49,17.7,D,2004,8,summer,low
34.4837,-5.7383,329.7,2004-08-15,67,27.1,D,2004,8,summer,medium
34.0277,-5.6204,309.5,2004-08-15,78,8.3,N,2004,8,summer,low
34.1583,-5.1216,336.6,2004-08-16,74,17.2,D,2004,8,summer,low
35.2585,-5.7865,327.1,2004-08-16,53,9.0,D,2004,8,summer,low
34.0959,-5.8253,325.5,2004-08-17,48,5.2,D,2004,8,summer,low
33.9944,-4.7228,328.9,2004-08-17,68,9.4,D,2004,8,summer,low
33.583,-6.7612,325.4,2004-08-17,76,68.4,D,2004,8,summer,medium
33.5812,-6.7535,324.5,2004-08-17,59,56.6,D,2004,8,summer,medium
34.7275,-3.9274,304.9,2004-08-17,62,7.7,N,2004,8,summer,low
34.5216,-5.7699,330.4,2004-08-18,67,9.5,D,2004,8,summer,low
34.1186,-5.813,338.6,2004-08-18,80,19.9,D,2004,8,summer,low
34.0039,-5.7825,330.8,2004-08-18,61,7.1,D,2004,8,summer,low
35.4376,-5.9493,325.0,2004-08-18,63,6.0,D,2004,8,summer,low
33.6871,-5.4208,326.5,2004-08-19,65,48.7,D,2004,8,summer,medium
33.7302,-6.5936,323.9,2004-08-19,55,31.3,D,2004,8,summer,medium
34.4016,-5.2489,337.0,2004-08-20,81,24.8,D,2004,8,summer,medium
34.997,-3.6747,326.9,2004-08-20,58,10.2,D,2004,8,summer,low
32.4741,-6.8312,334.3,2004-08-21,77,39.7,D,2004,8,summer,medium
29.9049,-9.1134,328.7,2004-08-21,64,11.0,D,2004,8,summer,low
34.9766,-4.7315,309.4,2004-08-22,56,11.0,N,2004,8,summer,low
34.9804,-4.7246,303.8,2004-08-22,35,6.4,N,2004,8,summer,low
33.8614,-5.5163,334.0,2004-08-22,74,22.4,D,2004,8,summer,medium
34.5639,-6.1185,327.1,2004-08-22,47,12.2,D,2004,8,summer,low
34.2912,-5.8589,334.7,2004-08-22,72,30.8,D,2004,8,summer,medium
33.7296,-6.6104,341.6,2004-08-23,83,27.7,D,2004,8,summer,medium
35.0082,-5.8012,339.0,2004-08-23,84,24.3,D,2004,8,summer,medium
34.5309,-5.6423,334.2,2004-08-23,67,11.2,D,2004,8,summer,low
34.6567,-5.8706,344.4,2004-08-23,87,34.8,D,2004,8,summer,medium
34.2999,-5.8904,338.7,2004-08-23,66,23.7,D,2004,8,summer,medium
35.2359,-5.7736,334.6,2004-08-23,79,21.4,D,2004,8,summer,medium
34.9796,-4.7403,365.2,2004-08-23,100,169.1,D,2004,8,summer,high
34.9817,-4.7204,338.2,2004-08-23,82,48.8,D,2004,8,summer,medium
34.9686,-4.7388,351.1,2004-08-23,94,96.8,D,2004,8,summer,medium
34.9704,-4.721,330.7,2004-08-23,61,28.1,D,2004,8,summer,medium
34.6465,-5.8685,339.4,2004-08-23,82,23.0,D,2004,8,summer,medium
35.2343,-5.7887,341.2,2004-08-23,86,37.2,D,2004,8,summer,medium
34.7697,-5.4916,324.1,2004-08-23,52,139.6,N,2004,8,summer,high
34.7616,-5.4331,341.8,2004-08-23,100,340.5,N,2004,8,summer,high
34.7509,-5.4762,355.3,2004-08-23,100,566.0,N,2004,8,summer,high
34.7647,-5.4404,359.5,2004-08-23,100,646.3,N,2004,8,summer,high
34.7534,-5.4847,361.5,2004-08-23,100,693.3,N,2004,8,summer,high
34.7817,-5.4438,319.1,2004-08-23,98,99.5,N,2004,8,summer,medium
34.785,-5.4497,312.9,2004-08-23,53,58.5,N,2004,8,summer,medium
34.796,-5.4296,325.3,2004-08-24,100,44.9,N,2004,8,summer,medium
34.7844,-5.4317,315.5,2004-08-24,89,22.8,N,2004,8,summer,medium
34.7978,-5.4487,332.3,2004-08-24,100,64.7,N,2004,8,summer,medium
34.7863,-5.4509,329.8,2004-08-24,100,57.4,N,2004,8,summer,medium
34.9449,-4.6953,337.5,2004-08-24,81,26.9,D,2004,8,summer,medium
35.1809,-5.7471,341.9,2004-08-24,87,29.1,D,2004,8,summer,medium
34.9806,-4.7366,326.9,2004-08-24,49,13.2,D,2004,8,summer,low
34.9655,-4.7034,325.3,2004-08-24,35,10.3,D,2004,8,summer,low
34.943,-4.6838,358.6,2004-08-24,99,76.3,D,2004,8,summer,medium
34.8318,-4.8423,341.7,2004-08-24,86,28.9,D,2004,8,summer,medium
34.8226,-4.8443,338.1,2004-08-24,81,22.7,D,2004,8,summer,medium
34.9036,-2.307,335.5,2004-08-24,80,31.0,D,2004,8,summer,medium
34.818,-5.4449,415.4,2004-08-24,100,357.1,D,2004,8,summer,high
34.8324,-5.4764,345.8,2004-08-24,89,37.4,D,2004,8,summer,medium
34.8306,-5.4652,357.8,2004-08-24,98,66.5,D,2004,8,summer,medium
34.8288,-5.4541,332.7,2004-08-24,70,15.7,D,2004,8,summer,low
34.8234,-5.4786,340.1,2004-08-24,62,23.6,D,2004,8,summer,medium
34.8216,-5.4674,359.5,2004-08-24,99,66.5,D,2004,8,summer,medium
34.7672,-5.4217,365.6,2004-08-24,100,81.8,D,2004,8,summer,medium
34.7691,-5.4331,352.4,2004-08-24,81,41.6,D,2004,8,summer,medium
34.7944,-5.4738,390.9,2004-08-24,100,184.5,D,2004,8,summer,high
34.7962,-5.485,368.8,2004-08-24,100,91.7,D,2004,8,summer,medium
34.7963,-5.4272,366.7,2004-08-24,100,81.6,D,2004,8,summer,medium
34.7981,-5.4384,423.1,2004-08-24,100,413.5,D,2004,8,summer,high
34.7999,-5.4496,355.6,2004-08-24,68,47.5,D,2004,8,summer,medium
34.8054,-5.425,367.5,2004-08-24,100,88.8,D,2004,8,summer,medium
34.8072,-5.4361,465.5,2004-08-24,100,968.0,D,2004,8,summer,high
34.8089,-5.4473,413.1,2004-08-24,100,328.8,D,2004,8,summer,high
34.8107,-5.4584,367.9,2004-08-24,98,88.2,D,2004,8,summer,medium
34.8125,-5.4696,368.1,2004-08-24,88,86.4,D,2004,8,summer,medium
34.8162,-5.4338,404.5,2004-08-24,100,275.3,D,2004,8,summer,high
34.8198,-5.4561,370.1,2004-08-24,100,98.7,D,2004,8,summer,medium
34.7681,-5.4365,393.0,2004-08-24,100,804.8,D,2004,8,summer,high
34.7615,-5.4655,337.8,2004-08-24,56,68.0,D,2004,8,summer,medium
34.7882,-5.4123,348.5,2004-08-24,81,149.9,D,2004,8,summer,high
34.7821,-5.4394,381.1,2004-08-24,100,562.5,D,2004,8,summer,high
34.8021,-5.4156,364.8,2004-08-24,94,336.2,D,2004,8,summer,high
34.7958,-5.4438,398.4,2004-08-24,94,938.3,D,2004,8,summer,high
34.8154,-5.4217,354.2,2004-08-24,91,231.2,D,2004,8,summer,high
34.9373,-4.6785,332.0,2004-08-24,71,58.6,D,2004,8,summer,medium
34.9321,-4.7022,335.2,2004-08-24,78,72.0,D,2004,8,summer,medium
34.951,-4.6794,352.1,2004-08-24,95,186.1,D,2004,8,summer,high
34.9452,-4.7059,355.3,2004-08-24,97,212.9,D,2004,8,summer,high
34.7539,-5.4342,336.7,2004-08-24,80,65.2,D,2004,8,summer,medium
34.7578,-5.4598,342.0,2004-08-24,86,100.0,D,2004,8,summer,high
34.7639,-5.4322,376.5,2004-08-24,100,490.8,D,2004,8,summer,high
34.77,-5.4045,348.1,2004-08-24,92,152.5,D,2004,8,summer,high
34.7742,-5.4096,377.2,2004-08-24,100,500.0,D,2004,8,summer,high
32.4405,-6.1456,353.1,2004-08-24,100,85.5,N,2004,8,summer,medium
32.4384,-6.1587,318.4,2004-08-24,97,19.4,N,2004,8,summer,low
34.1232,-5.4039,313.9,2004-08-24,63,11.8,N,2004,8,summer,low
34.7677,-5.4222,312.8,2004-08-24,48,13.3,N,2004,8,summer,low
34.8039,-5.4827,311.5,2004-08-24,66,9.2,N,2004,8,summer,low
34.8021,-5.4939,313.0,2004-08-24,79,9.8,N,2004,8,summer,low
34.7785,-5.4131,315.1,2004-08-24,47,14.8,N,2004,8,summer,low
34.8055,-5.4869,307.9,2004-08-25,72,9.8,N,2004,8,summer,low
33.7323,-5.1705,310.6,2004-08-25,80,18.2,N,2004,8,summer,low
34.8087,-5.4964,343.1,2004-08-25,87,29.3,D,2004,8,summer,medium
34.9707,-4.746,339.9,2004-08-25,84,31.1,D,2004,8,summer,medium
34.9502,-4.6809,349.4,2004-08-25,92,53.1,D,2004,8,summer,medium
34.9488,-4.6923,351.7,2004-08-25,94,57.5,D,2004,8,summer,medium
33.7499,-6.7106,357.1,2004-08-25,98,54.8,D,2004,8,summer,medium
33.7514,-6.6999,339.4,2004-08-25,81,18.1,D,2004,8,summer,low
34.9776,-4.742,334.8,2004-08-25,79,20.5,D,2004,8,summer,medium
34.7919,-4.8385,337.2,2004-08-25,48,18.9,D,2004,8,summer,low
34.7996,-5.4947,352.2,2004-08-25,95,47.9,D,2004,8,summer,medium
35.3179,-5.4053,332.2,2004-08-25,66,13.1,D,2004,8,summer,low
35.2696,-4.8895,337.5,2004-08-26,81,33.8,D,2004,8,summer,medium
35.2612,-4.8963,327.8,2004-08-27,56,13.6,D,2004,8,summer,low
35.2841,-4.8784,304.3,2004-08-27,59,12.4,N,2004,8,summer,low
35.4387,-5.5822,358.9,2004-08-28,99,319.9,D,2004,8,summer,high
35.4422,-5.5549,338.4,2004-08-28,89,124.5,D,2004,8,summer,high
35.44,-5.5879,350.2,2004-08-28,95,225.3,D,2004,8,summer,high
35.7324,-5.4786,319.0,2004-08-28,58,24.7,D,2004,8,summer,medium
35.441,-5.5494,327.5,2004-08-28,81,57.8,D,2004,8,summer,medium
35.2649,-4.8934,310.2,2004-08-28,70,22.9,N,2004,8,summer,medium
35.261,-4.9126,309.4,2004-08-28,66,21.2,N,2004,8,summer,medium
35.2634,-4.9008,307.4,2004-08-29,71,7.6,N,2004,8,summer,low
35.2582,-4.9072,322.1,2004-08-29,44,21.7,D,2004,8,summer,medium
34.9668,-2.1465,324.1,2004-08-29,63,29.1,D,2004,8,summer,medium
34.5255,-5.185,334.3,2004-08-29,78,24.1,D,2004,8,summer,medium
34.9975,-3.1009,327.9,2004-08-30,66,15.6,D,2004,8,summer,low
35.0141,-6.1553,328.8,2004-08-30,61,26.4,D,2004,8,summer,medium
35.1387,-5.6801,307.3,2004-08-31,71,13.3,N,2004,8,summer,low
35.1348,-5.6867,302.7,2004-08-31,51,8.6,N,2004,8,summer,low
33.8807,-6.4227,330.1,2004-08-31,69,11.5,D,2004,8,summer,low
34.9779,-3.058,330.7,2004-09-01,71,22.5,D,2004,9,autumn,medium
34.9888,-3.0525,327.1,2004-09-01,61,13.7,D,2004,9,autumn,low
34.9776,-3.0509,334.6,2004-09-01,78,32.9,D,2004,9,autumn,medium
34.498,-5.4667,325.6,2004-09-01,59,8.5,D,2004,9,autumn,low
35.1667,-5.1934,348.8,2004-09-02,94,55.5,D,2004,9,autumn,medium
35.1756,-5.1914,317.4,2004-09-02,64,11.9,D,2004,9,autumn,low
35.1651,-5.1825,328.1,2004-09-02,80,22.1,D,2004,9,autumn,medium
35.124,-6.0591,311.9,2004-09-03,44,22.4,D,2004,9,autumn,medium
35.1227,-6.0524,312.2,2004-09-03,41,23.6,D,2004,9,autumn,medium
35.1216,-6.0623,326.5,2004-09-03,79,17.5,D,2004,9,autumn,low
34.2471,-4.7714,329.9,2004-09-04,75,13.3,D,2004,9,autumn,low
34.415,-5.5313,324.7,2004-09-04,64,10.0,D,2004,9,autumn,low
35.6108,-5.8358,321.5,2004-09-04,74,14.6,D,2004,9,autumn,low
34.0747,-5.7597,321.7,2004-09-04,61,29.9,D,2004,9,autumn,medium
34.077,-5.7212,322.5,2004-09-04,63,33.5,D,2004,9,autumn,medium
35.3144,-5.7808,323.8,2004-09-05,65,31.4,D,2004,9,autumn,medium
34.2802,-5.4755,327.2,2004-09-05,58,10.7,D,2004,9,autumn,low
34.2781,-5.4883,326.8,2004-09-05,62,9.3,D,2004,9,autumn,low
34.2812,-5.4815,327.6,2004-09-05,66,11.9,D,2004,9,autumn,low
34.7438,-6.0777,322.0,2004-09-06,58,17.4,D,2004,9,autumn,low
35.5342,-5.3446,317.0,2004-09-06,65,14.7,D,2004,9,autumn,low
34.5565,-5.7517,312.0,2004-09-07,84,15.8,N,2004,9,autumn,low
32.8175,-4.5433,319.2,2004-09-08,37,28.6,D,2004,9,autumn,medium
33.6653,-6.6145,327.8,2004-09-08,68,10.4,D,2004,9,autumn,low
34.3997,-5.5483,329.4,2004-09-11,69,11.8,D,2004,9,autumn,low
34.1019,-5.8601,330.5,2004-09-11,68,11.1,D,2004,9,autumn,low
33.5503,-5.3932,324.9,2004-09-11,51,5.7,D,2004,9,autumn,low
33.5518,-5.4042,333.6,2004-09-11,80,16.9,D,2004,9,autumn,low
33.2607,-5.9679,330.6,2004-09-11,74,10.4,D,2004,9,autumn,low
33.2622,-5.9792,336.3,2004-09-11,82,19.2,D,2004,9,autumn,low
34.0184,-5.7951,334.2,2004-09-11,76,15.2,D,2004,9,autumn,low
33.2563,-5.99,333.2,2004-09-11,47,135.1,D,2004,9,autumn,high
34.4024,-5.2465,326.6,2004-09-13,75,17.6,D,2004,9,autumn,low
33.7581,-5.729,321.3,2004-09-16,57,5.0,D,2004,9,autumn,low
33.7584,-5.5563,331.0,2004-09-16,78,18.9,D,2004,9,autumn,low
32.4737,-6.7906,348.4,2004-09-16,93,50.8,D,2004,9,autumn,medium
32.4756,-6.8023,338.0,2004-09-16,84,27.4,D,2004,9,autumn,medium
33.7531,-6.5636,330.1,2004-09-16,76,16.2,D,2004,9,autumn,low
35.7417,-5.5085,317.3,2004-09-16,66,25.7,D,2004,9,autumn,medium
34.098,-4.7902,335.4,2004-09-17,77,20.5,D,2004,9,autumn,medium
35.087,-2.3631,321.0,2004-09-18,46,7.4,D,2004,9,autumn,low
33.976,-5.7312,328.9,2004-09-18,69,8.7,D,2004,9,autumn,low
33.8763,-5.6811,332.2,2004-09-18,76,13.5,D,2004,9,autumn,low
35.1924,-5.0745,324.8,2004-09-19,69,15.4,D,2004,9,autumn,low
33.4985,-5.3876,338.2,2004-09-19,83,19.7,D,2004,9,autumn,low
35.1939,-5.0636,319.9,2004-09-19,54,10.4,D,2004,9,autumn,low
35.7798,-5.5521,318.7,2004-09-19,62,5.6,D,2004,9,autumn,low
35.7231,-5.5004,321.6,2004-09-19,44,8.7,D,2004,9,autumn,low
35.589,-5.5996,315.0,2004-09-20,53,29.6,D,2004,9,autumn,medium
33.5032,-7.6763,331.4,2004-09-21,76,34.3,D,2004,9,autumn,medium
33.5039,-7.6884,325.1,2004-09-21,64,17.9,D,2004,9,autumn,low
33.5003,-7.6706,325.3,2004-09-21,64,18.5,D,2004,9,autumn,low
29.6626,-9.7,333.8,2004-09-21,75,31.3,D,2004,9,autumn,medium
35.7769,-5.489,331.9,2004-09-21,84,29.3,D,2004,9,autumn,medium
35.7748,-5.5017,318.5,2004-09-21,48,10.8,D,2004,9,autumn,low
35.7727,-5.514,319.6,2004-09-21,65,11.4,D,2004,9,autumn,low
34.5913,-3.5396,336.5,2004-09-21,80,26.1,D,2004,9,autumn,medium
35.7633,-5.5112,319.0,2004-09-21,51,10.2,D,2004,9,autumn,low
35.3021,-5.6645,325.7,2004-09-21,69,11.9,D,2004,9,autumn,low
34.581,-5.7137,334.3,2004-09-21,78,20.7,D,2004,9,autumn,medium
35.4447,-5.6396,330.7,2004-09-21,100,49.7,N,2004,9,autumn,medium
35.4493,-5.6464,319.6,2004-09-21,99,28.8,N,2004,9,autumn,medium
35.4509,-5.6302,319.3,2004-09-21,98,29.2,N,2004,9,autumn,medium
35.4469,-5.6258,328.3,2004-09-22,75,39.5,D,2004,9,autumn,medium
35.4487,-5.6451,323.7,2004-09-22,68,26.6,D,2004,9,autumn,medium
35.3284,-5.6578,303.4,2004-09-23,55,8.0,N,2004,9,autumn,low
35.7723,-5.552,315.4,2004-09-23,60,9.2,D,2004,9,autumn,low
34.3611,-5.9251,323.4,2004-09-23,75,25.9,D,2004,9,autumn,medium
34.361,-5.9157,322.8,2004-09-23,34,24.0,D,2004,9,autumn,medium
34.8662,-4.357,323.0,2004-09-24,58,22.7,D,2004,9,autumn,medium
34.8179,-4.849,322.4,2004-09-24,50,12.5,D,2004,9,autumn,low
35.5462,-5.3274,316.7,2004-09-24,50,8.0,D,2004,9,autumn,low
32.3594,-6.443,323.0,2004-09-25,51,7.2,D,2004,9,autumn,low
34.0904,-4.7875,323.7,2004-09-25,71,9.7,D,2004,9,autumn,low
33.4101,-5.3269,324.8,2004-09-26,47,8.4,D,2004,9,autumn,low
35.2145,-5.5826,319.6,2004-09-26,64,6.7,D,2004,9,autumn,low
33.8,-5.876,328.4,2004-09-27,74,13.4,D,2004,9,autumn,low
34.3756,-5.9164,322.2,2004-09-27,52,8.6,D,2004,9,autumn,low
34.3741,-5.905,322.8,2004-09-27,63,8.3,D,2004,9,autumn,low
34.9828,-3.0779,325.7,2004-09-27,72,9.7,D,2004,9,autumn,low
32.8996,-5.6115,327.7,2004-09-27,56,10.6,D,2004,9,autumn,low
34.3678,-5.9447,322.2,2004-09-27,62,55.3,D,2004,9,autumn,medium
34.37,-5.9002,323.6,2004-09-27,68,65.0,D,2004,9,autumn,medium
34.3624,-5.936,329.6,2004-09-27,79,116.5,D,2004,9,autumn,high
35.8269,-5.5204,314.2,2004-09-27,84,20.0,N,2004,9,autumn,medium
35.7769,-5.7383,320.3,2004-09-27,100,27.6,N,2004,9,autumn,medium
35.7797,-5.723,350.8,2004-09-27,100,101.7,N,2004,9,autumn,high
35.7666,-5.7354,319.0,2004-09-27,97,25.7,N,2004,9,autumn,medium
35.7695,-5.7195,379.1,2004-09-27,100,239.7,N,2004,9,autumn,high
35.7723,-5.7046,305.7,2004-09-27,35,10.4,N,2004,9,autumn,low
34.3705,-5.9225,342.9,2004-09-28,88,35.9,D,2004,9,autumn,medium
33.7439,-6.5806,326.8,2004-09-28,60,9.7,D,2004,9,autumn,low
35.3105,-6.0165,325.7,2004-09-28,74,9.5,D,2004,9,autumn,low
34.478,-5.5288,321.2,2004-09-29,39,10.4,D,2004,9,autumn,low
35.8746,-5.4518,318.1,2004-09-30,69,23.4,D,2004,9,autumn,medium
35.8765,-5.4578,311.3,2004-09-30,40,12.2,D,2004,9,autumn,low
33.737,-5.2618,322.8,2004-09-30,36,10.3,D,2004,9,autumn,low
35.6879,-5.555,322.7,2004-09-30,76,17.5,D,2004,9,autumn,low
35.6519,-5.7744,307.5,2004-09-30,55,9.8,N,2004,9,autumn,low
33.9981,-4.8189,326.5,2004-10-01,74,24.9,D,2004,10,autumn,medium
34.0021,-4.8128,324.3,2004-10-01,70,20.8,D,2004,10,autumn,medium
35.2269,-6.1069,321.3,2004-10-02,55,8.9,D,2004,10,autumn,low
34.0621,-4.6301,327.3,2004-10-02,73,17.6,D,2004,10,autumn,low
35.0241,-3.6289,320.5,2004-10-02,50,21.8,D,2004,10,autumn,medium
35.2173,-5.7722,347.5,2004-10-02,94,143.2,D,2004,10,autumn,high
35.2226,-5.7475,343.4,2004-10-02,92,120.7,D,2004,10,autumn,high
35.0272,-3.613,319.5,2004-10-02,36,18.5,D,2004,10,autumn,low
33.7933,-4.9731,326.0,2004-10-03,52,13.3,D,2004,10,autumn,low
33.7947,-4.9606,325.5,2004-10-03,58,12.6,D,2004,10,autumn,low
33.8838,-5.6611,330.1,2004-10-03,70,10.9,D,2004,10,autumn,low
35.6846,-5.6117,314.2,2004-10-05,59,5.7,D,2004,10,autumn,low
35.254,-5.5446,336.8,2004-10-07,86,92.7,D,2004,10,autumn,medium
34.1995,-5.3667,328.6,2004-10-07,78,53.1,D,2004,10,autumn,medium
35.2417,-5.5486,327.1,2004-10-07,77,50.9,D,2004,10,autumn,medium
35.2583,-5.5647,319.2,2004-10-07,41,24.2,D,2004,10,autumn,medium
34.921,-2.998,319.2,2004-10-07,45,27.3,D,2004,10,autumn,medium
35.0016,-2.6739,319.3,2004-10-07,52,39.1,D,2004,10,autumn,medium
35.0094,-2.707,320.9,2004-10-07,57,45.4,D,2004,10,autumn,medium
35.0069,-2.7033,326.0,2004-10-07,69,70.7,D,2004,10,autumn,medium
35.0013,-2.7066,345.6,2004-10-07,91,39.4,D,2004,10,autumn,medium
34.994,-2.6939,323.1,2004-10-07,46,6.1,D,2004,10,autumn,low
34.9098,-3.0169,324.1,2004-10-07,38,7.3,D,2004,10,autumn,low
34.9009,-3.0149,324.9,2004-10-07,50,7.6,D,2004,10,autumn,low
35.188,-6.0974,316.0,2004-10-07,38,7.7,D,2004,10,autumn,low
35.7552,-5.6222,322.3,2004-10-07,75,11.6,D,2004,10,autumn,low
35.2487,-5.5591,348.7,2004-10-07,94,61.3,D,2004,10,autumn,medium
35.2509,-5.5458,348.5,2004-10-07,94,62.3,D,2004,10,autumn,medium
35.2526,-5.5519,347.7,2004-10-07,93,60.8,D,2004,10,autumn,medium
35.2503,-5.5651,326.1,2004-10-07,72,16.4,D,2004,10,autumn,low
35.3422,-5.6902,321.3,2004-10-07,43,9.9,D,2004,10,autumn,low
35.3445,-5.677,319.7,2004-10-07,38,8.8,D,2004,10,autumn,low
34.33,-5.2676,328.4,2004-10-07,72,14.2,D,2004,10,autumn,low
35.0028,-2.6959,344.3,2004-10-07,90,37.0,D,2004,10,autumn,medium
34.9924,-2.7047,329.7,2004-10-07,74,14.2,D,2004,10,autumn,low
35.534,-5.8887,318.2,2004-10-07,69,7.9,D,2004,10,autumn,low
35.3504,-5.6749,337.2,2004-10-08,88,94.2,D,2004,10,autumn,medium
35.0531,-4.9536,336.1,2004-10-08,100,147.1,N,2004,10,autumn,high
35.0603,-4.9628,328.6,2004-10-08,100,107.4,N,2004,10,autumn,high
35.0655,-4.9611,302.2,2004-10-08,48,24.7,N,2004,10,autumn,medium
35.0477,-4.9565,312.8,2004-10-08,80,49.9,N,2004,10,autumn,medium
35.0527,-4.944,303.2,2004-10-09,54,10.2,N,2004,10,autumn,low
34.2187,-4.9118,317.7,2004-10-09,72,13.8,D,2004,10,autumn,low
34.498,-5.2286,313.9,2004-10-11,58,5.9,D,2004,10,autumn,low
35.3622,-5.4472,319.8,2004-10-13,74,13.8,D,2004,10,autumn,low
34.7128,-6.0236,315.1,2004-10-13,59,6.0,D,2004,10,autumn,low
35.3638,-5.4589,316.5,2004-10-13,69,11.0,D,2004,10,autumn,low
34.8858,-4.9245,314.1,2004-10-13,50,6.4,D,2004,10,autumn,low
34.4814,-5.4335,329.7,2004-10-14,82,22.6,D,2004,10,autumn,medium
35.0487,-5.701,323.7,2004-10-14,81,21.1,D,2004,10,autumn,medium
35.1446,-5.6842,305.9,2004-10-14,34,5.7,D,2004,10,autumn,low
33.614,-7.3115,314.5,2004-10-14,46,7.6,D,2004,10,autumn,low
35.5635,-5.4336,313.4,2004-10-14,51,6.3,D,2004,10,autumn,low
35.6523,-5.694,313.3,2004-10-14,49,7.2,D,2004,10,autumn,low
33.1732,-5.948,319.1,2004-10-15,69,13.1,D,2004,10,autumn,low
33.1716,-5.9329,323.9,2004-10-15,76,21.7,D,2004,10,autumn,medium
33.7991,-6.2293,319.6,2004-10-15,72,30.2,D,2004,10,autumn,medium
34.0724,-5.7227,314.9,2004-10-15,65,23.2,D,2004,10,autumn,medium
33.8033,-6.2217,322.0,2004-10-15,75,36.4,D,2004,10,autumn,medium
35.3003,-6.0385,310.2,2004-10-16,34,11.3,D,2004,10,autumn,low
32.4567,-6.8249,334.6,2004-10-16,85,48.3,D,2004,10,autumn,medium
32.4574,-6.8313,334.4,2004-10-16,85,49.8,D,2004,10,autumn,medium
32.4542,-6.8144,318.5,2004-10-16,64,13.5,D,2004,10,autumn,low
33.4724,-5.2325,333.9,2004-10-16,85,42.7,D,2004,10,autumn,medium
33.8873,-5.648,326.6,2004-10-16,78,26.6,D,2004,10,autumn,medium
33.8843,-5.6639,328.5,2004-10-16,80,30.6,D,2004,10,autumn,medium
34.0028,-4.5723,316.9,2004-10-16,60,7.7,D,2004,10,autumn,low
34.0004,-4.586,323.6,2004-10-16,73,17.4,D,2004,10,autumn,low
34.9508,-4.9301,313.2,2004-10-16,61,9.5,D,2004,10,autumn,low
34.6039,-3.9728,317.4,2004-10-17,60,18.7,D,2004,10,autumn,low
33.1734,-5.1709,314.4,2004-10-17,52,15.9,D,2004,10,autumn,low
33.0444,-5.3034,314.1,2004-10-17,40,15.0,D,2004,10,autumn,low
33.8116,-6.8972,315.6,2004-10-17,37,9.4,D,2004,10,autumn,low
34.9211,-2.9049,314.0,2004-10-17,35,15.0,D,2004,10,autumn,low
34.9073,-2.9021,316.0,2004-10-17,58,22.2,D,2004,10,autumn,medium
34.9142,-2.9277,316.9,2004-10-17,60,25.2,D,2004,10,autumn,medium
34.9164,-2.8992,319.1,2004-10-17,66,33.2,D,2004,10,autumn,medium
35.3886,-5.7592,312.3,2004-10-17,54,10.6,D,2004,10,autumn,low
33.9698,-6.506,314.4,2004-10-19,61,8.7,D,2004,10,autumn,low
33.4069,-6.7388,318.7,2004-10-20,60,7.2,D,2004,10,autumn,low
33.4084,-6.7496,323.9,2004-10-20,72,12.4,D,2004,10,autumn,low
33.2676,-5.8371,318.4,2004-10-20,61,6.5,D,2004,10,autumn,low
35.2706,-5.7584,310.5,2004-10-21,65,5.7,D,2004,10,autumn,low
35.2482,-5.5755,323.2,2004-10-23,74,38.0,D,2004,10,autumn,medium
35.2435,-5.5615,316.5,2004-10-23,42,23.2,D,2004,10,autumn,medium
35.2137,-5.6534,318.3,2004-10-23,46,9.2,D,2004,10,autumn,low
35.2504,-5.5555,345.7,2004-10-23,93,56.9,D,2004,10,autumn,medium
35.2481,-5.5686,359.0,2004-10-23,99,93.9,D,2004,10,autumn,medium
35.2599,-5.5581,322.5,2004-10-23,65,15.3,D,2004,10,autumn,low
35.2576,-5.5713,327.5,2004-10-23,79,20.9,D,2004,10,autumn,medium
34.9316,-5.6701,320.1,2004-10-23,49,7.7,D,2004,10,autumn,low
35.3624,-5.3802,319.5,2004-10-23,68,10.0,D,2004,10,autumn,low
35.1261,-5.678,317.5,2004-10-23,38,8.7,D,2004,10,autumn,low
32.8857,-8.0421,324.5,2004-10-23,69,23.8,D,2004,10,autumn,medium
34.8425,-2.1029,339.7,2004-10-23,90,35.6,D,2004,10,autumn,medium
32.8894,-8.0235,325.7,2004-10-23,71,27.1,D,2004,10,autumn,medium
32.8898,-8.0362,330.8,2004-10-23,78,41.8,D,2004,10,autumn,medium
34.7036,-4.7635,322.6,2004-10-23,53,8.7,D,2004,10,autumn,low
34.7017,-4.775,339.6,2004-10-23,87,35.7,D,2004,10,autumn,medium
34.7111,-4.7771,334.6,2004-10-23,83,27.1,D,2004,10,autumn,medium
35.1172,-3.7433,321.5,2004-10-23,62,8.8,D,2004,10,autumn,low
35.1839,-5.6909,319.5,2004-10-23,68,13.7,D,2004,10,autumn,low
35.1883,-5.6849,318.7,2004-10-23,66,12.3,D,2004,10,autumn,low
33.6345,-5.9677,319.6,2004-10-24,70,15.5,D,2004,10,autumn,low
33.7277,-6.9856,314.2,2004-10-27,70,7.1,D,2004,10,autumn,low
30.1881,-9.3561,332.4,2004-11-02,84,23.6,D,2004,11,autumn,medium
30.1867,-9.3665,325.3,2004-11-02,77,14.7,D,2004,11,autumn,low
30.1521,-9.3495,314.8,2004-11-02,56,5.1,D,2004,11,autumn,low
30.1791,-9.3544,314.4,2004-11-02,42,4.1,D,2004,11,autumn,low
30.182,-9.3334,318.0,2004-11-02,65,7.4,D,2004,11,autumn,low
31.0681,-8.649,325.6,2004-11-03,81,22.1,D,2004,11,autumn,medium
31.077,-8.6474,327.1,2004-11-03,83,24.6,D,2004,11,autumn,medium
33.8118,-6.9818,306.2,2004-11-13,54,6.3,D,2004,11,autumn,low
33.1506,-5.9472,305.4,2004-11-18,42,7.8,D,2004,11,autumn,low
33.15,-5.9415,308.7,2004-11-18,61,13.1,D,2004,11,autumn,low
34.909,-3.2288,320.4,2004-12-17,80,16.3,D,2004,12,winter,low
32.2664,-6.6275,301.1,2004-12-21,45,5.2,D,2004,12,winter,low
30.4821,-9.3192,306.3,2004-12-30,62,5.3,D,2004,12,winter,low
35.6452,-5.3477,313.2,2005-01-02,57,10.9,D,2005,1,winter,low
34.8537,-4.3043,306.5,2005-01-10,60,10.2,D,2005,1,winter,low
34.8845,-3.0688,305.7,2005-01-11,60,6.3,D,2005,1,winter,low
34.7217,-6.1486,308.7,2005-01-14,65,8.4,D,2005,1,winter,low
35.1399,-4.9909,314.1,2005-01-22,74,17.1,D,2005,1,winter,low
34.8875,-5.265,300.2,2005-01-26,32,6.6,D,2005,1,winter,low
34.1188,-6.2899,302.1,2005-01-31,50,4.7,D,2005,1,winter,low
34.1099,-6.2919,303.4,2005-01-31,56,5.5,D,2005,1,winter,low
34.6023,-6.2082,302.4,2005-02-02,52,6.1,D,2005,2,winter,low
34.7082,-4.7533,307.3,2005-02-03,56,5.0,D,2005,2,winter,low
35.182,-5.5833,305.5,2005-02-03,59,4.7,D,2005,2,winter,low
34.8395,-5.226,304.0,2005-02-03,41,4.0,D,2005,2,winter,low
34.5484,-6.0365,317.8,2005-02-12,76,18.5,D,2005,2,winter,low
35.1027,-6.2,308.0,2005-02-14,50,7.7,D,2005,2,winter,low
34.6254,-6.2552,308.1,2005-02-15,62,7.4,D,2005,2,winter,low
35.4102,-5.9828,307.0,2005-02-16,65,6.3,D,2005,2,winter,low
33.1228,-8.1025,307.0,2005-02-17,54,4.3,D,2005,2,winter,low
34.73,-6.0756,326.1,2005-02-18,84,26.2,D,2005,2,winter,medium
35.4195,-5.7267,303.2,2005-02-18,44,6.1,D,2005,2,winter,low
34.7285,-6.0638,310.2,2005-02-18,70,9.6,D,2005,2,winter,low
34.5964,-2.3449,302.6,2005-02-18,53,3.6,D,2005,2,winter,low
34.2802,-6.2061,300.9,2005-02-18,43,35.7,D,2005,2,winter,medium
34.2816,-6.2042,300.5,2005-02-18,38,33.4,D,2005,2,winter,medium
35.0984,-5.9955,305.1,2005-02-19,47,3.6,D,2005,2,winter,low
35.0965,-6.007,306.9,2005-02-19,61,5.3,D,2005,2,winter,low
35.1476,-6.0181,308.6,2005-02-20,67,12.3,D,2005,2,winter,low
35.1365,-6.0197,309.9,2005-02-20,69,14.6,D,2005,2,winter,low
35.0913,-6.1371,311.7,2005-02-20,72,16.0,D,2005,2,winter,low
34.5647,-6.2489,305.7,2005-02-23,61,5.9,D,2005,2,winter,low
34.531,-6.3157,304.6,2005-02-26,46,4.1,D,2005,2,winter,low
34.0637,-3.7414,307.0,2005-02-26,59,4.7,D,2005,2,winter,low
34.5562,-6.2089,307.9,2005-02-26,40,5.7,D,2005,2,winter,low
33.4634,-7.8947,311.8,2005-02-26,65,8.2,D,2005,2,winter,low
33.4578,-7.8992,310.9,2005-02-26,56,5.9,D,2005,2,winter,low
33.47,-7.8767,302.7,2005-03-02,50,5.7,D,2005,3,spring,low
33.2116,-8.4021,301.3,2005-03-07,46,5.6,D,2005,3,spring,low
35.0437,-5.891,314.2,2005-03-16,67,7.4,D,2005,3,spring,low
35.1563,-5.4864,309.3,2005-03-16,55,6.4,D,2005,3,spring,low
35.0778,-6.1031,305.6,2005-03-20,52,4.3,D,2005,3,spring,low
34.9759,-5.9196,302.9,2005-03-21,44,3.5,D,2005,3,spring,low
34.396,-5.9368,316.6,2005-04-05,66,9.2,D,2005,4,spring,low
35.1004,-6.1912,311.1,2005-04-10,39,7.7,D,2005,4,spring,low
34.1327,-4.2912,319.7,2005-04-13,42,11.1,D,2005,4,spring,low
35.0359,-5.9046,349.4,2005-04-13,95,61.0,D,2005,4,spring,medium
35.0374,-5.8922,345.1,2005-04-13,92,50.4,D,2005,4,spring,medium
34.6867,-4.7444,313.1,2005-04-14,40,5.2,D,2005,4,spring,low
35.0765,-5.9494,317.1,2005-04-15,71,8.1,D,2005,4,spring,low
35.0749,-5.9602,312.3,2005-04-15,55,4.3,D,2005,4,spring,low
35.1065,-6.0025,323.5,2005-04-28,71,12.5,D,2005,4,spring,low
35.1176,-5.9904,314.1,2005-05-02,72,11.6,D,2005,5,spring,low
35.116,-5.9767,310.1,2005-05-02,60,7.9,D,2005,5,spring,low
35.1037,-5.9816,326.0,2005-05-03,75,18.1,D,2005,5,spring,low
35.1014,-5.9948,324.7,2005-05-03,73,17.3,D,2005,5,spring,low
35.3161,-5.4582,326.0,2005-05-09,69,12.9,D,2005,5,spring,low
35.3176,-5.4674,340.3,2005-05-09,90,285.3,D,2005,5,spring,high
35.306,-5.4688,342.1,2005-05-09,91,310.8,D,2005,5,spring,high
34.2669,-6.4874,376.4,2005-05-19,100,183.8,D,2005,5,spring,high
34.2694,-6.473,405.8,2005-05-19,100,414.0,D,2005,5,spring,high
34.2682,-6.4632,331.8,2005-05-19,43,14.2,D,2005,5,spring,low
34.2757,-6.4802,405.2,2005-05-19,100,409.6,D,2005,5,spring,high
34.2783,-6.4659,335.1,2005-05-19,75,22.8,D,2005,5,spring,medium
34.2656,-6.4774,362.1,2005-05-19,100,109.4,D,2005,5,spring,high
34.7884,-2.7878,357.2,2005-05-23,98,102.7,D,2005,5,spring,high
34.7985,-2.7851,325.9,2005-05-23,65,17.5,D,2005,5,spring,low
34.5246,-6.1188,326.2,2005-05-23,53,8.0,D,2005,5,spring,low
34.7918,-2.8082,338.9,2005-05-23,86,69.2,D,2005,5,spring,medium
34.7893,-2.7813,323.9,2005-05-23,61,23.2,D,2005,5,spring,medium
34.7957,-2.7894,331.6,2005-05-23,77,42.8,D,2005,5,spring,medium
34.7857,-2.7997,365.9,2005-05-23,100,221.9,D,2005,5,spring,high
34.784,-2.7863,334.8,2005-05-23,81,54.5,D,2005,5,spring,medium
34.7801,-2.8053,334.0,2005-05-23,80,51.8,D,2005,5,spring,medium
35.1157,-5.0168,307.9,2005-05-28,73,10.3,N,2005,5,spring,low
34.9242,-2.5752,327.5,2005-06-03,74,11.3,D,2005,6,summer,low
34.9257,-2.586,329.0,2005-06-03,76,12.5,D,2005,6,summer,low
33.5297,-7.248,335.5,2005-06-06,75,15.9,D,2005,6,summer,low
35.0339,-5.9645,318.6,2005-06-09,48,33.2,D,2005,6,summer,medium
35.0648,-2.9932,327.0,2005-06-14,70,15.4,D,2005,6,summer,low
35.0896,-5.6855,344.8,2005-06-14,91,93.8,D,2005,6,summer,medium
30.781,-8.8978,309.6,2005-06-16,78,17.0,N,2005,6,summer,low
33.7919,-5.3527,326.0,2005-06-16,64,53.6,D,2005,6,summer,medium
34.2635,-5.9017,338.1,2005-06-16,76,14.4,D,2005,6,summer,low
34.4285,-5.8349,346.0,2005-06-17,89,35.0,D,2005,6,summer,medium
34.2977,-5.9519,331.6,2005-06-17,55,8.7,D,2005,6,summer,low
34.1533,-4.2621,357.6,2005-06-17,98,66.6,D,2005,6,summer,medium
34.1446,-4.2877,338.9,2005-06-17,83,128.6,D,2005,6,summer,high
34.6273,-1.9188,333.2,2005-06-17,74,39.3,D,2005,6,summer,medium
34.6253,-1.9134,349.7,2005-06-17,93,119.6,D,2005,6,summer,high
34.6318,-1.8972,332.9,2005-06-17,73,38.6,D,2005,6,summer,medium
34.1453,-4.2923,334.9,2005-06-17,77,96.9,D,2005,6,summer,medium
34.6297,-1.8917,332.1,2005-06-17,72,35.9,D,2005,6,summer,medium
34.1525,-4.2609,332.8,2005-06-17,73,84.1,D,2005,6,summer,medium
34.1517,-4.2562,332.2,2005-06-17,72,82.5,D,2005,6,summer,medium
34.8719,-6.0715,328.9,2005-06-17,100,34.1,N,2005,6,summer,medium
34.8841,-6.0605,327.6,2005-06-17,100,31.5,N,2005,6,summer,medium
34.8865,-6.047,336.4,2005-06-17,100,47.6,N,2005,6,summer,medium
34.8889,-6.0335,332.8,2005-06-17,100,40.8,N,2005,6,summer,medium
34.8743,-6.0579,330.1,2005-06-17,100,35.8,N,2005,6,summer,medium
34.6121,-4.9379,309.1,2005-06-17,77,7.0,N,2005,6,summer,low
35.0366,-5.7187,311.8,2005-06-17,83,11.4,N,2005,6,summer,low
35.0351,-5.7068,323.0,2005-06-18,100,22.5,N,2005,6,summer,medium
35.0371,-5.7187,327.8,2005-06-18,100,29.1,N,2005,6,summer,medium
34.8945,-6.0322,314.9,2005-06-18,90,13.9,N,2005,6,summer,low
34.8664,-6.0586,380.0,2005-06-18,100,127.8,D,2005,6,summer,high
35.6676,-5.9424,326.7,2005-06-18,31,10.7,D,2005,6,summer,low
35.678,-5.9335,365.3,2005-06-18,100,87.3,D,2005,6,summer,medium
35.6765,-5.9444,436.8,2005-06-18,100,541.0,D,2005,6,summer,high
35.6749,-5.9553,400.3,2005-06-18,87,240.7,D,2005,6,summer,high
34.868,-6.0477,378.6,2005-06-18,100,120.2,D,2005,6,summer,high
34.889,-6.03,346.2,2005-06-18,90,24.3,D,2005,6,summer,medium
34.8874,-6.0408,347.9,2005-06-18,91,29.0,D,2005,6,summer,medium
34.8963,-6.0428,344.8,2005-06-18,82,24.2,D,2005,6,summer,medium
35.6853,-5.9463,324.4,2005-06-18,53,7.7,D,2005,6,summer,low
35.0352,-5.7125,328.5,2005-06-19,42,11.5,D,2005,6,summer,low
35.2757,-6.0371,371.9,2005-06-19,100,145.9,D,2005,6,summer,high
35.2773,-6.0509,343.4,2005-06-19,88,42.6,D,2005,6,summer,medium
32.0437,-6.7258,332.1,2005-06-19,75,17.7,D,2005,6,summer,low
34.7466,-2.6049,330.0,2005-06-21,56,14.8,D,2005,6,summer,low
33.8673,-5.3685,333.5,2005-06-22,72,15.0,D,2005,6,summer,low
33.8644,-5.353,342.4,2005-06-22,86,40.7,D,2005,6,summer,medium
34.5865,-4.9262,331.7,2005-06-23,78,23.4,D,2005,6,summer,medium
31.1563,-9.6572,355.8,2005-06-25,98,83.1,D,2005,6,summer,medium
31.1585,-9.6443,334.0,2005-06-25,86,25.1,D,2005,6,summer,medium
31.1663,-9.6585,343.3,2005-06-25,92,45.2,D,2005,6,summer,medium
33.9719,-2.9024,363.0,2005-06-27,94,75.3,D,2005,6,summer,medium
35.0616,-2.4359,325.0,2005-06-28,33,7.9,D,2005,6,summer,low
35.0695,-2.4396,332.0,2005-06-28,74,14.8,D,2005,6,summer,low
34.7599,-4.5441,340.6,2005-07-03,84,26.6,D,2005,7,summer,medium
34.7617,-4.5554,353.9,2005-07-03,96,53.7,D,2005,7,summer,medium
33.9736,-5.6377,336.8,2005-07-03,76,15.5,D,2005,7,summer,low
34.7483,-4.5692,332.4,2005-07-03,70,67.0,D,2005,7,summer,medium
34.7477,-4.5653,332.0,2005-07-03,73,61.0,D,2005,7,summer,medium
33.8693,-4.7129,370.8,2005-07-05,100,106.9,D,2005,7,summer,high
33.8678,-4.7013,339.2,2005-07-05,81,20.8,D,2005,7,summer,medium
33.86,-4.7145,339.0,2005-07-05,80,20.8,D,2005,7,summer,medium
33.8585,-4.7029,337.2,2005-07-05,75,17.8,D,2005,7,summer,low
33.8707,-4.7244,339.8,2005-07-05,81,21.5,D,2005,7,summer,medium
34.0279,-6.5713,340.9,2005-07-06,82,45.5,D,2005,7,summer,medium
34.0295,-6.5819,376.7,2005-07-06,100,196.0,D,2005,7,summer,high
34.0269,-6.5963,332.7,2005-07-06,64,24.0,D,2005,7,summer,medium
34.0252,-6.5857,354.1,2005-07-06,95,88.1,D,2005,7,summer,medium
34.0354,-6.5885,334.6,2005-07-06,70,30.6,D,2005,7,summer,medium
35.4014,-5.3752,329.7,2005-07-10,74,78.7,D,2005,7,summer,medium
33.8522,-4.7617,325.5,2005-07-13,64,43.0,D,2005,7,summer,medium
34.7484,-3.1522,331.9,2005-07-13,63,9.8,D,2005,7,summer,low
34.741,-3.1394,358.5,2005-07-13,99,60.8,D,2005,7,summer,medium
34.7395,-3.1504,350.6,2005-07-13,93,42.0,D,2005,7,summer,medium
34.7499,-3.1414,333.7,2005-07-13,69,12.1,D,2005,7,summer,low
35.7709,-5.8975,320.5,2005-07-14,43,38.0,D,2005,7,summer,medium
35.7803,-5.8909,322.7,2005-07-14,48,47.5,D,2005,7,summer,medium
33.5451,-6.5534,333.3,2005-07-15,74,20.9,D,2005,7,summer,medium
35.0175,-2.8199,308.6,2005-07-17,75,8.0,N,2005,7,summer,low
35.1493,-3.5089,328.1,2005-07-18,58,16.8,D,2005,7,summer,low
35.7811,-5.8847,344.3,2005-07-20,92,42.6,D,2005,7,summer,medium
33.8961,-5.3153,358.9,2005-07-21,99,69.2,D,2005,7,summer,medium
33.8866,-5.3169,344.8,2005-07-21,86,31.2,D,2005,7,summer,medium
33.8945,-5.3031,337.2,2005-07-21,75,15.3,D,2005,7,summer,low
35.0203,-5.2069,328.1,2005-07-21,49,52.5,D,2005,7,summer,medium
35.0473,-5.7129,350.3,2005-07-21,95,263.2,D,2005,7,summer,high
35.0428,-5.7192,346.4,2005-07-21,93,211.8,D,2005,7,summer,high
35.0292,-5.1603,342.2,2005-07-21,91,196.7,D,2005,7,summer,high
35.0233,-5.1545,340.4,2005-07-21,90,172.7,D,2005,7,summer,high
35.392,-5.3718,329.8,2005-07-21,83,76.9,D,2005,7,summer,medium
35.2196,-5.5499,385.5,2005-07-21,100,1006.8,D,2005,7,summer,high
34.6738,-3.2167,308.9,2005-07-21,74,8.5,N,2005,7,summer,low
35.0105,-5.1502,309.7,2005-07-21,76,12.4,N,2005,7,summer,low
34.9905,-5.1933,312.1,2005-07-21,83,18.7,N,2005,7,summer,low
34.9935,-5.1773,323.0,2005-07-21,100,37.5,N,2005,7,summer,medium
35.0026,-5.1304,320.0,2005-07-21,99,29.1,N,2005,7,summer,medium
34.9795,-5.1896,313.5,2005-07-21,86,21.1,N,2005,7,summer,medium
34.9828,-5.1724,321.1,2005-07-21,100,34.1,N,2005,7,summer,medium
35.2058,-5.5248,323.9,2005-07-21,100,42.5,N,2005,7,summer,medium
35.1943,-5.5229,335.0,2005-07-21,100,72.3,N,2005,7,summer,medium
35.2132,-5.5476,325.4,2005-07-21,100,47.2,N,2005,7,summer,medium
35.1828,-5.5207,315.7,2005-07-21,91,24.5,N,2005,7,summer,medium
35.1904,-5.5423,330.6,2005-07-21,100,59.2,N,2005,7,summer,medium
35.202,-5.5442,350.1,2005-07-21,100,132.2,N,2005,7,summer,high
35.2172,-5.5273,311.3,2005-07-21,81,18.9,N,2005,7,summer,low
35.1953,-5.5348,302.6,2005-07-22,50,4.8,N,2005,7,summer,low
34.9938,-5.1715,317.8,2005-07-22,96,15.6,N,2005,7,summer,low
34.9849,-5.1735,328.9,2005-07-22,100,27.4,N,2005,7,summer,medium
35.1937,-5.524,304.6,2005-07-22,61,5.9,N,2005,7,summer,low
35.02,-5.1523,339.2,2005-07-22,85,87.4,D,2005,7,summer,medium
35.3984,-5.3523,333.7,2005-07-22,78,64.8,D,2005,7,summer,medium
35.3942,-5.333,330.1,2005-07-22,72,51.3,D,2005,7,summer,medium
35.3941,-5.3382,335.9,2005-07-22,81,75.0,D,2005,7,summer,medium
35.0145,-5.1269,334.1,2005-07-22,79,58.1,D,2005,7,summer,medium
35.3972,-5.3461,379.9,2005-07-22,100,163.5,D,2005,7,summer,high
35.395,-5.3593,333.7,2005-07-22,77,18.2,D,2005,7,summer,low
35.3993,-5.333,350.1,2005-07-22,93,54.2,D,2005,7,summer,medium
34.971,-2.7361,338.9,2005-07-22,78,18.6,D,2005,7,summer,low
35.2058,-5.7495,328.5,2005-07-22,39,16.7,D,2005,7,summer,low
33.677,-5.7573,335.8,2005-07-22,72,18.8,D,2005,7,summer,low
34.4864,-5.7875,336.7,2005-07-22,77,21.4,D,2005,7,summer,medium
34.4886,-5.7745,333.0,2005-07-22,69,13.4,D,2005,7,summer,low
35.0102,-5.1479,336.3,2005-07-22,72,18.8,D,2005,7,summer,low
35.0122,-5.1362,358.6,2005-07-22,99,72.3,D,2005,7,summer,medium
34.989,-5.1834,330.7,2005-07-22,41,16.7,D,2005,7,summer,low
35.0257,-5.1595,307.3,2005-07-22,71,13.1,N,2005,7,summer,low
35.0131,-5.1757,309.0,2005-07-22,71,15.2,N,2005,7,summer,low
35.0149,-5.1582,312.9,2005-07-22,86,19.9,N,2005,7,summer,low
34.8777,-2.2507,356.2,2005-07-24,97,73.4,D,2005,7,summer,medium
35.2004,-4.0679,330.4,2005-07-24,55,23.4,D,2005,7,summer,medium
34.8756,-2.2632,343.4,2005-07-24,85,40.3,D,2005,7,summer,medium
34.0183,-6.5951,366.5,2005-07-24,100,267.5,D,2005,7,summer,high
33.5007,-7.6656,308.9,2005-07-24,76,8.9,N,2005,7,summer,low
35.0551,-4.1862,305.3,2005-07-30,64,13.4,N,2005,7,summer,low
35.0663,-4.1907,314.2,2005-07-30,89,27.1,N,2005,7,summer,medium
35.2373,-5.0484,333.0,2005-07-31,79,58.1,D,2005,7,summer,medium
35.3529,-5.4554,330.6,2005-07-31,73,35.6,D,2005,7,summer,medium
35.352,-5.444,325.1,2005-07-31,64,21.8,D,2005,7,summer,medium
35.3551,-5.4599,323.5,2005-07-31,55,20.1,D,2005,7,summer,medium
35.38,-5.464,324.2,2005-08-01,46,31.9,D,2005,8,summer,medium
35.3776,-5.4565,324.8,2005-08-01,61,35.7,D,2005,8,summer,medium
33.5642,-5.3538,302.2,2005-08-02,48,5.3,N,2005,8,summer,low
35.4271,-5.8033,334.7,2005-08-03,86,19.7,D,2005,8,summer,low
35.3262,-5.6637,328.4,2005-08-04,53,15.5,D,2005,8,summer,low
33.588,-6.7846,325.0,2005-08-04,35,64.8,D,2005,8,summer,medium
35.1435,-5.7271,333.6,2005-08-05,72,11.7,D,2005,8,summer,low
35.1524,-5.729,337.8,2005-08-05,83,18.1,D,2005,8,summer,low
35.7623,-5.7113,306.8,2005-08-07,36,8.5,N,2005,8,summer,low
35.1264,-5.6113,350.4,2005-08-07,93,134.3,D,2005,8,summer,high
35.127,-5.604,346.0,2005-08-07,90,105.9,D,2005,8,summer,high
35.1319,-5.6268,334.3,2005-08-07,74,49.5,D,2005,8,summer,medium
32.4458,-6.1191,344.7,2005-08-07,86,47.4,D,2005,8,summer,medium
32.4484,-6.1043,386.3,2005-08-07,100,255.4,D,2005,8,summer,high
33.9982,-6.4491,334.8,2005-08-07,62,14.7,D,2005,8,summer,low
35.7342,-5.4803,334.4,2005-08-07,86,20.5,D,2005,8,summer,medium
35.7363,-5.4676,343.6,2005-08-07,92,40.1,D,2005,8,summer,medium
35.1348,-5.6159,358.4,2005-08-07,98,74.5,D,2005,8,summer,medium
35.123,-5.6265,345.6,2005-08-07,88,39.2,D,2005,8,summer,medium
35.1252,-5.6134,396.4,2005-08-07,100,266.4,D,2005,8,summer,high
35.1273,-5.6012,334.4,2005-08-07,59,11.6,D,2005,8,summer,low
35.743,-5.4757,320.3,2005-08-07,100,33.4,N,2005,8,summer,medium
35.7465,-5.4814,328.8,2005-08-07,100,49.4,N,2005,8,summer,medium
35.748,-5.4659,319.6,2005-08-07,99,31.4,N,2005,8,summer,medium
34.8969,-4.571,326.5,2005-08-09,61,20.8,D,2005,8,summer,medium
34.9879,-4.7491,310.1,2005-08-09,79,11.3,N,2005,8,summer,low
32.8418,-6.9436,335.2,2005-08-10,70,9.1,D,2005,8,summer,low
35.3537,-5.4514,322.5,2005-08-10,31,12.5,D,2005,8,summer,low
35.3551,-5.4373,325.3,2005-08-10,41,16.7,D,2005,8,summer,low
33.826,-5.2137,329.4,2005-08-11,68,9.5,D,2005,8,summer,low
35.6252,-5.482,333.7,2005-08-11,86,82.7,D,2005,8,summer,medium
35.6177,-5.4866,334.8,2005-08-11,86,89.7,D,2005,8,summer,medium
35.5125,-5.5394,350.1,2005-08-12,93,53.0,D,2005,8,summer,medium
35.2123,-5.7518,334.9,2005-08-13,73,21.3,D,2005,8,summer,medium
35.3986,-5.3798,317.2,2005-08-13,53,45.7,D,2005,8,summer,medium
35.3943,-5.3725,317.5,2005-08-13,40,45.3,D,2005,8,summer,medium
35.0842,-5.6134,316.0,2005-08-13,90,19.9,N,2005,8,summer,low
35.7024,-5.4655,326.1,2005-08-13,100,38.0,N,2005,8,summer,medium
35.6996,-5.4807,326.5,2005-08-13,100,38.0,N,2005,8,summer,medium
35.7125,-5.4685,367.2,2005-08-13,100,166.9,N,2005,8,summer,high
35.7098,-5.4835,369.3,2005-08-13,100,177.1,N,2005,8,summer,high
35.0762,-5.6234,309.2,2005-08-13,77,11.2,N,2005,8,summer,low
35.0809,-5.6309,311.7,2005-08-13,76,14.0,N,2005,8,summer,low
35.0815,-5.6158,309.5,2005-08-14,77,8.7,N,2005,8,summer,low
35.0747,-5.6123,397.5,2005-08-14,100,236.7,D,2005,8,summer,high
35.0729,-5.6241,337.5,2005-08-14,82,22.1,D,2005,8,summer,medium
35.8129,-5.6852,324.4,2005-08-14,57,10.4,D,2005,8,summer,low
35.1482,-5.73,329.3,2005-08-14,65,10.9,D,2005,8,summer,low
35.0721,-5.5978,321.0,2005-08-14,100,38.6,N,2005,8,summer,medium
35.0706,-5.615,318.0,2005-08-14,96,32.2,N,2005,8,summer,medium
35.0702,-5.6049,324.8,2005-08-15,50,17.4,D,2005,8,summer,low
35.0667,-5.6248,328.3,2005-08-15,73,47.3,D,2005,8,summer,medium
35.0666,-5.5934,331.0,2005-08-15,76,59.5,D,2005,8,summer,medium
35.0647,-5.6205,331.0,2005-08-15,76,62.0,D,2005,8,summer,medium
35.0684,-5.5993,333.3,2005-08-15,80,74.5,D,2005,8,summer,medium
34.9758,-4.7096,325.9,2005-08-15,37,51.6,D,2005,8,summer,medium
35.0645,-5.6075,304.7,2005-08-15,61,12.5,N,2005,8,summer,low
33.8911,-4.7149,336.9,2005-08-16,79,43.5,D,2005,8,summer,medium
33.8929,-4.7075,337.6,2005-08-16,80,47.8,D,2005,8,summer,medium
33.8974,-4.729,335.0,2005-08-16,76,36.4,D,2005,8,summer,medium
35.0692,-5.6184,330.0,2005-08-16,64,21.6,D,2005,8,summer,medium
35.0693,-5.6077,312.1,2005-08-16,84,12.2,N,2005,8,summer,low
35.0679,-5.6193,311.9,2005-08-16,84,11.9,N,2005,8,summer,low
35.5033,-5.7798,320.6,2005-08-18,48,10.1,D,2005,8,summer,low
35.5013,-5.7678,319.7,2005-08-18,35,9.3,D,2005,8,summer,low
35.061,-5.6216,323.1,2005-08-18,51,26.2,D,2005,8,summer,medium
35.4983,-5.7708,321.5,2005-08-18,67,29.5,D,2005,8,summer,medium
35.4555,-5.344,305.2,2005-08-23,63,6.7,N,2005,8,summer,low
35.4643,-5.3421,311.5,2005-08-23,83,10.8,N,2005,8,summer,low
35.4527,-5.3475,320.1,2005-08-23,42,25.9,D,2005,8,summer,medium
35.4653,-5.345,366.8,2005-08-23,100,290.1,D,2005,8,summer,high
35.4701,-5.3674,353.2,2005-08-23,96,178.6,D,2005,8,summer,high
33.8265,-3.3405,334.6,2005-08-23,74,16.7,D,2005,8,summer,low
35.4501,-5.3619,338.3,2005-08-23,84,34.0,D,2005,8,summer,medium
35.4522,-5.3487,334.7,2005-08-23,80,27.7,D,2005,8,summer,medium
35.4628,-5.3694,344.1,2005-08-23,89,45.9,D,2005,8,summer,medium
35.4649,-5.3568,358.0,2005-08-23,98,83.1,D,2005,8,summer,medium
35.4532,-5.3679,347.6,2005-08-23,92,53.8,D,2005,8,summer,medium
35.4554,-5.3552,353.9,2005-08-23,96,70.8,D,2005,8,summer,medium
35.4576,-5.3422,328.6,2005-08-23,71,17.5,D,2005,8,summer,low
35.4645,-5.354,315.8,2005-08-23,89,23.8,N,2005,8,summer,medium
35.4661,-5.3383,312.0,2005-08-23,77,18.7,N,2005,8,summer,low
35.8503,-5.5245,318.1,2005-08-24,38,14.8,D,2005,8,summer,low
35.4356,-5.7663,330.2,2005-08-24,59,43.6,D,2005,8,summer,medium
35.1076,-5.6755,352.8,2005-08-24,95,170.0,D,2005,8,summer,high
35.1056,-5.6806,346.4,2005-08-24,91,129.1,D,2005,8,summer,high
35.1659,-5.7449,338.7,2005-08-24,81,82.8,D,2005,8,summer,medium
35.1639,-5.761,352.8,2005-08-24,95,163.5,D,2005,8,summer,high
35.1642,-5.7678,335.2,2005-08-24,76,61.7,D,2005,8,summer,medium
35.4338,-5.7878,330.7,2005-08-24,52,40.0,D,2005,8,summer,medium
35.153,-5.7365,351.2,2005-08-24,94,157.2,D,2005,8,summer,high
35.151,-5.7603,370.5,2005-08-24,100,316.6,D,2005,8,summer,high
35.0893,-5.3533,373.9,2005-08-25,100,241.0,D,2005,8,summer,high
35.0928,-5.3354,326.9,2005-08-25,58,21.0,D,2005,8,summer,medium
35.0953,-5.3502,331.9,2005-08-26,75,26.7,D,2005,8,summer,medium
35.091,-5.3599,331.0,2005-08-26,63,20.7,D,2005,8,summer,medium
35.4375,-5.775,335.2,2005-08-26,73,35.1,D,2005,8,summer,medium
35.1524,-4.5136,322.9,2005-08-27,38,26.7,D,2005,8,summer,medium
35.1555,-5.795,372.8,2005-08-28,100,110.8,D,2005,8,summer,high
35.1465,-5.793,365.2,2005-08-28,100,85.1,D,2005,8,summer,medium
34.8914,-4.9185,353.0,2005-08-28,95,48.6,D,2005,8,summer,medium
35.157,-5.7835,392.4,2005-08-28,100,201.1,D,2005,8,summer,high
35.148,-5.7818,373.8,2005-08-28,100,116.0,D,2005,8,summer,high
35.0955,-5.7336,306.3,2005-08-28,68,28.4,N,2005,8,summer,medium
35.0976,-5.7027,318.8,2005-08-28,97,69.3,N,2005,8,summer,medium
35.7895,-5.5212,422.7,2005-08-29,100,448.8,D,2005,8,summer,high
35.7911,-5.533,317.7,2005-08-29,48,5.9,D,2005,8,summer,low
35.788,-5.5096,340.6,2005-08-29,90,38.2,D,2005,8,summer,medium
35.0895,-5.7163,328.2,2005-08-29,50,12.3,D,2005,8,summer,low
35.0879,-5.7047,329.4,2005-08-29,43,12.8,D,2005,8,summer,low
34.7567,-3.1235,325.7,2005-08-29,51,37.6,D,2005,8,summer,medium
34.7423,-3.1188,340.7,2005-08-29,85,142.3,D,2005,8,summer,high
34.7563,-3.1163,338.3,2005-08-29,82,121.2,D,2005,8,summer,high
34.749,-3.1483,326.4,2005-08-29,48,39.2,D,2005,8,summer,medium
35.0849,-5.7009,323.3,2005-08-29,45,51.9,D,2005,8,summer,medium
35.5191,-5.5582,316.8,2005-08-29,67,48.2,D,2005,8,summer,medium
35.52,-5.5535,316.2,2005-08-29,65,41.4,D,2005,8,summer,medium
35.0901,-5.7,307.3,2005-08-30,68,6.3,N,2005,8,summer,low
35.093,-5.718,325.2,2005-09-01,59,16.6,D,2005,9,autumn,low
34.96,-5.4063,331.1,2005-09-03,77,39.7,D,2005,9,autumn,medium
35.024,-5.7012,308.6,2005-09-03,74,5.9,N,2005,9,autumn,low
35.0786,-5.7077,316.0,2005-09-03,92,11.3,N,2005,9,autumn,low
35.1052,-5.7135,313.1,2005-09-03,86,9.0,N,2005,9,autumn,low
34.5871,-6.2416,331.1,2005-09-04,53,14.2,D,2005,9,autumn,low
35.0976,-5.7249,336.0,2005-09-04,78,22.0,D,2005,9,autumn,medium
35.0991,-5.7122,349.9,2005-09-04,93,52.6,D,2005,9,autumn,medium
35.0799,-5.7089,343.6,2005-09-04,87,39.7,D,2005,9,autumn,medium
35.0814,-5.6959,329.8,2005-09-04,52,11.7,D,2005,9,autumn,low
35.0703,-5.7068,356.6,2005-09-04,97,73.6,D,2005,9,autumn,medium
34.9142,-4.8529,341.0,2005-09-04,83,33.8,D,2005,9,autumn,medium
34.9695,-4.7908,306.6,2005-09-04,47,49.2,N,2005,9,autumn,medium
34.9805,-4.7879,306.1,2005-09-04,67,46.4,N,2005,9,autumn,medium
34.9712,-4.7544,306.1,2005-09-04,41,48.1,N,2005,9,autumn,medium
35.0702,-5.6756,302.4,2005-09-05,35,14.5,N,2005,9,autumn,low
34.9773,-4.7598,306.4,2005-09-05,68,19.9,N,2005,9,autumn,low
35.0721,-5.6981,304.4,2005-09-05,58,18.3,N,2005,9,autumn,low
34.9813,-4.7543,301.0,2005-09-05,31,10.1,N,2005,9,autumn,low
35.0702,-5.6937,306.6,2005-09-05,69,23.6,N,2005,9,autumn,medium
34.9688,-4.7519,383.7,2005-09-05,100,158.1,D,2005,9,autumn,high
34.9777,-4.75,332.0,2005-09-05,79,20.6,D,2005,9,autumn,medium
34.9704,-4.7627,347.1,2005-09-05,92,44.8,D,2005,9,autumn,medium
35.1663,-5.6529,319.1,2005-09-06,59,54.7,D,2005,9,autumn,medium
35.1638,-5.6479,317.5,2005-09-06,30,43.5,D,2005,9,autumn,medium
34.9793,-4.7582,324.3,2005-09-06,54,12.8,D,2005,9,autumn,low
34.3637,-5.9153,333.7,2005-09-06,78,18.4,D,2005,9,autumn,low
34.9704,-4.7563,328.5,2005-09-06,56,16.9,D,2005,9,autumn,low
35.1648,-5.6707,357.7,2005-09-06,99,74.1,D,2005,9,autumn,medium
35.0653,-6.0159,314.9,2005-09-10,43,10.1,D,2005,9,autumn,low
34.5829,-6.1861,323.6,2005-09-10,100,23.7,N,2005,9,autumn,medium
34.5814,-6.197,305.2,2005-09-10,63,8.4,N,2005,9,autumn,low
35.3915,-5.7305,323.6,2005-09-13,69,10.2,D,2005,9,autumn,low
35.3944,-5.7082,400.3,2005-09-13,100,260.1,D,2005,9,autumn,high
35.3958,-5.6972,379.5,2005-09-13,100,151.1,D,2005,9,autumn,high
35.3824,-5.7287,331.6,2005-09-13,81,19.2,D,2005,9,autumn,low
35.4049,-5.6993,339.0,2005-09-13,87,36.6,D,2005,9,autumn,medium
35.4502,-5.5667,328.9,2005-09-13,77,18.2,D,2005,9,autumn,low
35.4609,-5.5569,362.4,2005-09-13,100,88.2,D,2005,9,autumn,medium
35.4593,-5.5685,331.0,2005-09-13,80,20.5,D,2005,9,autumn,medium
35.4035,-5.7103,356.8,2005-09-13,98,73.8,D,2005,9,autumn,medium
35.402,-5.7214,331.4,2005-09-13,79,21.8,D,2005,9,autumn,medium
35.3839,-5.7174,373.4,2005-09-13,100,122.4,D,2005,9,autumn,high
35.393,-5.7194,387.0,2005-09-13,100,183.7,D,2005,9,autumn,high
35.3853,-5.7062,341.9,2005-09-13,89,36.6,D,2005,9,autumn,medium
35.4532,-5.5436,321.7,2005-09-13,59,9.1,D,2005,9,autumn,low
35.4517,-5.5552,368.0,2005-09-13,100,107.4,D,2005,9,autumn,high
35.8128,-5.5524,326.9,2005-09-16,80,94.2,D,2005,9,autumn,medium
35.4193,-5.7524,322.2,2005-09-20,53,11.6,D,2005,9,autumn,low
34.8107,-4.0528,333.5,2005-09-21,82,21.3,D,2005,9,autumn,medium
35.4139,-5.7463,321.2,2005-09-27,55,58.7,D,2005,9,autumn,medium
35.4135,-5.7528,320.3,2005-09-27,58,54.5,D,2005,9,autumn,medium
33.7354,-6.7985,325.9,2005-09-27,65,12.3,D,2005,9,autumn,low
35.4639,-5.5931,331.1,2005-09-27,84,36.5,D,2005,9,autumn,medium
35.8153,-5.7182,318.5,2005-09-27,61,15.4,D,2005,9,autumn,low
35.817,-5.7024,314.6,2005-09-27,54,9.9,D,2005,9,autumn,low
35.4621,-5.6092,324.6,2005-09-27,78,24.3,D,2005,9,autumn,medium
35.5056,-5.5581,321.7,2005-09-27,74,20.3,D,2005,9,autumn,medium
35.0904,-5.6505,315.2,2005-09-27,87,128.7,N,2005,9,autumn,high
35.0921,-5.6553,318.4,2005-09-27,96,152.6,N,2005,9,autumn,high
35.0953,-5.6435,316.4,2005-09-28,93,35.5,N,2005,9,autumn,medium
35.0836,-5.6468,308.2,2005-09-28,74,21.4,N,2005,9,autumn,medium
35.2118,-5.733,326.8,2005-09-28,72,16.4,D,2005,9,autumn,low
35.0881,-5.6524,321.7,2005-09-28,54,8.6,D,2005,9,autumn,low
35.093,-5.6866,366.5,2005-09-28,100,418.7,D,2005,9,autumn,high
35.0872,-5.7125,333.7,2005-09-28,86,104.1,D,2005,9,autumn,high
35.0963,-5.6919,369.7,2005-09-28,100,464.6,D,2005,9,autumn,high
35.0903,-5.7181,326.7,2005-09-28,80,66.3,D,2005,9,autumn,medium
32.6399,-3.8651,308.8,2005-09-28,76,11.3,N,2005,9,autumn,low
35.0128,-3.6263,331.3,2005-09-29,83,141.2,D,2005,9,autumn,high
35.4466,-5.5931,334.5,2005-09-29,86,214.4,D,2005,9,autumn,high
35.4508,-5.5837,337.0,2005-09-29,88,244.0,D,2005,9,autumn,high
35.4629,-5.6315,316.1,2005-09-29,65,63.9,D,2005,9,autumn,medium
35.0188,-3.6288,330.1,2005-09-29,77,26.8,D,2005,9,autumn,medium
35.073,-5.6658,323.4,2005-09-29,31,7.5,D,2005,9,autumn,low
35.0172,-3.6435,332.3,2005-09-29,80,31.2,D,2005,9,autumn,medium
35.7419,-5.7597,316.2,2005-09-29,65,5.2,D,2005,9,autumn,low
35.4489,-5.6016,317.8,2005-09-29,50,7.9,D,2005,9,autumn,low
35.0262,-3.6456,300.6,2005-09-29,30,38.1,N,2005,9,autumn,medium
35.0243,-3.637,308.2,2005-09-30,74,30.5,N,2005,9,autumn,medium
35.0226,-3.6168,315.2,2005-09-30,91,46.3,N,2005,9,autumn,medium
35.0215,-3.6215,320.2,2005-09-30,100,60.0,N,2005,9,autumn,medium
35.8057,-5.4921,360.7,2005-09-30,100,91.4,D,2005,9,autumn,medium
35.5116,-5.567,323.9,2005-09-30,74,16.0,D,2005,9,autumn,low
35.5132,-5.5787,317.0,2005-09-30,60,8.4,D,2005,9,autumn,low
35.027,-3.6209,342.5,2005-09-30,90,40.2,D,2005,9,autumn,medium
35.0185,-3.6293,343.1,2005-09-30,90,39.7,D,2005,9,autumn,medium
35.0169,-3.6185,336.9,2005-09-30,86,28.7,D,2005,9,autumn,medium
35.8042,-5.4804,324.2,2005-09-30,77,18.8,D,2005,9,autumn,low
35.0122,-3.6351,322.4,2005-09-30,67,70.8,D,2005,9,autumn,medium
35.0098,-3.638,319.7,2005-09-30,50,52.5,D,2005,9,autumn,medium
35.4242,-5.7426,321.9,2005-09-30,50,87.5,D,2005,9,autumn,medium
35.0187,-3.6325,312.3,2005-09-30,85,15.6,N,2005,9,autumn,low
35.0094,-3.6299,326.0,2005-09-30,100,31.3,N,2005,9,autumn,medium
35.0112,-3.6189,312.6,2005-09-30,85,15.7,N,2005,9,autumn,low
35.0206,-3.6211,321.7,2005-09-30,100,25.5,N,2005,9,autumn,medium
35.0138,-3.6218,317.4,2005-10-01,95,22.3,N,2005,10,autumn,medium
35.0154,-3.6152,308.3,2005-10-01,74,13.5,N,2005,10,autumn,low
35.024,-3.6209,324.1,2005-10-01,60,11.5,D,2005,10,autumn,low
35.046,-5.6432,328.0,2005-10-01,70,15.7,D,2005,10,autumn,low
35.0442,-5.6542,332.7,2005-10-01,79,23.3,D,2005,10,autumn,medium
35.055,-5.6454,319.9,2005-10-01,47,7.2,D,2005,10,autumn,low
35.0533,-5.6564,324.1,2005-10-01,68,13.0,D,2005,10,autumn,low
35.4406,-5.7662,344.9,2005-10-04,93,95.1,D,2005,10,autumn,medium
35.5076,-5.5699,313.4,2005-10-05,49,6.1,D,2005,10,autumn,low
34.9597,-2.1725,318.9,2005-10-05,52,10.2,D,2005,10,autumn,low
35.1497,-5.7113,344.8,2005-10-05,93,134.5,D,2005,10,autumn,high
35.1551,-5.6856,320.7,2005-10-05,60,26.9,D,2005,10,autumn,medium
34.7495,-5.6514,342.6,2005-10-06,88,37.1,D,2005,10,autumn,medium
34.748,-5.664,330.9,2005-10-06,75,15.5,D,2005,10,autumn,low
35.1506,-5.6053,324.4,2005-10-06,56,10.2,D,2005,10,autumn,low
35.754,-5.5682,342.9,2005-10-07,91,43.1,D,2005,10,autumn,medium
35.7525,-5.5573,316.4,2005-10-07,60,8.9,D,2005,10,autumn,low
35.7629,-5.5664,347.2,2005-10-07,94,51.3,D,2005,10,autumn,medium
35.7614,-5.5555,319.6,2005-10-07,71,11.7,D,2005,10,autumn,low
35.6384,-5.5083,326.2,2005-10-08,79,15.5,D,2005,10,autumn,low
33.5536,-7.5151,327.2,2005-10-09,80,58.0,D,2005,10,autumn,medium
33.5615,-7.5109,324.3,2005-10-09,75,46.1,D,2005,10,autumn,medium
35.1375,-6.0798,308.1,2005-10-22,63,6.2,D,2005,10,autumn,low
34.5258,-6.1405,315.0,2005-10-24,52,6.2,D,2005,10,autumn,low
35.1292,-6.0709,314.4,2005-10-26,49,8.7,D,2005,10,autumn,low
32.9054,-8.0255,332.2,2005-11-02,82,34.0,D,2005,11,autumn,medium
34.5449,-6.2417,354.8,2005-11-09,97,70.3,D,2005,11,autumn,medium
34.5538,-6.2437,315.2,2005-11-09,70,9.7,D,2005,11,autumn,low
34.5465,-6.2308,309.5,2005-11-09,39,5.3,D,2005,11,autumn,low
35.4158,-5.9747,324.9,2005-11-09,82,20.1,D,2005,11,autumn,medium
33.5193,-7.4958,312.7,2005-11-10,69,26.7,D,2005,11,autumn,medium
35.1547,-5.336,317.3,2005-12-13,77,21.0,D,2005,12,winter,medium
34.8687,-5.0488,301.9,2005-12-18,47,4.3,D,2005,12,winter,low
34.272,-5.6697,300.3,2006-01-03,33,3.0,D,2006,1,winter,low
30.2951,-9.4203,305.1,2006-01-09,61,4.2,D,2006,1,winter,low
30.074,-9.4152,302.4,2006-01-18,52,3.2,D,2006,1,winter,low
35.1733,-5.471,304.6,2006-02-13,59,4.1,D,2006,2,winter,low
35.2166,-4.8088,308.2,2006-03-09,53,5.7,D,2006,3,spring,low
31.9435,-7.2349,311.2,2006-03-23,38,3.9,D,2006,3,spring,low
31.9419,-7.2244,332.0,2006-03-23,85,25.2,D,2006,3,spring,medium
33.4624,-7.8965,310.1,2006-03-23,65,6.9,D,2006,3,spring,low
35.1317,-4.4923,324.1,2006-04-04,80,18.3,D,2006,4,spring,low
35.1243,-4.4973,320.9,2006-04-04,45,13.1,D,2006,4,spring,low
35.1261,-4.4855,321.0,2006-04-04,63,13.5,D,2006,4,spring,low
35.1357,-5.09,306.5,2006-04-04,68,18.9,N,2006,4,spring,low
35.0779,-6.0959,318.3,2006-04-08,70,8.3,D,2006,4,spring,low
35.1299,-4.4937,316.5,2006-04-11,50,6.6,D,2006,4,spring,low
27.121,-13.2056,326.7,2006-04-12,73,13.4,D,2006,4,spring,low
34.6017,-5.9924,309.5,2006-04-13,37,8.3,D,2006,4,spring,low
34.0257,-4.8459,323.2,2006-04-27,72,13.3,D,2006,4,spring,low
33.2112,-7.7974,316.1,2006-04-27,44,9.6,D,2006,4,spring,low
34.3718,-6.0123,310.7,2006-04-28,56,9.3,D,2006,4,spring,low
35.0025,-5.9434,317.5,2006-05-05,71,12.2,D,2006,5,spring,low
32.8135,-8.3768,328.7,2006-05-07,75,22.1,D,2006,5,spring,medium
32.8082,-8.3814,333.2,2006-05-07,81,31.0,D,2006,5,spring,medium
32.8031,-8.3752,333.9,2006-05-07,82,33.8,D,2006,5,spring,medium
32.8098,-8.3667,321.3,2006-05-07,59,7.3,D,2006,5,spring,low
34.4152,-5.9442,315.0,2006-05-08,60,10.4,D,2006,5,spring,low
34.614,-6.2366,314.3,2006-05-08,61,8.6,D,2006,5,spring,low
32.4484,-6.3409,324.7,2006-05-10,76,11.8,D,2006,5,spring,low
34.5908,-5.9904,322.7,2006-05-12,73,13.1,D,2006,5,spring,low
33.7811,-6.9563,328.3,2006-05-20,71,17.2,D,2006,5,spring,low
33.7902,-6.9584,322.5,2006-05-20,52,10.2,D,2006,5,spring,low
27.1177,-13.2131,322.7,2006-05-21,56,9.9,D,2006,5,spring,low
34.3395,-5.4463,320.1,2006-05-21,65,47.4,D,2006,5,spring,medium
32.9496,-8.4005,325.2,2006-05-25,62,7.6,D,2006,5,spring,low
32.951,-8.3896,341.5,2006-05-25,87,31.6,D,2006,5,spring,medium
33.6834,-6.9773,357.4,2006-05-27,98,65.9,D,2006,5,spring,medium
33.685,-6.9667,347.9,2006-05-27,92,44.8,D,2006,5,spring,medium
32.0899,-7.8958,328.4,2006-06-01,79,66.8,D,2006,6,summer,medium
32.0922,-7.9275,323.9,2006-06-01,73,42.6,D,2006,6,summer,medium
33.2993,-6.5439,328.9,2006-06-04,52,8.7,D,2006,6,summer,low
33.2904,-6.5457,330.8,2006-06-04,71,11.9,D,2006,6,summer,low
34.4643,-5.8888,305.5,2006-06-05,64,8.3,N,2006,6,summer,low
33.3074,-7.2918,328.5,2006-06-05,72,41.5,D,2006,6,summer,medium
34.9761,-5.9092,350.8,2006-06-06,94,69.2,D,2006,6,summer,medium
35.0182,-6.1669,323.9,2006-06-07,62,21.6,D,2006,6,summer,medium
33.3982,-6.5368,323.4,2006-06-10,64,15.6,D,2006,6,summer,low
33.6948,-7.3124,318.7,2006-06-10,50,7.8,D,2006,6,summer,low
34.5577,-6.0309,332.4,2006-06-20,78,17.5,D,2006,6,summer,low
35.051,-5.9495,329.2,2006-06-22,69,16.2,D,2006,6,summer,low
32.1509,-7.8843,326.5,2006-06-25,67,36.9,D,2006,6,summer,medium
32.1535,-7.8918,327.1,2006-06-25,69,40.5,D,2006,6,summer,medium
34.1628,-5.9107,342.9,2006-06-28,86,27.0,D,2006,6,summer,medium
34.1613,-5.9216,344.8,2006-06-28,88,30.2,D,2006,6,summer,medium
35.0925,-5.204,330.6,2006-06-28,71,19.1,D,2006,6,summer,low
35.094,-5.1924,323.0,2006-06-28,30,9.7,D,2006,6,summer,low
34.5448,-6.0736,330.6,2006-06-28,71,12.8,D,2006,6,summer,low
33.5163,-7.5366,350.8,2006-06-29,94,63.6,D,2006,6,summer,medium
31.3603,-8.7464,332.1,2006-06-30,68,19.6,D,2006,6,summer,low
33.5898,-7.1662,325.1,2006-07-01,55,21.6,D,2006,7,summer,medium
34.5549,-6.0972,327.4,2006-07-06,47,8.1,D,2006,7,summer,low
33.8674,-5.6088,302.1,2006-07-07,47,7.9,N,2006,7,summer,low
35.6468,-5.8511,335.3,2006-07-07,87,16.4,D,2006,7,summer,low
35.6379,-5.8491,344.8,2006-07-07,93,31.8,D,2006,7,summer,medium
35.6452,-5.862,345.3,2006-07-07,93,32.8,D,2006,7,summer,medium
35.6364,-5.86,357.9,2006-07-07,99,60.3,D,2006,7,summer,medium
34.9883,-5.5397,336.6,2006-07-08,80,24.7,D,2006,7,summer,medium
34.5342,-5.5591,331.0,2006-07-09,70,28.7,D,2006,7,summer,medium
33.5301,-5.4207,335.8,2006-07-09,76,21.1,D,2006,7,summer,medium
33.5168,-5.4238,344.4,2006-07-09,66,40.4,D,2006,7,summer,medium
33.5324,-5.4077,337.0,2006-07-09,78,23.9,D,2006,7,summer,medium
33.5287,-5.4134,350.9,2006-07-09,93,57.0,D,2006,7,summer,medium
34.1967,-4.9108,335.1,2006-07-11,70,21.0,D,2006,7,summer,medium
32.4282,-6.8321,334.9,2006-07-14,70,12.8,D,2006,7,summer,low
34.1972,-5.56,334.4,2006-07-15,71,10.1,D,2006,7,summer,low
34.4546,-5.3545,333.2,2006-07-15,54,10.5,D,2006,7,summer,low
33.2393,-7.3251,343.4,2006-07-15,85,30.5,D,2006,7,summer,medium
33.539,-7.6965,332.2,2006-07-18,74,22.1,D,2006,7,summer,medium
33.4766,-7.5313,328.8,2006-07-18,63,14.0,D,2006,7,summer,low
34.1561,-5.4857,333.2,2006-07-19,73,31.4,D,2006,7,summer,medium
33.7521,-5.5137,330.4,2006-07-20,72,13.2,D,2006,7,summer,low
33.7543,-5.5265,331.4,2006-07-20,74,14.7,D,2006,7,summer,low
29.8803,-9.134,328.3,2006-07-20,52,10.0,D,2006,7,summer,low
34.1565,-5.5009,334.8,2006-07-22,78,13.3,D,2006,7,summer,low
34.1581,-5.5116,344.0,2006-07-22,88,29.0,D,2006,7,summer,medium
34.9347,-4.8621,338.0,2006-07-23,77,16.4,D,2006,7,summer,low
34.6432,-5.9348,339.1,2006-07-23,78,15.2,D,2006,7,summer,low
33.813,-5.4393,332.3,2006-07-24,69,11.0,D,2006,7,summer,low
34.1978,-5.7486,344.1,2006-07-24,87,39.1,D,2006,7,summer,medium
34.1963,-5.7356,332.7,2006-07-24,56,16.6,D,2006,7,summer,low
33.8145,-5.4516,336.8,2006-07-24,79,19.4,D,2006,7,summer,low
34.0844,-5.8318,330.7,2006-07-24,59,10.1,D,2006,7,summer,low
35.4433,-5.4883,334.8,2006-07-25,77,17.1,D,2006,7,summer,low
35.3982,-5.5148,323.5,2006-07-27,40,16.0,D,2006,7,summer,low
35.3978,-5.4904,329.9,2006-07-28,64,20.6,D,2006,7,summer,medium
35.402,-5.4989,329.3,2006-07-28,67,15.7,D,2006,7,summer,low
35.3962,-5.5061,328.9,2006-07-28,59,19.6,D,2006,7,summer,low
33.7828,-5.9455,332.5,2006-07-29,73,11.8,D,2006,7,summer,low
34.2255,-5.6421,331.5,2006-07-29,69,11.6,D,2006,7,summer,low
34.5818,-5.7888,338.0,2006-07-29,80,18.8,D,2006,7,summer,low
32.3934,-6.998,331.7,2006-07-29,66,10.4,D,2006,7,summer,low
33.0331,-7.7856,343.1,2006-07-30,88,194.9,D,2006,7,summer,high
33.018,-7.7906,324.1,2006-07-30,51,37.8,D,2006,7,summer,medium
34.5977,-5.7366,339.3,2006-07-30,60,16.9,D,2006,7,summer,low
34.5992,-5.7255,335.4,2006-07-30,54,10.6,D,2006,7,summer,low
33.7466,-5.5228,330.6,2006-07-31,63,8.5,D,2006,7,summer,low
35.6535,-5.4963,323.7,2006-08-01,65,32.9,D,2006,8,summer,medium
35.6431,-5.4895,333.3,2006-08-01,85,13.3,D,2006,8,summer,low
33.6313,-6.6904,329.9,2006-08-02,64,17.5,D,2006,8,summer,low
33.633,-6.7077,331.8,2006-08-02,70,23.9,D,2006,8,summer,medium
33.1528,-7.4642,341.5,2006-08-03,85,41.2,D,2006,8,summer,medium
34.981,-2.7336,365.1,2006-08-03,100,84.9,D,2006,8,summer,medium
34.988,-2.7419,362.2,2006-08-03,100,74.4,D,2006,8,summer,medium
34.9792,-2.7451,376.3,2006-08-03,100,125.9,D,2006,8,summer,high
33.8135,-5.6056,326.0,2006-08-04,59,25.0,D,2006,8,summer,medium
33.84,-5.6452,339.0,2006-08-04,80,41.4,D,2006,8,summer,medium
33.8367,-5.65,339.2,2006-08-04,80,42.4,D,2006,8,summer,medium
33.8867,-4.0589,309.8,2006-08-05,78,13.0,N,2006,8,summer,low
33.9541,-5.4968,327.2,2006-08-05,59,10.8,D,2006,8,summer,low
33.8871,-4.0686,360.0,2006-08-05,99,175.7,D,2006,8,summer,high
33.8815,-4.0715,356.6,2006-08-05,97,154.5,D,2006,8,summer,high
34.5819,-5.5655,333.0,2006-08-06,71,15.2,D,2006,8,summer,low
33.8694,-5.3215,335.6,2006-08-07,79,17.0,D,2006,8,summer,low
34.1258,-4.8816,331.2,2006-08-07,71,11.3,D,2006,8,summer,low
34.1382,-5.6289,335.1,2006-08-08,72,13.1,D,2006,8,summer,low
33.976,-5.496,360.6,2006-08-09,100,83.5,D,2006,8,summer,medium
33.9745,-5.4834,347.2,2006-08-09,91,44.8,D,2006,8,summer,medium
34.2617,-4.4129,306.5,2006-08-09,68,9.5,N,2006,8,summer,low
33.7007,-5.5567,338.7,2006-08-10,84,69.9,D,2006,8,summer,medium
33.7035,-5.5624,335.2,2006-08-10,80,51.3,D,2006,8,summer,medium
34.6593,-5.7937,333.4,2006-08-10,69,10.8,D,2006,8,summer,low
35.1291,-5.5839,358.6,2006-08-10,99,75.9,D,2006,8,summer,medium
35.1386,-5.5863,392.9,2006-08-10,100,239.5,D,2006,8,summer,high
35.5748,-5.3124,325.7,2006-08-12,62,14.1,D,2006,8,summer,low
34.5812,-5.7141,330.4,2006-08-12,71,16.9,D,2006,8,summer,low
34.0074,-5.1967,328.4,2006-08-13,69,44.4,D,2006,8,summer,medium
33.9999,-5.1749,325.1,2006-08-13,59,28.3,D,2006,8,summer,medium
34.0021,-5.2033,325.8,2006-08-13,61,32.6,D,2006,8,summer,medium
34.1222,-5.4235,328.8,2006-08-13,40,13.4,D,2006,8,summer,low
34.2835,-5.143,327.7,2006-08-14,68,10.7,D,2006,8,summer,low
34.5571,-6.1033,326.4,2006-08-14,63,10.3,D,2006,8,summer,low
33.4262,-6.7451,340.2,2006-08-14,85,27.7,D,2006,8,summer,medium
34.1499,-5.4975,332.7,2006-08-15,72,13.1,D,2006,8,summer,low
33.9819,-5.5847,333.7,2006-08-15,74,13.5,D,2006,8,summer,low
33.9805,-5.5958,331.5,2006-08-15,69,10.6,D,2006,8,summer,low
33.7076,-6.64,348.0,2006-08-15,91,38.4,D,2006,8,summer,medium
35.5006,-5.4612,343.0,2006-08-16,86,45.1,D,2006,8,summer,medium
35.5098,-5.4595,347.2,2006-08-16,93,53.7,D,2006,8,summer,medium
35.5113,-5.4706,350.3,2006-08-16,90,61.0,D,2006,8,summer,medium
34.0185,-5.1893,333.4,2006-08-16,80,18.5,D,2006,8,summer,low
34.008,-5.1801,334.8,2006-08-16,82,20.1,D,2006,8,summer,medium
34.0095,-5.191,365.3,2006-08-16,100,88.3,D,2006,8,summer,medium
33.6112,-6.4616,332.6,2006-08-16,78,15.4,D,2006,8,summer,low
33.9778,-5.4964,327.9,2006-08-16,72,11.6,D,2006,8,summer,low
33.9763,-5.4854,324.0,2006-08-16,62,6.9,D,2006,8,summer,low
34.0028,-5.6572,300.7,2006-08-19,32,5.8,N,2006,8,summer,low
34.1356,-5.4577,328.0,2006-08-19,64,28.6,D,2006,8,summer,medium
34.1308,-5.4538,324.9,2006-08-19,65,20.2,D,2006,8,summer,medium
33.9395,-4.5949,324.2,2006-08-19,65,19.5,D,2006,8,summer,low
34.5217,-5.2446,327.1,2006-08-19,69,12.4,D,2006,8,summer,low
33.9789,-4.6994,328.0,2006-08-19,66,12.4,D,2006,8,summer,low
34.3714,-5.5438,327.5,2006-08-20,71,32.4,D,2006,8,summer,medium
34.373,-5.5508,328.4,2006-08-20,73,35.1,D,2006,8,summer,medium
33.9588,-5.548,330.6,2006-08-20,77,50.2,D,2006,8,summer,medium
35.399,-5.6466,334.1,2006-08-20,86,59.5,D,2006,8,summer,medium
35.3973,-5.6645,355.8,2006-08-20,98,152.1,D,2006,8,summer,high
35.4053,-5.6528,328.4,2006-08-20,81,45.7,D,2006,8,summer,medium
35.4036,-5.6718,320.9,2006-08-20,69,24.3,D,2006,8,summer,medium
34.7131,-4.8107,345.2,2006-08-20,90,95.2,D,2006,8,summer,medium
34.7152,-4.7878,338.1,2006-08-20,70,58.7,D,2006,8,summer,medium
34.7009,-4.8084,380.4,2006-08-20,100,366.0,D,2006,8,summer,high
34.7029,-4.7858,366.6,2006-08-20,100,231.8,D,2006,8,summer,high
33.5346,-6.5515,329.7,2006-08-20,68,12.1,D,2006,8,summer,low
35.0758,-5.4767,328.7,2006-08-20,70,23.5,D,2006,8,summer,medium
35.0814,-5.4831,325.2,2006-08-20,65,16.5,D,2006,8,summer,low
33.5362,-6.536,330.1,2006-08-20,68,13.2,D,2006,8,summer,low
34.5034,-5.4967,328.6,2006-08-21,68,11.1,D,2006,8,summer,low
33.6664,-6.3447,335.2,2006-08-21,77,11.6,D,2006,8,summer,low
35.4034,-5.6969,326.0,2006-08-21,73,18.1,D,2006,8,summer,low
33.9107,-5.5977,327.8,2006-08-21,39,11.4,D,2006,8,summer,low
33.9397,-5.7083,337.6,2006-08-21,81,22.3,D,2006,8,summer,medium
34.2112,-5.3623,335.9,2006-08-21,80,22.6,D,2006,8,summer,medium
35.4148,-5.7067,353.8,2006-08-21,97,75.6,D,2006,8,summer,medium
35.4129,-5.695,340.3,2006-08-21,89,43.8,D,2006,8,summer,medium
35.4054,-5.7087,343.6,2006-08-21,91,48.8,D,2006,8,summer,medium
34.7047,-4.8079,335.5,2006-08-21,80,46.9,D,2006,8,summer,medium
34.7086,-4.8225,338.0,2006-08-21,83,59.5,D,2006,8,summer,medium
35.4046,-5.7297,328.1,2006-08-21,77,52.3,D,2006,8,summer,medium
33.8966,-4.7176,334.4,2006-08-22,79,95.7,D,2006,8,summer,medium
34.162,-6.403,328.6,2006-08-24,46,8.1,D,2006,8,summer,low
34.8259,-4.5428,352.8,2006-08-24,95,58.2,D,2006,8,summer,medium
34.8244,-4.5537,333.3,2006-08-24,58,20.8,D,2006,8,summer,medium
34.8348,-4.545,336.8,2006-08-24,73,26.1,D,2006,8,summer,medium
35.6874,-5.6104,324.5,2006-08-26,78,10.2,D,2006,8,summer,low
34.7007,-6.0604,331.2,2006-08-26,70,14.4,D,2006,8,summer,low
34.703,-6.0472,344.6,2006-08-26,89,42.7,D,2006,8,summer,medium
35.0761,-5.061,332.6,2006-08-26,74,16.0,D,2006,8,summer,low
34.9283,-5.0552,316.4,2006-08-27,93,48.1,N,2006,8,summer,medium
34.9353,-5.0509,315.2,2006-08-27,91,43.0,N,2006,8,summer,medium
34.9299,-5.0757,310.9,2006-08-27,81,30.3,N,2006,8,summer,medium
34.9358,-5.0533,308.5,2006-08-28,75,8.5,N,2006,8,summer,low
34.7567,-5.9199,334.1,2006-08-28,74,15.9,D,2006,8,summer,low
31.5301,-8.0501,334.5,2006-08-28,76,16.1,D,2006,8,summer,low
31.5257,-8.0443,334.5,2006-08-28,76,18.3,D,2006,8,summer,low
33.9915,-5.6302,332.4,2006-08-28,58,17.2,D,2006,8,summer,low
34.5118,-6.3598,330.2,2006-08-28,62,35.5,D,2006,8,summer,medium
34.191,-5.4384,358.0,2006-08-29,98,82.0,D,2006,8,summer,medium
35.4237,-5.7497,368.3,2006-08-29,100,149.1,D,2006,8,summer,high
34.7034,-4.7991,352.2,2006-08-29,94,83.9,D,2006,8,summer,medium
34.2015,-5.4397,349.1,2006-08-29,91,47.4,D,2006,8,summer,medium
35.4133,-5.747,380.8,2006-08-29,100,221.2,D,2006,8,summer,high
35.194,-5.548,335.7,2006-08-30,80,18.8,D,2006,8,summer,low
34.4208,-5.5734,334.4,2006-08-30,57,12.8,D,2006,8,summer,low
33.949,-4.6264,338.6,2006-08-30,80,21.6,D,2006,8,summer,medium
35.237,-5.584,328.9,2006-08-30,64,9.6,D,2006,8,summer,low
35.1922,-5.5369,328.6,2006-08-30,65,9.1,D,2006,8,summer,low
33.7923,-6.6443,339.1,2006-08-30,81,20.4,D,2006,8,summer,medium
33.789,-6.6229,335.9,2006-08-30,77,15.7,D,2006,8,summer,low
33.7874,-6.6121,330.9,2006-08-30,65,8.7,D,2006,8,summer,low
33.2988,-7.232,331.7,2006-08-30,59,8.0,D,2006,8,summer,low
35.1899,-5.5451,328.5,2006-08-30,46,48.4,D,2006,8,summer,medium
35.4411,-5.7575,311.4,2006-08-30,82,8.2,N,2006,8,summer,low
35.1958,-5.5518,305.9,2006-08-30,66,4.9,N,2006,8,summer,low
35.1576,-5.8882,347.0,2006-08-31,91,30.6,D,2006,8,summer,medium
34.7565,-5.6516,357.4,2006-08-31,98,57.9,D,2006,8,summer,medium
35.4366,-5.7882,328.1,2006-08-31,36,9.0,D,2006,8,summer,low
35.3704,-5.3874,324.1,2006-08-31,30,8.5,D,2006,8,summer,low
35.0403,-5.8066,336.8,2006-08-31,81,11.9,D,2006,8,summer,low
33.4806,-5.2517,328.7,2006-09-01,36,12.9,D,2006,9,autumn,low
34.031,-4.7784,336.2,2006-09-01,71,19.9,D,2006,9,autumn,low
34.6643,-5.6376,332.2,2006-09-01,74,9.2,D,2006,9,autumn,low
34.7091,-6.035,333.8,2006-09-02,69,9.3,D,2006,9,autumn,low
35.1213,-5.5898,365.0,2006-09-02,100,85.0,D,2006,9,autumn,medium
35.123,-5.5789,364.1,2006-09-02,100,81.0,D,2006,9,autumn,medium
34.8932,-5.3005,312.6,2006-09-03,85,81.8,N,2006,9,autumn,medium
34.8951,-5.3461,307.7,2006-09-03,72,54.5,N,2006,9,autumn,medium
34.8898,-5.3056,313.5,2006-09-03,87,89.6,N,2006,9,autumn,medium
34.8881,-5.2931,306.2,2006-09-03,43,49.1,N,2006,9,autumn,medium
34.8876,-5.303,308.4,2006-09-03,60,60.8,N,2006,9,autumn,medium
34.8964,-5.3156,347.6,2006-09-03,91,65.6,D,2006,9,autumn,medium
34.886,-5.3173,341.8,2006-09-03,86,47.3,D,2006,9,autumn,medium
34.898,-5.3301,345.9,2006-09-03,90,59.8,D,2006,9,autumn,medium
33.7364,-6.8228,330.6,2006-09-03,66,20.6,D,2006,9,autumn,medium
33.3959,-6.946,386.3,2006-09-03,100,503.7,D,2006,9,autumn,high
33.383,-6.9444,408.4,2006-09-03,100,893.6,D,2006,9,autumn,high
33.3811,-6.9675,370.7,2006-09-03,100,307.6,D,2006,9,autumn,high
33.3939,-6.9694,355.7,2006-09-03,97,174.5,D,2006,9,autumn,high
34.8674,-5.3453,343.4,2006-09-03,89,146.1,D,2006,9,autumn,high
34.8843,-5.3119,338.1,2006-09-03,85,112.4,D,2006,9,autumn,high
34.882,-5.3458,341.0,2006-09-03,87,130.1,D,2006,9,autumn,high
34.8927,-5.3303,306.6,2006-09-03,63,13.2,N,2006,9,autumn,low
34.8979,-5.3157,305.9,2006-09-03,37,11.4,N,2006,9,autumn,low
34.8973,-5.3119,308.4,2006-09-04,74,7.4,N,2006,9,autumn,low
33.2807,-7.6585,306.6,2006-09-04,69,9.8,N,2006,9,autumn,low
34.0113,-4.5744,306.3,2006-09-04,67,6.6,N,2006,9,autumn,low
33.7491,-6.6045,341.9,2006-09-04,88,48.3,D,2006,9,autumn,medium
35.2499,-6.0414,345.6,2006-09-04,92,63.9,D,2006,9,autumn,medium
35.2508,-6.0353,340.0,2006-09-04,88,45.0,D,2006,9,autumn,medium
35.2541,-6.0521,334.9,2006-09-04,84,30.4,D,2006,9,autumn,medium
34.8841,-5.3059,352.9,2006-09-04,96,136.5,D,2006,9,autumn,high
34.0928,-6.0355,333.8,2006-09-04,79,30.5,D,2006,9,autumn,medium
34.8974,-5.3268,332.6,2006-09-04,70,22.5,D,2006,9,autumn,medium
34.8796,-5.3077,332.6,2006-09-04,75,23.7,D,2006,9,autumn,medium
35.4132,-5.7411,365.2,2006-09-04,100,146.2,D,2006,9,autumn,high
35.416,-5.7253,446.1,2006-09-04,100,1063.8,D,2006,9,autumn,high
35.4191,-5.7083,328.9,2006-09-04,69,29.0,D,2006,9,autumn,medium
35.4058,-5.7221,323.1,2006-09-04,66,18.0,D,2006,9,autumn,low
35.4247,-5.7175,355.5,2006-09-04,98,109.4,D,2006,9,autumn,high
35.4217,-5.7336,358.2,2006-09-04,99,119.8,D,2006,9,autumn,high
35.4145,-5.7144,374.5,2006-09-04,100,200.2,D,2006,9,autumn,high
35.4114,-5.731,407.2,2006-09-04,100,472.0,D,2006,9,autumn,high
35.0857,-5.6018,314.0,2006-09-04,84,12.7,N,2006,9,autumn,low
35.0843,-5.6142,310.9,2006-09-04,55,9.6,N,2006,9,autumn,low
35.0829,-5.6259,364.2,2006-09-04,100,121.1,N,2006,9,autumn,high
35.2002,-5.5759,321.7,2006-09-04,100,21.9,N,2006,9,autumn,medium
35.189,-5.587,321.9,2006-09-04,100,21.9,N,2006,9,autumn,medium
35.1905,-5.5742,312.1,2006-09-04,84,11.1,N,2006,9,autumn,low
35.0815,-5.6377,327.1,2006-09-04,100,29.1,N,2006,9,autumn,medium
35.0954,-5.6034,310.5,2006-09-04,33,9.3,N,2006,9,autumn,low
35.1067,-5.5913,315.6,2006-09-04,84,14.4,N,2006,9,autumn,low
35.105,-5.605,344.4,2006-09-04,100,62.0,N,2006,9,autumn,medium
35.1104,-5.5847,302.6,2006-09-04,50,4.4,N,2006,9,autumn,low
35.1088,-5.5986,331.1,2006-09-04,100,37.0,N,2006,9,autumn,medium
35.1073,-5.6116,328.9,2006-09-04,100,33.0,N,2006,9,autumn,medium
34.8785,-5.301,308.9,2006-09-04,76,9.2,N,2006,9,autumn,low
34.8771,-5.314,306.4,2006-09-04,68,7.2,N,2006,9,autumn,low
34.8882,-5.3032,311.7,2006-09-04,83,11.3,N,2006,9,autumn,low
35.1987,-5.5882,340.4,2006-09-04,100,53.1,N,2006,9,autumn,medium
35.4261,-5.737,318.4,2006-09-04,97,17.6,N,2006,9,autumn,low
35.418,-5.7224,304.9,2006-09-04,42,5.2,N,2006,9,autumn,low
35.4166,-5.7347,306.9,2006-09-04,66,6.3,N,2006,9,autumn,low
35.4276,-5.7243,309.6,2006-09-04,72,9.0,N,2006,9,autumn,low
35.076,-5.5888,328.6,2006-09-05,100,107.5,N,2006,9,autumn,high
35.0822,-5.6165,309.2,2006-09-05,36,32.4,N,2006,9,autumn,medium
35.0891,-5.5819,334.7,2006-09-05,100,139.4,N,2006,9,autumn,high
35.0866,-5.6091,331.6,2006-09-05,100,123.1,N,2006,9,autumn,high
35.0794,-5.5779,340.1,2006-09-05,100,175.1,N,2006,9,autumn,high
35.4268,-5.7363,330.7,2006-09-05,100,115.7,N,2006,9,autumn,high
35.4329,-5.7632,313.1,2006-09-05,86,44.9,N,2006,9,autumn,medium
35.1032,-5.6648,371.9,2006-09-05,94,397.5,D,2006,9,autumn,high
35.1008,-5.6353,411.5,2006-09-05,100,1084.9,D,2006,9,autumn,high
35.0879,-5.6396,336.0,2006-09-05,75,109.0,D,2006,9,autumn,high
35.0833,-5.6549,349.6,2006-09-05,69,106.4,D,2006,9,autumn,high
34.8755,-5.3021,321.5,2006-09-05,34,33.9,D,2006,9,autumn,medium
35.105,-5.6478,336.1,2006-09-05,46,51.8,D,2006,9,autumn,medium
35.1034,-5.665,344.5,2006-09-05,82,86.3,D,2006,9,autumn,medium
35.0802,-5.6618,345.3,2006-09-05,77,86.9,D,2006,9,autumn,medium
35.0691,-5.6045,315.4,2006-09-05,88,68.0,N,2006,9,autumn,medium
35.0792,-5.615,311.2,2006-09-05,74,49.7,N,2006,9,autumn,medium
35.0874,-5.5812,309.9,2006-09-05,68,43.2,N,2006,9,autumn,medium
35.0789,-5.5884,304.8,2006-09-06,61,7.8,N,2006,9,autumn,low
33.9331,-5.8154,331.4,2006-09-06,76,11.3,D,2006,9,autumn,low
34.8554,-5.2985,335.2,2006-09-06,87,74.5,D,2006,9,autumn,medium
34.8676,-5.3026,336.4,2006-09-06,88,79.3,D,2006,9,autumn,medium
34.8601,-5.2766,323.2,2006-09-06,73,27.4,D,2006,9,autumn,medium
34.8668,-5.2974,352.4,2006-09-06,96,165.9,D,2006,9,autumn,high
34.8546,-5.2934,331.9,2006-09-06,83,61.4,D,2006,9,autumn,medium
35.0299,-5.7051,325.9,2006-09-06,100,22.5,N,2006,9,autumn,medium
35.0854,-5.5786,309.2,2006-09-06,77,8.1,N,2006,9,autumn,low
35.0284,-5.716,342.5,2006-09-06,100,46.4,N,2006,9,autumn,medium
33.8466,-5.3839,324.0,2006-09-07,64,38.7,D,2006,9,autumn,medium
33.7355,-5.7117,336.7,2006-09-07,76,16.2,D,2006,9,autumn,low
33.734,-5.7237,342.7,2006-09-07,85,28.6,D,2006,9,autumn,medium
34.5996,-6.0619,332.0,2006-09-07,54,10.8,D,2006,9,autumn,low
34.0086,-5.6385,333.7,2006-09-07,52,10.7,D,2006,9,autumn,low
34.8615,-5.2892,328.7,2006-09-07,40,12.1,D,2006,9,autumn,low
34.0071,-5.651,338.8,2006-09-07,78,20.3,D,2006,9,autumn,medium
35.0832,-5.5836,304.2,2006-09-08,59,16.6,N,2006,9,autumn,low
34.0075,-4.5623,329.8,2006-09-08,69,10.6,D,2006,9,autumn,low
34.8543,-5.2751,384.4,2006-09-09,100,152.2,D,2006,9,autumn,high
34.8528,-5.2859,336.0,2006-09-09,68,15.0,D,2006,9,autumn,low
34.8647,-5.2663,389.4,2006-09-09,100,177.6,D,2006,9,autumn,high
35.078,-5.5866,351.2,2006-09-09,94,46.2,D,2006,9,autumn,medium
34.8632,-5.2771,442.1,2006-09-09,100,594.0,D,2006,9,autumn,high
35.3552,-5.3844,326.9,2006-09-09,66,8.4,D,2006,9,autumn,low
35.187,-5.5931,334.7,2006-09-09,80,15.6,D,2006,9,autumn,low
34.8617,-5.2878,394.2,2006-09-09,100,197.2,D,2006,9,autumn,high
34.8721,-5.2789,435.6,2006-09-09,100,522.1,D,2006,9,autumn,high
34.8558,-5.2643,354.7,2006-09-09,96,55.4,D,2006,9,autumn,medium
34.8705,-5.2897,439.0,2006-09-09,100,557.5,D,2006,9,autumn,high
33.6467,-5.4012,326.8,2006-09-10,66,8.9,D,2006,9,autumn,low
33.9658,-5.5979,336.6,2006-09-10,81,24.4,D,2006,9,autumn,medium
34.5688,-6.2541,323.9,2006-09-10,57,56.7,D,2006,9,autumn,medium
34.1819,-5.4587,334.0,2006-09-11,75,13.6,D,2006,9,autumn,low
34.1915,-5.4613,332.3,2006-09-11,72,11.2,D,2006,9,autumn,low
33.1825,-5.6963,329.3,2006-09-11,74,12.4,D,2006,9,autumn,low
35.3503,-5.3874,330.5,2006-09-11,79,17.3,D,2006,9,autumn,low
35.3483,-5.3992,328.4,2006-09-11,76,14.1,D,2006,9,autumn,low
35.0175,-6.0027,326.8,2006-09-11,52,12.1,D,2006,9,autumn,low
34.5911,-6.1098,325.2,2006-09-13,75,20.3,D,2006,9,autumn,medium
35.0048,-2.3798,316.3,2006-09-14,65,18.0,D,2006,9,autumn,low
32.3807,-6.9839,327.5,2006-09-15,74,11.3,D,2006,9,autumn,low
32.3823,-6.9945,336.7,2006-09-15,85,23.3,D,2006,9,autumn,medium
34.0412,-4.9234,315.6,2006-09-16,49,58.1,D,2006,9,autumn,medium
34.0422,-4.9279,315.3,2006-09-16,50,58.7,D,2006,9,autumn,medium
33.2521,-8.0011,338.5,2006-09-16,85,29.4,D,2006,9,autumn,medium
35.3361,-5.8083,326.0,2006-09-16,75,11.5,D,2006,9,autumn,low
33.2594,-8.014,337.3,2006-09-16,84,27.2,D,2006,9,autumn,medium
33.2611,-8.0031,416.2,2006-09-16,100,368.9,D,2006,9,autumn,high
33.2628,-7.9922,324.5,2006-09-16,64,9.8,D,2006,9,autumn,low
33.7015,-5.5171,327.0,2006-09-16,71,9.7,D,2006,9,autumn,low
35.5779,-5.6105,326.2,2006-09-17,79,11.5,D,2006,9,autumn,low
35.443,-5.4812,330.1,2006-09-17,79,17.4,D,2006,9,autumn,low
35.192,-4.8326,320.5,2006-09-18,62,6.5,D,2006,9,autumn,low
35.1904,-4.8438,324.9,2006-09-18,75,10.9,D,2006,9,autumn,low
35.0765,-4.8678,319.4,2006-09-18,61,9.5,D,2006,9,autumn,low
35.5117,-5.5308,318.8,2006-09-18,56,6.3,D,2006,9,autumn,low
35.0749,-4.8785,320.1,2006-09-18,63,10.2,D,2006,9,autumn,low
33.8191,-6.8173,319.6,2006-09-21,58,9.0,D,2006,9,autumn,low
34.0429,-5.6895,331.1,2006-09-24,78,19.5,D,2006,9,autumn,low
33.8112,-6.3174,332.7,2006-09-24,83,20.2,D,2006,9,autumn,medium
34.3587,-5.5766,327.8,2006-09-24,78,12.9,D,2006,9,autumn,low
34.0413,-5.6789,324.4,2006-09-24,44,11.5,D,2006,9,autumn,low
35.1168,-5.2411,323.9,2006-09-25,64,10.2,D,2006,9,autumn,low
35.3485,-5.8111,322.8,2006-09-25,69,8.4,D,2006,9,autumn,low
33.8052,-5.7679,328.3,2006-09-25,73,12.9,D,2006,9,autumn,low
33.7839,-6.8243,323.6,2006-09-25,62,7.5,D,2006,9,autumn,low
33.5611,-7.459,321.8,2006-09-25,57,7.8,D,2006,9,autumn,low
35.6275,-5.4801,332.3,2006-09-26,85,24.7,D,2006,9,autumn,medium
33.5954,-7.0523,321.0,2006-09-26,44,8.9,D,2006,9,autumn,low
33.8248,-5.3924,331.2,2006-09-26,78,17.6,D,2006,9,autumn,low
33.8264,-5.4048,332.6,2006-09-26,80,20.0,D,2006,9,autumn,medium
32.8715,-8.0312,344.6,2006-09-26,90,121.1,D,2006,9,autumn,high
32.8736,-8.0067,348.5,2006-09-26,93,148.2,D,2006,9,autumn,high
32.8711,-8.0141,351.7,2006-09-26,95,171.6,D,2006,9,autumn,high
32.8692,-8.0385,329.1,2006-09-26,73,40.7,D,2006,9,autumn,medium
32.8843,-8.0159,332.1,2006-09-26,78,56.3,D,2006,9,autumn,medium
34.0194,-5.8608,330.8,2006-09-27,61,52.3,D,2006,9,autumn,medium
34.0197,-5.8552,331.4,2006-09-27,61,55.3,D,2006,9,autumn,medium
34.1224,-4.8149,325.3,2006-09-27,68,8.8,D,2006,9,autumn,low
33.8037,-7.1408,320.0,2006-09-27,61,13.8,D,2006,9,autumn,low
35.3511,-5.8994,326.7,2006-09-27,75,15.0,D,2006,9,autumn,low
34.8599,-4.7822,326.4,2006-09-27,72,13.6,D,2006,9,autumn,low
35.3489,-5.9123,331.4,2006-09-27,81,22.7,D,2006,9,autumn,medium
33.4378,-5.3427,323.7,2006-09-28,70,19.7,D,2006,9,autumn,low
35.127,-6.0591,312.8,2006-09-28,30,11.7,D,2006,9,autumn,low
35.1834,-4.8375,322.2,2006-09-29,70,20.6,D,2006,9,autumn,medium
34.3604,-6.261,328.3,2006-09-29,72,19.7,D,2006,9,autumn,low
35.1863,-4.8526,316.9,2006-09-29,45,11.0,D,2006,9,autumn,low
35.3528,-5.464,322.2,2006-09-30,51,18.1,D,2006,9,autumn,low
33.6805,-6.6259,328.8,2006-09-30,72,14.7,D,2006,9,autumn,low
35.3571,-5.4548,327.1,2006-09-30,80,26.1,D,2006,9,autumn,medium
35.3544,-5.4495,322.1,2006-09-30,66,16.3,D,2006,9,autumn,low
35.0971,-4.8694,323.5,2006-10-01,66,11.9,D,2006,10,autumn,low
33.7968,-5.9433,325.6,2006-10-01,69,8.9,D,2006,10,autumn,low
35.196,-5.592,318.3,2006-10-01,55,24.4,D,2006,10,autumn,medium
35.1917,-5.5851,319.2,2006-10-01,61,28.0,D,2006,10,autumn,medium
33.4859,-6.1318,330.9,2006-10-02,71,14.6,D,2006,10,autumn,low
33.4682,-6.7136,328.0,2006-10-02,62,7.2,D,2006,10,autumn,low
34.3797,-5.9175,326.4,2006-10-02,48,8.1,D,2006,10,autumn,low
35.1356,-6.0445,331.1,2006-10-02,78,20.1,D,2006,10,autumn,medium
33.7464,-5.7069,333.0,2006-10-02,75,14.0,D,2006,10,autumn,low
33.7449,-5.7178,331.9,2006-10-02,73,12.7,D,2006,10,autumn,low
33.9641,-5.7215,332.4,2006-10-02,74,13.2,D,2006,10,autumn,low
33.9731,-5.7233,336.2,2006-10-02,80,17.8,D,2006,10,autumn,low
34.3512,-6.2663,328.2,2006-10-02,61,10.3,D,2006,10,autumn,low
33.415,-7.7655,335.7,2006-10-02,80,21.0,D,2006,10,autumn,medium
35.4717,-5.5179,319.7,2006-10-03,50,9.4,D,2006,10,autumn,low
35.3153,-5.3709,329.8,2006-10-03,80,18.4,D,2006,10,autumn,low
35.3062,-5.3726,329.6,2006-10-03,80,18.7,D,2006,10,autumn,low
33.9131,-5.1425,322.9,2006-10-03,64,7.3,D,2006,10,autumn,low
35.1095,-6.0321,309.2,2006-10-04,55,25.0,D,2006,10,autumn,medium
32.1502,-7.7644,325.5,2006-10-04,72,33.9,D,2006,10,autumn,medium
32.1488,-7.7592,324.0,2006-10-04,70,30.8,D,2006,10,autumn,medium
34.2266,-4.9344,323.1,2006-10-04,72,10.6,D,2006,10,autumn,low
33.9545,-5.7352,323.6,2006-10-04,73,10.0,D,2006,10,autumn,low
33.5796,-5.6454,322.2,2006-10-04,70,10.1,D,2006,10,autumn,low
33.9654,-5.726,343.1,2006-10-04,91,39.3,D,2006,10,autumn,medium
35.3845,-5.7583,325.7,2006-10-04,79,17.9,D,2006,10,autumn,low
34.2176,-4.9324,323.9,2006-10-04,73,11.6,D,2006,10,autumn,low
33.8675,-6.8332,318.6,2006-10-04,55,8.0,D,2006,10,autumn,low
33.7443,-5.363,324.1,2006-10-04,74,13.0,D,2006,10,autumn,low
33.3758,-6.1562,320.8,2006-10-05,66,29.9,D,2006,10,autumn,medium
33.7442,-6.675,323.3,2006-10-06,71,20.0,D,2006,10,autumn,medium
35.3767,-5.4123,350.5,2006-10-06,95,120.9,D,2006,10,autumn,high
35.397,-5.8146,319.0,2006-10-06,69,11.0,D,2006,10,autumn,low
33.7896,-6.7959,319.7,2006-10-06,62,10.4,D,2006,10,autumn,low
35.2738,-6.0151,321.7,2006-10-06,61,14.3,D,2006,10,autumn,low
33.759,-6.202,320.8,2006-10-06,55,11.3,D,2006,10,autumn,low
34.0729,-5.7055,323.1,2006-10-06,68,13.7,D,2006,10,autumn,low
34.07,-5.721,325.1,2006-10-06,72,18.3,D,2006,10,autumn,low
35.3748,-5.4204,323.5,2006-10-06,72,20.1,D,2006,10,autumn,medium
35.4428,-5.4552,317.0,2006-10-06,53,12.7,D,2006,10,autumn,low
35.0862,-6.0275,319.2,2006-10-06,62,12.7,D,2006,10,autumn,low
35.522,-5.6909,315.7,2006-10-06,63,12.9,D,2006,10,autumn,low
35.3294,-5.4472,335.5,2006-10-06,86,42.5,D,2006,10,autumn,medium
35.0757,-6.0246,316.3,2006-10-06,37,7.2,D,2006,10,autumn,low
35.3677,-5.4111,321.2,2006-10-06,63,14.4,D,2006,10,autumn,low
34.0182,-5.537,328.6,2006-10-07,60,30.6,D,2006,10,autumn,medium
23.6724,-15.7587,319.3,2006-10-07,98,18.2,N,2006,10,autumn,low
23.671,-15.7685,301.6,2006-10-07,42,5.1,N,2006,10,autumn,low
34.9386,-4.7082,324.8,2006-10-08,76,21.5,D,2006,10,autumn,medium
33.6765,-6.8746,360.5,2006-10-08,100,83.1,D,2006,10,autumn,medium
33.6673,-6.8768,325.7,2006-10-08,76,13.5,D,2006,10,autumn,low
33.6783,-6.8859,328.1,2006-10-08,79,15.4,D,2006,10,autumn,low
33.8028,-5.6477,327.3,2006-10-08,79,18.1,D,2006,10,autumn,low
33.703,-5.6658,325.5,2006-10-08,78,14.6,D,2006,10,autumn,low
33.805,-5.6601,334.7,2006-10-08,86,30.7,D,2006,10,autumn,medium
34.2391,-4.8135,325.7,2006-10-08,62,27.7,D,2006,10,autumn,medium
35.1308,-5.7153,331.5,2006-10-08,66,77.8,D,2006,10,autumn,medium
34.1044,-5.6615,321.2,2006-10-09,67,48.5,D,2006,10,autumn,medium
34.2402,-5.2384,321.4,2006-10-10,70,9.1,D,2006,10,autumn,low
34.2419,-5.2491,318.5,2006-10-10,61,6.9,D,2006,10,autumn,low
33.8467,-4.7769,339.4,2006-10-10,88,30.8,D,2006,10,autumn,medium
33.854,-4.7641,322.4,2006-10-10,71,8.2,D,2006,10,autumn,low
33.8451,-4.7661,345.3,2006-10-10,92,41.4,D,2006,10,autumn,medium
35.2365,-5.3253,319.6,2006-10-11,43,5.9,D,2006,10,autumn,low
33.1912,-6.0107,325.5,2006-10-11,72,7.5,D,2006,10,autumn,low
35.1322,-6.0519,334.6,2006-10-11,85,27.6,D,2006,10,autumn,medium
33.7742,-6.7859,322.1,2006-10-11,61,8.1,D,2006,10,autumn,low
34.2481,-4.7858,328.0,2006-10-12,75,14.3,D,2006,10,autumn,low
34.2496,-4.7976,334.4,2006-10-12,83,24.3,D,2006,10,autumn,medium
33.7617,-7.2426,316.2,2006-10-13,42,11.5,D,2006,10,autumn,low
35.2875,-5.9565,320.8,2006-10-13,73,15.6,D,2006,10,autumn,low
33.9657,-5.5966,320.5,2006-10-13,66,22.3,D,2006,10,autumn,medium
33.7655,-7.248,317.3,2006-10-13,53,14.5,D,2006,10,autumn,low
33.7711,-6.4513,324.6,2006-10-13,67,14.4,D,2006,10,autumn,low
35.3736,-5.8411,323.4,2006-10-13,74,10.9,D,2006,10,autumn,low
35.5416,-5.7109,316.4,2006-10-13,64,9.5,D,2006,10,autumn,low
35.5036,-5.5647,321.7,2006-10-13,74,17.1,D,2006,10,autumn,low
35.4589,-5.8647,319.0,2006-10-14,70,23.3,D,2006,10,autumn,medium
35.0996,-5.6776,318.4,2006-10-14,42,22.0,D,2006,10,autumn,medium
35.1198,-6.0553,313.3,2006-10-16,66,9.4,D,2006,10,autumn,low
34.5103,-6.1617,314.7,2006-10-16,59,7.8,D,2006,10,autumn,low
33.3514,-6.7588,325.8,2006-10-17,78,16.4,D,2006,10,autumn,low
33.2458,-6.7324,314.4,2006-10-17,55,5.0,D,2006,10,autumn,low
33.353,-6.7694,317.3,2006-10-17,48,7.6,D,2006,10,autumn,low
30.5842,-8.5743,326.0,2006-10-17,75,13.9,D,2006,10,autumn,low
30.5856,-8.5847,321.8,2006-10-17,59,9.2,D,2006,10,autumn,low
33.5263,-5.3647,324.5,2006-10-20,77,14.0,D,2006,10,autumn,low
33.259,-6.5063,316.8,2006-10-20,61,7.0,D,2006,10,autumn,low
34.5487,-6.3194,314.2,2006-10-20,64,7.1,D,2006,10,autumn,low
33.9447,-5.2752,316.6,2006-10-21,63,8.7,D,2006,10,autumn,low
34.0612,-5.6728,315.8,2006-10-25,64,32.5,D,2006,10,autumn,medium
32.3647,-6.9914,330.9,2006-10-25,83,25.7,D,2006,10,autumn,medium
33.6064,-6.8784,317.0,2006-10-29,68,17.4,D,2006,10,autumn,low
33.125,-5.5745,319.4,2006-10-30,69,28.1,D,2006,10,autumn,medium
35.0985,-6.0352,310.7,2006-10-31,41,6.6,D,2006,10,autumn,low
35.0975,-6.0493,313.1,2006-10-31,57,12.4,D,2006,10,autumn,low
35.1295,-6.0569,301.5,2006-11-01,41,4.9,D,2006,11,autumn,low
34.9801,-2.6007,328.0,2006-11-11,84,26.0,D,2006,11,autumn,medium
34.8372,-5.4758,306.4,2006-11-11,51,4.5,D,2006,11,autumn,low
34.9749,-2.5955,319.5,2006-11-11,77,15.6,D,2006,11,autumn,low
34.977,-2.6079,326.4,2006-11-11,83,24.3,D,2006,11,autumn,medium
34.9823,-2.6132,320.4,2006-11-11,77,16.2,D,2006,11,autumn,low
34.97,-2.6135,312.7,2006-11-11,57,19.9,D,2006,11,autumn,low
34.9715,-2.6097,314.8,2006-11-11,68,26.5,D,2006,11,autumn,medium
33.3751,-5.458,310.3,2006-11-12,43,4.2,D,2006,11,autumn,low
35.1512,-6.0743,308.8,2006-11-14,64,8.6,D,2006,11,autumn,low
33.0749,-6.004,312.0,2006-11-15,43,21.7,D,2006,11,autumn,medium
33.0698,-5.9987,317.7,2006-11-15,76,34.7,D,2006,11,autumn,medium
33.8227,-5.3721,311.6,2006-11-15,64,19.2,D,2006,11,autumn,low
31.4269,-8.4703,312.2,2006-12-01,68,8.3,D,2006,12,winter,low
33.8953,-5.8932,304.6,2006-12-02,59,5.9,D,2006,12,winter,low
32.3945,-6.9455,311.9,2006-12-05,68,6.3,D,2006,12,winter,low
32.3856,-6.9437,308.7,2006-12-05,53,4.1,D,2006,12,winter,low
30.2589,-9.4919,308.0,2006-12-19,49,3.5,D,2006,12,winter,low
30.6253,-9.3954,367.6,2007-01-01,100,195.3,D,2007,1,winter,high
30.6285,-9.4127,379.3,2007-01-01,100,271.9,D,2007,1,winter,high
30.6145,-9.3975,313.9,2007-01-01,72,21.0,D,2007,1,winter,medium
30.6177,-9.4148,313.0,2007-01-01,71,20.0,D,2007,1,winter,medium
27.1235,-13.2077,338.2,2007-01-01,90,42.7,D,2007,1,winter,medium
30.6152,-9.4267,309.4,2007-01-01,65,27.8,D,2007,1,winter,medium
30.6202,-9.4029,313.3,2007-01-01,71,37.4,D,2007,1,winter,medium
33.6406,-4.3507,304.5,2007-01-11,59,14.7,D,2007,1,winter,low
35.2743,-5.1527,302.9,2007-01-15,54,43.2,D,2007,1,winter,medium
34.749,-4.7865,310.3,2007-01-20,49,11.2,D,2007,1,winter,low
33.0976,-5.4569,304.3,2007-01-22,46,5.4,D,2007,1,winter,low
35.3677,-5.9667,302.1,2007-02-13,50,3.6,D,2007,2,winter,low
31.6931,-7.9977,309.3,2007-02-15,62,5.7,D,2007,2,winter,low
33.1154,-8.1142,310.2,2007-02-27,54,16.9,D,2007,2,winter,low
33.1161,-8.1074,313.2,2007-02-27,62,22.6,D,2007,2,winter,medium
33.1202,-8.0919,309.1,2007-02-27,49,15.2,D,2007,2,winter,low
33.4617,-7.8977,309.4,2007-03-01,50,6.8,D,2007,3,spring,low
34.6755,-4.4844,317.6,2007-03-04,57,9.3,D,2007,3,spring,low
34.8651,-5.436,313.3,2007-03-04,47,6.1,D,2007,3,spring,low
33.908,-5.7281,301.7,2007-03-06,43,8.0,N,2007,3,spring,low
34.715,-1.914,306.6,2007-03-08,52,4.6,D,2007,3,spring,low
34.5944,-6.179,332.5,2007-03-10,86,28.9,D,2007,3,spring,medium
34.5854,-6.181,312.5,2007-03-10,63,7.8,D,2007,3,spring,low
34.1456,-6.1613,312.0,2007-03-10,58,24.5,D,2007,3,spring,medium
35.5052,-5.4942,304.9,2007-03-11,51,4.2,D,2007,3,spring,low
35.5038,-5.5054,320.5,2007-03-11,79,17.5,D,2007,3,spring,low
34.5758,-6.2423,346.2,2007-03-16,93,96.3,D,2007,3,spring,medium
35.0563,-4.8616,364.7,2007-03-19,100,95.7,D,2007,3,spring,medium
35.0546,-4.8505,320.4,2007-03-19,76,13.2,D,2007,3,spring,low
35.2203,-5.2771,310.0,2007-03-19,60,7.1,D,2007,3,spring,low
35.188,-4.8299,314.2,2007-03-25,63,10.2,D,2007,3,spring,low
33.2035,-7.865,320.6,2007-04-14,67,15.4,D,2007,4,spring,low
35.129,-4.4916,325.9,2007-04-15,80,25.3,D,2007,4,spring,medium
34.9873,-5.944,324.6,2007-04-28,74,13.8,D,2007,4,spring,low
35.7784,-5.6643,315.7,2007-04-28,64,9.0,D,2007,4,spring,low
34.4941,-6.4862,321.7,2007-05-07,60,9.8,D,2007,5,spring,low
35.061,-4.8342,319.5,2007-05-09,52,8.3,D,2007,5,spring,low
35.0538,-5.9774,320.1,2007-05-09,54,7.2,D,2007,5,spring,low
35.5146,-5.2647,328.6,2007-05-11,79,30.7,D,2007,5,spring,medium
33.8262,-5.5197,320.6,2007-05-13,64,6.5,D,2007,5,spring,low
33.207,-8.3578,318.8,2007-05-14,61,10.3,D,2007,5,spring,low
35.0249,-5.9463,314.8,2007-05-14,49,4.6,D,2007,5,spring,low
34.6973,-4.4736,324.0,2007-05-16,48,9.3,D,2007,5,spring,low
35.076,-2.2385,327.5,2007-05-17,74,15.9,D,2007,5,spring,low
29.6966,-9.0622,328.2,2007-05-18,58,13.4,D,2007,5,spring,low
29.699,-9.0758,339.1,2007-05-18,83,37.0,D,2007,5,spring,medium
35.141,-6.0184,311.0,2007-05-23,56,9.0,D,2007,5,spring,low
35.1394,-6.0292,309.1,2007-05-23,40,7.8,D,2007,5,spring,low
33.8545,-5.5141,328.2,2007-05-30,56,9.5,D,2007,5,spring,low
35.1838,-5.9891,320.1,2007-06-04,50,16.0,D,2007,6,summer,low
34.6254,-3.9139,326.8,2007-06-09,57,8.7,D,2007,6,summer,low
34.6345,-3.9121,331.1,2007-06-09,74,14.3,D,2007,6,summer,low
34.6239,-3.9029,329.4,2007-06-09,73,12.1,D,2007,6,summer,low
34.5728,-6.002,322.7,2007-06-12,51,13.2,D,2007,6,summer,low
34.1954,-6.6596,325.6,2007-06-12,65,12.4,D,2007,6,summer,low
34.1955,-6.6654,327.8,2007-06-12,67,14.2,D,2007,6,summer,low
34.7554,-2.8026,301.6,2007-06-14,43,4.4,N,2007,6,summer,low
34.9006,-6.2327,328.5,2007-06-16,67,10.7,D,2007,6,summer,low
34.5669,-6.1236,321.4,2007-06-19,54,14.8,D,2007,6,summer,low
32.0584,-7.9178,335.7,2007-06-24,74,14.8,D,2007,6,summer,low
35.0825,-5.9557,332.7,2007-07-02,77,17.8,D,2007,7,summer,low
35.0232,-5.204,332.0,2007-07-08,59,20.9,D,2007,7,summer,medium
35.3557,-5.4354,327.2,2007-07-09,63,7.6,D,2007,7,summer,low
35.5326,-5.479,318.9,2007-07-12,60,26.8,D,2007,7,summer,medium
35.5376,-5.4923,344.7,2007-07-12,93,127.0,D,2007,7,summer,high
35.5369,-5.4992,341.6,2007-07-12,91,113.0,D,2007,7,summer,high
33.609,-6.6101,301.1,2007-07-23,37,11.7,N,2007,7,summer,low
33.8517,-5.3587,328.7,2007-07-23,65,10.2,D,2007,7,summer,low
35.102,-5.9808,335.8,2007-07-28,78,28.6,D,2007,7,summer,medium
35.0064,-4.9331,311.0,2007-07-28,81,17.0,N,2007,7,summer,low
35.7676,-5.6634,331.9,2007-07-29,84,54.9,D,2007,7,summer,medium
35.7655,-5.6906,326.1,2007-07-29,79,31.7,D,2007,7,summer,medium
35.7686,-5.6554,327.9,2007-07-29,47,33.7,D,2007,7,summer,medium
35.7806,-5.665,349.6,2007-07-29,95,146.9,D,2007,7,summer,high
35.723,-5.3988,322.6,2007-07-29,74,32.6,D,2007,7,summer,medium
35.7249,-5.3733,334.2,2007-07-29,65,79.1,D,2007,7,summer,medium
35.7785,-5.6913,379.0,2007-07-29,100,425.9,D,2007,7,summer,high
35.7663,-5.6822,335.0,2007-07-29,87,63.5,D,2007,7,summer,medium
34.8322,-5.4874,366.9,2007-07-30,100,189.1,D,2007,7,summer,high
35.5834,-5.8041,351.1,2007-07-31,96,75.6,D,2007,7,summer,medium
33.7456,-5.7118,341.0,2007-08-01,83,21.0,D,2007,8,summer,medium
33.7547,-5.7097,335.2,2007-08-01,62,10.1,D,2007,8,summer,low
34.923,-4.867,340.3,2007-08-03,84,23.4,D,2007,8,summer,medium
34.9214,-4.856,335.1,2007-08-03,76,15.1,D,2007,8,summer,low
35.5709,-5.8356,334.0,2007-08-03,76,192.6,D,2007,8,summer,high
35.5882,-5.837,320.4,2007-08-03,71,59.4,D,2007,8,summer,medium
35.5735,-5.7952,324.2,2007-08-03,77,96.3,D,2007,8,summer,medium
35.5718,-5.8402,331.9,2007-08-03,84,171.7,D,2007,8,summer,high
35.5729,-5.7912,319.9,2007-08-03,53,56.8,D,2007,8,summer,medium
34.9155,-4.887,310.8,2007-08-03,81,10.3,N,2007,8,summer,low
34.9181,-4.872,326.5,2007-08-03,100,33.0,N,2007,8,summer,medium
34.9083,-4.8686,314.3,2007-08-03,70,16.6,N,2007,8,summer,low
34.9177,-4.8729,310.2,2007-08-04,74,10.3,N,2007,8,summer,low
34.9139,-4.8842,331.8,2007-08-04,76,61.2,D,2007,8,summer,medium
34.9078,-4.8584,338.4,2007-08-04,84,112.0,D,2007,8,summer,high
34.921,-4.8567,327.3,2007-08-04,64,37.8,D,2007,8,summer,medium
34.9075,-4.8649,337.9,2007-08-04,83,109.0,D,2007,8,summer,high
34.9137,-4.857,351.7,2007-08-04,94,40.7,D,2007,8,summer,medium
34.921,-4.8701,332.1,2007-08-04,59,6.5,D,2007,8,summer,low
34.9121,-4.8679,346.5,2007-08-04,89,29.7,D,2007,8,summer,medium
34.8115,-2.4628,326.5,2007-08-05,100,38.7,N,2007,8,summer,medium
34.8039,-2.4449,323.3,2007-08-05,100,32.4,N,2007,8,summer,medium
34.8011,-2.4602,323.9,2007-08-05,100,33.3,N,2007,8,summer,medium
34.8141,-2.4483,324.7,2007-08-05,100,35.5,N,2007,8,summer,medium
35.4289,-5.3934,338.3,2007-08-07,89,67.1,D,2007,8,summer,medium
35.007,-3.9329,323.7,2007-08-12,43,5.8,D,2007,8,summer,low
33.8827,-4.7219,347.8,2007-08-15,91,78.2,D,2007,8,summer,medium
35.2536,-5.2073,325.3,2007-08-15,62,19.6,D,2007,8,summer,low
34.3747,-6.3811,332.7,2007-08-18,61,12.1,D,2007,8,summer,low
34.9344,-5.0534,312.6,2007-08-22,85,15.2,N,2007,8,summer,low
33.8904,-4.7071,335.8,2007-08-28,60,12.0,D,2007,8,summer,low
35.1001,-6.0993,357.4,2007-08-28,98,96.4,D,2007,8,summer,medium
35.1018,-6.113,352.0,2007-08-28,95,78.6,D,2007,8,summer,medium
35.1101,-6.0976,342.8,2007-08-28,89,51.3,D,2007,8,summer,medium
35.1118,-6.1114,340.5,2007-08-28,87,45.6,D,2007,8,summer,medium
33.8296,-4.9969,333.7,2007-08-29,72,11.5,D,2007,8,summer,low
34.89,-5.0898,336.0,2007-08-30,82,63.7,D,2007,8,summer,medium
34.8977,-5.0972,331.5,2007-08-30,77,44.7,D,2007,8,summer,medium
35.0223,-4.7162,323.1,2007-08-30,36,19.5,D,2007,8,summer,low
35.0443,-4.7044,318.3,2007-08-31,97,19.5,N,2007,8,summer,low
30.6454,-9.3506,359.6,2007-08-31,99,77.4,D,2007,8,summer,medium
30.6472,-9.3614,358.2,2007-08-31,98,73.2,D,2007,8,summer,medium
33.8696,-3.9904,320.3,2007-09-01,36,23.4,D,2007,9,autumn,medium
30.2546,-9.4891,328.8,2007-09-02,67,8.3,D,2007,9,autumn,low
33.8762,-3.9881,304.3,2007-09-02,47,7.0,N,2007,9,autumn,low
33.8751,-3.9912,325.9,2007-09-03,48,13.2,D,2007,9,autumn,low
33.8765,-3.9795,331.3,2007-09-03,71,21.1,D,2007,9,autumn,medium
33.8836,-3.9665,324.5,2007-09-04,63,13.1,D,2007,9,autumn,low
33.8795,-4.0004,321.3,2007-09-04,47,10.0,D,2007,9,autumn,low
33.8792,-3.9772,370.6,2007-09-05,100,105.3,D,2007,9,autumn,high
33.8808,-3.9666,323.6,2007-09-05,50,8.1,D,2007,9,autumn,low
33.8881,-3.9791,338.5,2007-09-05,84,27.6,D,2007,9,autumn,medium
35.4147,-5.8015,327.9,2007-09-05,81,9.8,D,2007,9,autumn,low
35.4165,-5.7902,327.5,2007-09-05,70,10.0,D,2007,9,autumn,low
35.8486,-5.4505,400.1,2007-09-05,100,255.6,D,2007,9,autumn,high
35.8469,-5.4617,346.7,2007-09-05,93,50.0,D,2007,9,autumn,medium
35.0293,-2.2342,328.8,2007-09-12,76,20.1,D,2007,9,autumn,medium
35.7248,-5.6096,319.8,2007-09-17,61,12.6,D,2007,9,autumn,low
29.0565,-8.1341,326.9,2007-09-21,100,25.4,N,2007,9,autumn,medium
29.0672,-8.1245,306.6,2007-09-21,63,5.6,N,2007,9,autumn,low
29.0658,-8.1356,309.0,2007-09-21,73,7.4,N,2007,9,autumn,low
33.6948,-5.5579,331.5,2007-09-25,78,16.1,D,2007,9,autumn,low
35.117,-5.516,328.5,2007-09-26,76,16.4,D,2007,9,autumn,low
35.1153,-5.5297,324.3,2007-09-26,65,10.6,D,2007,9,autumn,low
35.4633,-5.6146,318.6,2007-09-27,49,6.3,D,2007,9,autumn,low
35.3447,-5.4339,319.3,2007-09-27,59,5.2,D,2007,9,autumn,low
34.373,-5.9188,323.4,2007-09-27,33,7.9,D,2007,9,autumn,low
35.7591,-5.7261,316.5,2007-09-30,47,7.8,D,2007,9,autumn,low
35.265,-5.383,353.0,2007-10-09,97,97.9,D,2007,10,autumn,medium
35.2625,-5.3966,354.1,2007-10-09,97,103.4,D,2007,10,autumn,high
35.0702,-6.0217,314.6,2007-10-16,61,8.4,D,2007,10,autumn,low
35.0695,-6.0148,321.1,2007-10-16,77,16.4,D,2007,10,autumn,low
35.2024,-5.5739,317.0,2007-10-20,70,8.3,D,2007,10,autumn,low
35.2005,-5.5625,314.9,2007-10-20,59,6.5,D,2007,10,autumn,low
34.9897,-5.9268,315.3,2007-10-20,37,5.5,D,2007,10,autumn,low
35.1445,-5.6698,313.9,2007-10-22,44,7.9,D,2007,10,autumn,low
30.5119,-8.8917,316.1,2007-10-25,62,9.5,D,2007,10,autumn,low
30.5639,-8.5426,308.9,2007-10-29,39,4.6,D,2007,10,autumn,low
32.2907,-6.5603,313.6,2007-10-31,62,9.2,D,2007,10,autumn,low
32.291,-6.5663,311.4,2007-10-31,54,7.1,D,2007,10,autumn,low
35.4827,-5.6836,311.4,2007-11-01,71,26.1,D,2007,11,autumn,medium
35.1947,-5.5901,310.5,2007-11-01,68,16.5,D,2007,11,autumn,low
35.1901,-5.5685,309.4,2007-11-01,68,15.9,D,2007,11,autumn,low
35.1166,-6.0506,317.6,2007-11-01,76,29.5,D,2007,11,autumn,medium
35.4882,-5.6861,313.7,2007-11-01,55,12.0,D,2007,11,autumn,low
35.4765,-5.6964,323.0,2007-11-01,76,22.5,D,2007,11,autumn,medium
35.4787,-5.6836,329.1,2007-11-01,82,31.4,D,2007,11,autumn,medium
34.9057,-5.5866,315.7,2007-11-01,70,10.4,D,2007,11,autumn,low
35.1137,-6.0538,312.3,2007-11-01,52,7.7,D,2007,11,autumn,low
35.1108,-6.0418,307.9,2007-11-03,37,4.5,D,2007,11,autumn,low
34.7165,-4.7588,321.5,2007-11-04,75,22.3,D,2007,11,autumn,medium
34.7182,-4.7423,315.9,2007-11-04,65,11.6,D,2007,11,autumn,low
34.7916,-4.8442,313.5,2007-11-06,48,6.1,D,2007,11,autumn,low
34.8961,-4.8234,317.7,2007-11-06,51,10.3,D,2007,11,autumn,low
34.9438,-4.6401,315.3,2007-11-07,58,11.3,D,2007,11,autumn,low
34.885,-4.7934,321.9,2007-11-08,69,14.0,D,2007,11,autumn,low
35.3303,-5.4714,324.2,2007-11-09,81,39.1,D,2007,11,autumn,medium
35.3075,-5.2577,314.5,2007-11-10,69,19.1,D,2007,11,autumn,low
35.2005,-5.1159,304.7,2007-11-11,55,15.5,D,2007,11,autumn,low
35.2024,-5.0944,308.7,2007-11-11,65,22.4,D,2007,11,autumn,medium
35.1018,-6.0626,308.1,2007-11-13,39,5.3,D,2007,11,autumn,low
35.3446,-5.2651,303.5,2007-11-14,32,5.8,D,2007,11,autumn,low
34.5991,-2.3461,305.2,2007-11-16,55,3.2,D,2007,11,autumn,low
34.9784,-5.4354,304.9,2007-11-17,62,10.6,N,2007,11,autumn,low
34.9332,-4.9072,314.2,2007-11-18,71,36.4,D,2007,11,autumn,medium
34.9395,-4.9036,315.9,2007-11-18,73,39.1,D,2007,11,autumn,medium
34.9352,-4.8799,308.2,2007-11-18,55,22.0,D,2007,11,autumn,medium
35.198,-5.1348,305.1,2007-11-19,52,10.6,D,2007,11,autumn,low
34.6466,-4.3856,314.8,2007-11-19,72,18.2,D,2007,11,autumn,low
33.1898,-5.9726,316.4,2007-11-19,71,14.7,D,2007,11,autumn,low
35.1987,-5.1394,319.3,2007-11-19,77,32.5,D,2007,11,autumn,medium
35.1955,-5.1495,311.3,2007-11-19,67,21.3,D,2007,11,autumn,medium
35.1988,-5.1325,310.1,2007-11-19,64,19.1,D,2007,11,autumn,low
34.8525,-4.8122,320.4,2007-11-19,77,28.0,D,2007,11,autumn,medium
34.9677,-4.6402,369.1,2007-11-19,100,208.4,D,2007,11,autumn,high
34.9649,-4.6547,368.8,2007-11-19,100,207.8,D,2007,11,autumn,high
35.2135,-5.0595,336.4,2007-11-19,100,45.3,N,2007,11,autumn,medium
35.2119,-5.0721,332.3,2007-11-19,100,38.6,N,2007,11,autumn,medium
35.2104,-5.0836,323.1,2007-11-19,100,26.4,N,2007,11,autumn,medium
35.2014,-5.0806,329.1,2007-11-19,100,33.7,N,2007,11,autumn,medium
35.2028,-5.069,326.6,2007-11-19,100,30.0,N,2007,11,autumn,medium
35.2044,-5.0566,327.1,2007-11-19,100,31.0,N,2007,11,autumn,medium
35.2017,-5.0803,310.9,2007-11-20,44,40.0,D,2007,11,autumn,medium
35.3729,-5.4099,371.2,2007-11-20,100,202.9,D,2007,11,autumn,high
35.1948,-4.8348,313.1,2007-11-20,53,16.2,D,2007,11,autumn,low
35.3759,-5.4156,392.2,2007-11-20,100,357.6,D,2007,11,autumn,high
35.3711,-5.4261,391.9,2007-11-20,100,355.0,D,2007,11,autumn,high
35.3742,-5.432,359.6,2007-11-20,99,142.3,D,2007,11,autumn,high
35.5506,-5.6727,311.9,2007-12-14,72,13.3,D,2007,12,winter,low
33.9315,-4.2933,303.0,2007-12-16,54,7.1,D,2007,12,winter,low
33.8886,-3.3566,301.2,2007-12-20,45,10.2,D,2007,12,winter,low
33.8869,-3.3421,330.0,2007-12-20,87,46.1,D,2007,12,winter,medium
33.6972,-4.275,307.0,2007-12-20,65,16.0,D,2007,12,winter,low
33.6531,-5.5113,304.0,2008-01-01,58,5.3,D,2008,1,winter,low
30.5339,-8.6068,300.8,2008-01-01,33,3.0,D,2008,1,winter,low
35.6854,-5.949,310.9,2008-01-19,33,14.5,D,2008,1,winter,low
34.7977,-4.528,305.4,2008-01-31,46,10.6,D,2008,1,winter,low
35.0816,-5.5163,305.4,2008-02-05,59,5.4,D,2008,2,winter,low
34.7942,-4.5718,301.3,2008-02-14,40,9.0,N,2008,2,winter,low
34.4014,-6.5473,308.4,2008-02-15,51,26.2,D,2008,2,winter,medium
34.3955,-6.554,310.7,2008-02-15,53,29.4,D,2008,2,winter,medium
30.5064,-9.41,317.4,2008-02-28,67,24.9,D,2008,2,winter,medium
30.5024,-9.4302,313.2,2008-02-28,45,16.0,D,2008,2,winter,low
33.4618,-7.8917,310.0,2008-03-03,61,5.2,D,2008,3,spring,low
33.4635,-7.9025,311.0,2008-03-03,63,5.9,D,2008,3,spring,low
34.9695,-4.6392,302.9,2008-03-12,52,17.0,N,2008,3,spring,low
34.9711,-4.6548,304.4,2008-03-12,60,18.7,N,2008,3,spring,low
34.8098,-5.2206,311.8,2008-03-17,72,14.6,D,2008,3,spring,low
32.2568,-6.8702,322.3,2008-03-22,77,17.4,D,2008,3,spring,low
29.3739,-7.6799,309.8,2008-03-24,78,12.8,N,2008,3,spring,low
34.8798,-5.3222,303.9,2008-03-31,40,17.6,D,2008,3,spring,low
34.8697,-5.319,303.4,2008-03-31,33,15.9,D,2008,3,spring,low
34.4034,-6.1169,328.7,2008-04-02,81,38.0,D,2008,4,spring,medium
34.8097,-4.851,334.3,2008-04-02,86,38.5,D,2008,4,spring,medium
34.812,-4.8376,314.9,2008-04-02,53,7.2,D,2008,4,spring,low
34.6159,-6.2375,316.6,2008-04-04,57,8.8,D,2008,4,spring,low
35.3206,-5.4486,319.0,2008-04-06,72,11.7,D,2008,4,spring,low
33.8174,-5.1743,315.3,2008-04-13,67,10.4,D,2008,4,spring,low
34.9924,-5.9481,304.3,2008-04-14,59,34.9,N,2008,4,spring,medium
34.9978,-5.9554,301.6,2008-04-14,42,30.8,N,2008,4,spring,medium
33.8461,-5.0277,328.3,2008-04-22,81,20.3,D,2008,4,spring,medium
34.5042,-5.9338,315.0,2008-04-23,51,5.9,D,2008,4,spring,low
34.8876,-5.2989,313.8,2008-04-27,58,10.1,D,2008,4,spring,low
34.5946,-5.9677,319.5,2008-04-27,66,11.5,D,2008,4,spring,low
34.5995,-5.9754,314.9,2008-04-29,40,5.8,D,2008,4,spring,low
35.6657,-5.9595,314.7,2008-05-16,35,4.6,D,2008,5,spring,low
35.0577,-5.9806,314.3,2008-05-22,60,19.7,D,2008,5,spring,low
34.1936,-6.6677,322.6,2008-05-29,69,13.2,D,2008,5,spring,low
34.2403,-6.5236,320.0,2008-05-29,41,10.8,D,2008,5,spring,low
34.5426,-6.1257,323.3,2008-05-29,63,28.5,D,2008,5,spring,medium
34.538,-6.1173,320.4,2008-05-29,50,20.0,D,2008,5,spring,medium
34.9414,-6.1918,314.1,2008-06-02,55,45.9,D,2008,6,summer,medium
35.0704,-5.993,313.8,2008-06-03,43,21.2,D,2008,6,summer,medium
34.6694,-6.2537,321.1,2008-06-05,39,12.0,D,2008,6,summer,low
34.571,-6.1728,333.3,2008-06-18,71,20.7,D,2008,6,summer,medium
34.7328,-6.1079,327.2,2008-06-20,58,17.2,D,2008,6,summer,low
34.5565,-6.1319,306.5,2008-06-28,66,9.6,N,2008,6,summer,low
33.5663,-6.7036,341.5,2008-06-30,83,23.6,D,2008,6,summer,medium
33.5654,-6.6981,345.8,2008-06-30,88,33.1,D,2008,6,summer,medium
33.5156,-5.1814,340.4,2008-07-04,61,317.2,D,2008,7,summer,high
33.5169,-5.1771,344.9,2008-07-04,85,385.9,D,2008,7,summer,high
34.8226,-4.5957,311.7,2008-07-05,83,13.3,N,2008,7,summer,low
34.8207,-4.5841,320.7,2008-07-05,100,22.6,N,2008,7,summer,medium
26.7753,-13.1918,301.3,2008-07-05,39,6.5,N,2008,7,summer,low
35.0986,-6.047,328.0,2008-07-11,52,14.8,D,2008,7,summer,low
34.09,-5.5951,334.4,2008-07-13,75,17.2,D,2008,7,summer,low
33.8622,-4.7118,335.0,2008-07-15,80,31.3,D,2008,7,summer,medium
33.8731,-4.7102,333.0,2008-07-15,77,25.9,D,2008,7,summer,medium
34.4694,-5.4648,304.4,2008-07-17,60,18.5,N,2008,7,summer,low
29.9065,-9.1103,364.5,2008-07-17,100,78.1,D,2008,7,summer,medium
26.3701,-12.916,305.9,2008-07-26,66,7.7,N,2008,7,summer,low
33.7956,-5.4153,330.1,2008-07-27,64,7.3,D,2008,7,summer,low
35.209,-5.3081,337.7,2008-07-31,81,55.5,D,2008,7,summer,medium
35.2107,-5.3267,346.6,2008-07-31,90,92.8,D,2008,7,summer,medium
35.2021,-5.3235,354.3,2008-07-31,96,190.1,D,2008,7,summer,high
35.6709,-5.3071,308.0,2008-08-01,58,8.0,N,2008,8,summer,low
34.9751,-6.2178,336.5,2008-08-08,76,47.9,D,2008,8,summer,medium
35.0203,-2.834,332.0,2008-08-08,66,8.7,D,2008,8,summer,low
33.8906,-5.4837,342.8,2008-08-08,84,45.0,D,2008,8,summer,medium
35.8421,-5.4055,320.0,2008-08-11,100,116.6,N,2008,8,summer,high
33.5172,-6.7061,335.4,2008-08-16,77,28.1,D,2008,8,summer,medium
35.1599,-4.8632,325.0,2008-08-16,60,22.5,D,2008,8,summer,medium
35.1576,-4.8939,334.3,2008-08-16,81,66.8,D,2008,8,summer,medium
35.8034,-5.4219,321.0,2008-08-18,53,11.9,D,2008,8,summer,low
35.8017,-5.4389,319.9,2008-08-18,64,10.6,D,2008,8,summer,low
35.7829,-5.4186,307.6,2008-08-20,48,10.7,N,2008,8,summer,low
35.7823,-5.4288,320.1,2008-08-20,100,26.1,N,2008,8,summer,medium
35.7857,-5.4337,306.7,2008-08-20,36,10.2,N,2008,8,summer,low
35.3519,-5.3932,333.3,2008-08-20,76,14.9,D,2008,8,summer,low
34.8432,-2.3331,353.7,2008-08-22,95,62.3,D,2008,8,summer,medium
34.0131,-5.1876,323.6,2008-09-04,68,7.5,D,2008,9,autumn,low
34.8743,-4.3878,320.3,2008-09-04,49,19.9,D,2008,9,autumn,low
35.5145,-5.3733,320.4,2008-09-04,73,49.8,D,2008,9,autumn,medium
35.5209,-5.3694,327.0,2008-09-04,80,79.5,D,2008,9,autumn,medium
35.0831,-4.8724,324.9,2008-09-06,63,11.8,D,2008,9,autumn,low
35.0816,-4.8617,334.1,2008-09-06,82,23.3,D,2008,9,autumn,medium
35.1864,-5.1369,314.0,2008-09-06,88,21.4,N,2008,9,autumn,medium
35.1838,-5.1511,321.1,2008-09-06,100,31.1,N,2008,9,autumn,medium
35.1848,-5.1309,301.4,2008-09-07,41,6.6,N,2008,9,autumn,low
35.1867,-5.1424,303.6,2008-09-07,56,8.0,N,2008,9,autumn,low
34.9088,-5.0678,327.2,2008-09-08,74,52.8,D,2008,9,autumn,medium
34.9051,-5.1089,371.8,2008-09-08,100,538.5,D,2008,9,autumn,high
34.9063,-5.1041,379.3,2008-09-08,100,674.5,D,2008,9,autumn,high
35.7761,-5.6774,316.6,2008-09-12,66,46.4,D,2008,9,autumn,medium
35.7833,-5.6705,316.7,2008-09-12,66,48.3,D,2008,9,autumn,medium
35.6892,-5.7517,323.8,2008-09-14,77,56.5,D,2008,9,autumn,medium
35.6899,-5.7565,322.1,2008-09-14,75,46.8,D,2008,9,autumn,medium
34.9092,-2.6264,326.7,2008-09-16,63,8.5,D,2008,9,autumn,low
33.458,-7.9039,319.3,2008-10-09,77,13.7,D,2008,10,autumn,low
30.5343,-8.6012,300.8,2009-01-05,41,7.1,D,2009,1,winter,low
33.6823,-5.7281,304.3,2009-01-17,59,9.4,D,2009,1,winter,low
33.8596,-5.5158,305.5,2009-02-20,61,7.2,D,2009,2,winter,low
34.5942,-2.3429,302.7,2009-02-22,53,4.4,D,2009,2,winter,low
29.6605,-9.6977,310.8,2009-02-23,32,8.5,D,2009,2,winter,low
34.7883,-4.5526,313.3,2009-03-13,87,17.6,N,2009,3,spring,low
34.7899,-4.5651,300.7,2009-03-13,32,8.3,N,2009,3,spring,low
32.502,-6.2137,309.8,2009-03-15,61,5.9,D,2009,3,spring,low
34.1997,-3.3582,309.9,2009-04-16,32,5.3,D,2009,4,spring,low
35.0266,-5.9642,323.0,2009-04-24,71,12.9,D,2009,4,spring,low
35.0282,-5.9519,321.1,2009-04-24,67,10.9,D,2009,4,spring,low
32.1184,-7.9333,340.9,2009-05-01,86,28.6,D,2009,5,spring,medium
32.2538,-8.5726,342.2,2009-05-01,88,34.3,D,2009,5,spring,medium
34.3356,-6.444,323.4,2009-05-02,75,14.4,D,2009,5,spring,low
32.0973,-7.9018,344.0,2009-05-06,88,74.1,D,2009,5,spring,medium
32.0955,-7.9205,342.5,2009-05-06,88,65.3,D,2009,5,spring,medium
32.4958,-7.1481,331.6,2009-05-10,73,12.6,D,2009,5,spring,low
32.4943,-7.1587,331.6,2009-05-10,73,12.8,D,2009,5,spring,low
35.0562,-6.0008,317.8,2009-05-11,50,8.6,D,2009,5,spring,low
32.1459,-7.932,309.6,2009-05-16,60,9.5,N,2009,5,spring,low
32.1476,-7.9211,315.0,2009-05-16,90,13.9,N,2009,5,spring,low
32.1748,-7.927,306.8,2009-05-16,31,7.8,N,2009,5,spring,low
32.1731,-7.938,311.9,2009-05-16,44,11.3,N,2009,5,spring,low
33.2305,-7.6116,323.2,2009-05-17,63,9.7,D,2009,5,spring,low
33.232,-7.6001,323.8,2009-05-17,64,10.6,D,2009,5,spring,low
35.0643,-5.9971,319.6,2009-05-18,67,9.2,D,2009,5,spring,low
34.7725,-6.072,315.0,2009-05-18,60,30.4,D,2009,5,spring,medium
33.2283,-7.6227,325.8,2009-05-19,65,10.5,D,2009,5,spring,low
35.1311,-5.9748,320.1,2009-05-19,74,10.9,D,2009,5,spring,low
33.2299,-7.6119,322.7,2009-05-19,53,7.1,D,2009,5,spring,low
32.8462,-7.7455,331.5,2009-05-20,78,90.8,D,2009,5,spring,medium
34.2753,-5.6717,324.3,2009-05-27,68,8.9,D,2009,5,spring,low
34.6276,-6.175,347.6,2009-06-05,93,54.1,D,2009,6,summer,medium
34.8257,-6.0656,326.4,2009-06-05,71,17.9,D,2009,6,summer,low
33.7543,-7.2407,316.2,2009-06-05,62,34.7,D,2009,6,summer,medium
33.7521,-7.2762,314.0,2009-06-05,45,25.2,D,2009,6,summer,medium
32.6142,-4.8865,347.2,2009-06-11,79,47.3,D,2009,6,summer,medium
32.6006,-4.8903,351.4,2009-06-11,94,55.1,D,2009,6,summer,medium
30.7044,-8.1971,333.7,2009-06-11,66,8.1,D,2009,6,summer,low
32.8249,-7.8788,343.4,2009-06-11,85,24.8,D,2009,6,summer,medium
32.8234,-7.8893,332.3,2009-06-11,60,7.4,D,2009,6,summer,low
32.6045,-4.8851,349.7,2009-06-11,89,56.2,D,2009,6,summer,medium
33.0827,-7.6467,347.6,2009-06-12,90,34.2,D,2009,6,summer,medium
34.1551,-6.3647,379.8,2009-06-13,100,128.7,D,2009,6,summer,high
34.164,-6.3667,367.0,2009-06-13,100,80.3,D,2009,6,summer,medium
34.1534,-6.3756,354.4,2009-06-13,96,45.2,D,2009,6,summer,medium
34.4702,-5.2853,344.6,2009-06-20,89,32.5,D,2009,6,summer,medium
34.7473,-6.0637,305.8,2009-06-21,66,12.1,N,2009,6,summer,low
35.7526,-5.3557,321.2,2009-06-24,53,12.9,D,2009,6,summer,low
34.4628,-5.74,323.7,2009-06-26,59,20.6,D,2009,6,summer,medium
34.4603,-5.7576,324.5,2009-06-26,66,29.3,D,2009,6,summer,medium
32.116,-7.9118,342.0,2009-06-27,83,20.6,D,2009,6,summer,medium
34.9223,-4.7196,325.5,2009-06-28,56,9.3,D,2009,6,summer,low
34.3731,-5.7633,319.5,2009-06-29,39,33.2,D,2009,6,summer,medium
34.7699,-2.6323,309.8,2009-06-30,78,10.6,N,2009,6,summer,low
34.7602,-2.6297,304.9,2009-06-30,43,6.2,N,2009,6,summer,low
34.7705,-2.6197,306.6,2009-07-01,68,8.2,N,2009,7,summer,low
34.7726,-2.6319,313.5,2009-07-01,87,14.5,N,2009,7,summer,low
35.1931,-5.2095,336.5,2009-07-01,83,33.8,D,2009,7,summer,medium
35.1949,-5.1984,332.7,2009-07-01,78,27.5,D,2009,7,summer,medium
34.0607,-5.1281,324.5,2009-07-04,53,32.4,D,2009,7,summer,medium
32.5081,-6.3087,339.6,2009-07-04,79,20.9,D,2009,7,summer,medium
32.5096,-6.296,340.3,2009-07-04,80,21.8,D,2009,7,summer,medium
23.6721,-15.7553,303.6,2009-07-04,56,5.9,N,2009,7,summer,low
34.8157,-2.4517,314.3,2009-07-05,89,18.0,N,2009,7,summer,low
34.8104,-2.4632,328.5,2009-07-05,70,30.2,D,2009,7,summer,medium
34.8047,-2.4688,313.5,2009-07-05,87,11.2,N,2009,7,summer,low
34.8061,-2.4577,329.0,2009-07-05,100,27.8,N,2009,7,summer,medium
34.8152,-2.4592,305.2,2009-07-05,63,5.2,N,2009,7,summer,low
34.8138,-2.4705,314.8,2009-07-05,90,12.2,N,2009,7,summer,low
34.8244,-2.4604,316.7,2009-07-05,94,13.4,N,2009,7,summer,low
34.8229,-2.4718,316.2,2009-07-05,93,12.8,N,2009,7,summer,low
34.8098,-2.4529,301.4,2009-07-06,30,14.5,N,2009,7,summer,low
33.4292,-7.7576,322.6,2009-07-06,75,50.4,D,2009,7,summer,medium
33.4261,-7.7534,320.4,2009-07-06,46,32.9,D,2009,7,summer,medium
33.9499,-5.2303,337.8,2009-07-06,78,16.1,D,2009,7,summer,low
33.9484,-5.2415,340.6,2009-07-06,82,20.4,D,2009,7,summer,medium
34.8171,-2.4737,363.7,2009-07-06,100,129.2,D,2009,7,summer,high
33.959,-5.232,332.8,2009-07-06,66,8.5,D,2009,7,summer,low
34.8157,-2.4877,327.9,2009-07-06,37,12.8,D,2009,7,summer,low
34.7977,-2.4564,389.1,2009-07-06,100,291.9,D,2009,7,summer,high
34.7961,-2.471,352.2,2009-07-06,94,81.9,D,2009,7,summer,medium
34.8065,-2.4733,332.4,2009-07-06,68,23.9,D,2009,7,summer,medium
33.9575,-5.2431,337.0,2009-07-06,76,14.9,D,2009,7,summer,low
34.2555,-4.8904,324.1,2009-07-07,32,5.0,D,2009,7,summer,low
35.009,-2.6307,314.8,2009-07-18,90,83.9,N,2009,7,summer,medium
35.0026,-2.6387,308.7,2009-07-18,75,56.9,N,2009,7,summer,medium
35.0121,-2.6144,339.1,2009-07-18,83,39.5,D,2009,7,summer,medium
35.0023,-2.6169,336.1,2009-07-18,79,31.3,D,2009,7,summer,medium
35.0038,-2.6298,336.3,2009-07-18,79,33.0,D,2009,7,summer,medium
35.0137,-2.628,354.8,2009-07-18,96,82.2,D,2009,7,summer,medium
35.0117,-2.6484,336.0,2009-07-18,80,163.3,D,2009,7,summer,high
35.0023,-2.643,336.0,2009-07-18,80,155.7,D,2009,7,summer,high
35.0086,-2.6223,306.7,2009-07-18,69,15.8,N,2009,7,summer,low
35.019,-2.6126,312.9,2009-07-19,86,12.2,N,2009,7,summer,low
35.0101,-2.6145,315.8,2009-07-19,92,14.5,N,2009,7,summer,low
32.3682,-7.0443,335.2,2009-07-19,71,13.9,D,2009,7,summer,low
34.6028,-6.2026,336.9,2009-07-19,80,57.6,D,2009,7,summer,medium
35.4342,-6.036,325.0,2009-07-19,68,17.8,D,2009,7,summer,low
35.0833,-4.6918,334.7,2009-07-22,74,15.5,D,2009,7,summer,low
34.8577,-5.2473,337.4,2009-07-22,76,21.3,D,2009,7,summer,medium
34.7992,-5.9609,313.7,2009-07-26,88,12.7,N,2009,7,summer,low
30.3247,-8.9522,343.1,2009-07-26,85,28.2,D,2009,7,summer,medium
30.327,-8.9655,353.4,2009-07-26,95,59.4,D,2009,7,summer,medium
34.7482,-4.6731,349.7,2009-07-26,93,50.7,D,2009,7,summer,medium
34.7505,-4.6596,364.8,2009-07-26,100,105.9,D,2009,7,summer,high
35.1183,-5.3806,303.0,2009-07-28,39,6.5,N,2009,7,summer,low
35.114,-5.3965,327.2,2009-07-28,100,22.1,N,2009,7,summer,medium
35.1171,-5.3748,308.7,2009-07-28,64,6.0,N,2009,7,summer,low
35.1125,-5.4073,307.7,2009-07-28,63,4.5,N,2009,7,summer,low
35.115,-5.398,332.5,2009-07-29,51,18.1,D,2009,7,summer,low
35.1055,-5.3945,345.1,2009-07-29,88,42.3,D,2009,7,summer,medium
35.0064,-4.6045,332.4,2009-07-30,68,10.2,D,2009,7,summer,low
33.8424,-6.8719,338.0,2009-07-30,77,18.6,D,2009,7,summer,low
35.4909,-5.5652,326.8,2009-07-30,80,54.6,D,2009,7,summer,medium
35.4875,-5.5709,325.4,2009-07-30,79,45.3,D,2009,7,summer,medium
35.0409,-3.5088,339.9,2009-07-30,83,85.3,D,2009,7,summer,medium
35.4414,-5.3097,333.0,2009-07-30,85,93.7,D,2009,7,summer,medium
35.4391,-5.3122,335.8,2009-07-30,87,115.4,D,2009,7,summer,high
34.0593,-4.3069,335.9,2009-07-31,80,186.8,D,2009,7,summer,high
34.0465,-4.3059,345.8,2009-07-31,90,324.5,D,2009,7,summer,high
34.0502,-4.3068,353.8,2009-07-31,95,49.7,D,2009,7,summer,medium
34.0517,-4.296,339.2,2009-07-31,73,19.6,D,2009,7,summer,low
34.0413,-4.305,362.2,2009-07-31,100,70.5,D,2009,7,summer,medium
33.2547,-7.9892,337.2,2009-07-31,75,18.0,D,2009,7,summer,low
33.2526,-8.0016,343.1,2009-07-31,84,30.7,D,2009,7,summer,medium
34.0487,-4.3176,338.6,2009-07-31,59,17.4,D,2009,7,summer,low
34.8597,-5.2446,339.8,2009-07-31,80,22.9,D,2009,7,summer,medium
34.8686,-5.2465,348.0,2009-07-31,90,37.5,D,2009,7,summer,medium
35.4059,-5.4868,350.5,2009-07-31,93,42.2,D,2009,7,summer,medium
35.4043,-5.4976,350.0,2009-07-31,93,41.2,D,2009,7,summer,medium
34.8463,-5.2451,325.1,2009-08-01,100,46.5,N,2009,8,summer,medium
34.8497,-5.2276,323.6,2009-08-01,100,42.5,N,2009,8,summer,medium
34.87,-5.2513,334.0,2009-08-02,74,21.3,D,2009,8,summer,medium
34.8476,-5.2391,339.2,2009-08-02,82,30.1,D,2009,8,summer,medium
33.6395,-5.4067,333.5,2009-08-06,75,15.0,D,2009,8,summer,low
33.6413,-5.4178,337.1,2009-08-06,80,20.6,D,2009,8,summer,medium
34.0769,-3.8255,330.9,2009-08-06,66,27.4,D,2009,8,summer,medium
34.0737,-3.8413,330.8,2009-08-06,64,28.7,D,2009,8,summer,medium
33.9083,-6.2163,333.1,2009-08-07,66,8.7,D,2009,8,summer,low
33.8941,-5.6528,340.0,2009-08-07,81,20.3,D,2009,8,summer,medium
33.444,-7.0232,331.1,2009-08-07,61,8.9,D,2009,8,summer,low
35.0232,-5.6581,331.8,2009-08-07,72,18.0,D,2009,8,summer,low
35.1205,-3.5408,325.0,2009-08-08,38,7.1,D,2009,8,summer,low
34.8484,-2.0603,327.0,2009-08-08,40,35.1,D,2009,8,summer,medium
33.2359,-4.2552,340.8,2009-08-09,84,26.1,D,2009,8,summer,medium
33.2343,-4.2658,347.1,2009-08-09,91,38.2,D,2009,8,summer,medium
33.2327,-4.2764,331.5,2009-08-09,60,12.0,D,2009,8,summer,low
33.2448,-4.257,337.5,2009-08-09,80,22.2,D,2009,8,summer,medium
33.2432,-4.2676,359.3,2009-08-09,99,68.0,D,2009,8,summer,medium
35.1709,-5.3927,320.1,2009-08-11,65,24.2,D,2009,8,summer,medium
32.5177,-6.3105,336.3,2009-08-11,79,37.3,D,2009,8,summer,medium
32.5148,-6.3056,331.1,2009-08-11,70,21.8,D,2009,8,summer,medium
32.5183,-6.3233,338.0,2009-08-11,81,44.2,D,2009,8,summer,medium
32.5296,-6.3202,337.4,2009-08-11,81,41.7,D,2009,8,summer,medium
32.521,-6.3282,337.0,2009-08-11,80,40.9,D,2009,8,summer,medium
35.1668,-5.3721,325.4,2009-08-11,75,35.7,D,2009,8,summer,medium
35.1629,-5.4002,328.0,2009-08-11,76,26.3,D,2009,8,summer,medium
35.1655,-5.3857,367.6,2009-08-11,100,158.4,D,2009,8,summer,high
35.1759,-5.3877,319.0,2009-08-11,54,14.1,D,2009,8,summer,low
33.508,-6.5066,333.0,2009-08-11,72,24.4,D,2009,8,summer,medium
35.1741,-5.3987,334.0,2009-08-12,83,80.2,D,2009,8,summer,medium
35.1632,-5.4087,330.6,2009-08-12,78,62.0,D,2009,8,summer,medium
35.1612,-5.4009,322.6,2009-08-12,65,34.7,D,2009,8,summer,medium
35.3348,-5.6474,344.5,2009-08-12,92,78.2,D,2009,8,summer,medium
35.1592,-5.4266,322.0,2009-08-12,36,17.0,D,2009,8,summer,low
35.163,-5.421,340.8,2009-08-12,87,75.2,D,2009,8,summer,medium
35.1646,-5.4035,350.7,2009-08-12,94,122.0,D,2009,8,summer,high
35.7448,-5.7516,324.1,2009-08-12,74,19.1,D,2009,8,summer,low
34.0972,-6.4364,335.9,2009-08-12,76,27.5,D,2009,8,summer,medium
33.8604,-4.718,345.0,2009-08-12,88,80.2,D,2009,8,summer,medium
33.8669,-4.7344,336.9,2009-08-12,78,44.6,D,2009,8,summer,medium
33.8689,-4.7134,341.6,2009-08-12,85,65.9,D,2009,8,summer,medium
33.8548,-4.7329,332.7,2009-08-12,70,29.7,D,2009,8,summer,medium
33.8568,-4.712,333.8,2009-08-12,73,34.9,D,2009,8,summer,medium
35.3435,-5.6567,334.9,2009-08-12,87,44.9,D,2009,8,summer,medium
35.1607,-5.4097,349.7,2009-08-12,94,118.3,D,2009,8,summer,high
35.3304,-5.6724,328.5,2009-08-12,81,25.9,D,2009,8,summer,medium
35.3321,-5.6543,347.9,2009-08-12,94,95.7,D,2009,8,summer,medium
35.333,-5.6664,349.9,2009-08-12,95,101.6,D,2009,8,summer,high
34.0809,-5.1478,333.2,2009-08-13,75,36.6,D,2009,8,summer,medium
35.0297,-5.2085,341.7,2009-08-14,86,41.4,D,2009,8,summer,medium
35.028,-5.2228,343.7,2009-08-14,88,46.9,D,2009,8,summer,medium
33.8762,-4.7269,328.8,2009-08-17,72,66.1,D,2009,8,summer,medium
33.8688,-4.7183,329.8,2009-08-17,74,75.5,D,2009,8,summer,medium
33.8853,-4.7353,334.0,2009-08-18,64,12.6,D,2009,8,summer,low
32.7459,-3.6675,341.5,2009-08-19,84,40.1,D,2009,8,summer,medium
34.8042,-4.3411,330.1,2009-08-21,43,19.0,D,2009,8,summer,low
34.89,-5.184,339.6,2009-08-21,82,30.8,D,2009,8,summer,medium
31.6917,-8.0467,306.2,2009-08-21,67,23.8,N,2009,8,summer,medium
34.7965,-4.5828,335.4,2009-08-22,74,25.4,D,2009,8,summer,medium
33.414,-5.2514,330.5,2009-08-22,32,14.7,D,2009,8,summer,low
35.23,-5.0593,320.3,2009-08-22,59,32.8,D,2009,8,summer,medium
35.2235,-5.0613,320.3,2009-08-22,69,35.3,D,2009,8,summer,medium
34.7771,-4.5591,369.2,2009-08-23,100,107.7,D,2009,8,summer,high
34.7757,-4.5706,485.6,2009-08-23,100,1487.4,D,2009,8,summer,high
34.7743,-4.5818,374.2,2009-08-23,100,122.8,D,2009,8,summer,high
34.7663,-4.5691,349.5,2009-08-23,92,43.1,D,2009,8,summer,medium
33.4964,-6.6178,330.4,2009-08-24,70,9.3,D,2009,8,summer,low
34.0582,-5.1123,337.8,2009-08-29,62,28.7,D,2009,8,summer,medium
34.058,-5.1067,332.7,2009-08-29,76,18.1,D,2009,8,summer,low
34.0604,-5.12,341.9,2009-08-29,87,37.2,D,2009,8,summer,medium
34.3536,-5.0498,342.2,2009-08-29,87,79.4,D,2009,8,summer,medium
34.9321,-5.0608,390.5,2009-08-30,100,242.9,D,2009,8,summer,high
34.9428,-5.0542,359.1,2009-08-30,99,80.4,D,2009,8,summer,medium
34.9412,-5.0683,367.5,2009-08-30,100,115.7,D,2009,8,summer,high
34.942,-5.0626,389.5,2009-08-30,100,237.4,D,2009,8,summer,high
34.1553,-1.9104,332.9,2009-08-31,70,16.6,D,2009,8,summer,low
33.8838,-4.6971,324.7,2009-09-01,72,82.4,D,2009,9,autumn,medium
33.8959,-4.7241,330.5,2009-09-01,69,8.3,D,2009,9,autumn,low
35.3987,-5.9576,359.3,2009-09-01,99,68.7,D,2009,9,autumn,medium
35.3971,-5.9685,341.5,2009-09-01,88,30.9,D,2009,9,autumn,medium
33.9458,-5.1378,319.9,2009-09-12,67,12.1,D,2009,9,autumn,low
32.3442,-6.5629,318.8,2009-09-14,71,11.0,D,2009,9,autumn,low
33.8471,-5.2854,335.8,2009-09-23,85,28.1,D,2009,9,autumn,medium
35.7654,-5.6341,319.0,2009-09-23,70,7.6,D,2009,9,autumn,low
35.7672,-5.6451,317.1,2009-09-23,67,6.0,D,2009,9,autumn,low
33.8489,-5.2968,325.9,2009-09-23,74,13.7,D,2009,9,autumn,low
33.7889,-6.8522,321.7,2009-09-23,61,6.3,D,2009,9,autumn,low
33.7962,-6.8397,324.2,2009-09-23,69,9.4,D,2009,9,autumn,low
33.7983,-6.6678,322.6,2009-09-23,66,7.6,D,2009,9,autumn,low
33.7946,-6.829,331.3,2009-09-23,79,18.1,D,2009,9,autumn,low
33.7795,-7.0738,322.8,2009-09-24,52,9.7,D,2009,9,autumn,low
33.8779,-5.7783,318.2,2009-09-25,51,7.0,D,2009,9,autumn,low
35.1238,-6.0439,313.1,2009-09-30,56,19.1,D,2009,9,autumn,low
33.7782,-6.997,317.8,2009-10-01,44,7.1,D,2009,10,autumn,low
34.8623,-5.87,320.4,2009-10-01,67,6.5,D,2009,10,autumn,low
34.8608,-5.8824,339.1,2009-10-01,88,35.4,D,2009,10,autumn,medium
33.7767,-7.008,334.4,2009-10-01,83,26.8,D,2009,10,autumn,medium
33.502,-7.3544,323.3,2009-10-03,55,8.8,D,2009,10,autumn,low
34.1647,-2.8942,319.8,2009-10-03,66,6.6,D,2009,10,autumn,low
29.7824,-9.1305,339.6,2009-10-04,85,71.4,D,2009,10,autumn,medium
35.3699,-5.3841,320.3,2009-10-05,66,11.9,D,2009,10,autumn,low
33.3232,-6.2748,321.9,2009-10-07,65,12.6,D,2009,10,autumn,low
33.7447,-6.8334,318.6,2009-10-10,48,5.9,D,2009,10,autumn,low
35.0979,-6.0427,317.3,2009-10-12,47,18.9,D,2009,10,autumn,low
33.4597,-7.899,321.4,2009-10-12,47,12.9,D,2009,10,autumn,low
34.5426,-4.616,325.3,2009-10-12,69,9.9,D,2009,10,autumn,low
34.3479,-4.2838,317.4,2009-10-13,56,12.4,D,2009,10,autumn,low
35.1221,-6.061,321.9,2009-10-14,67,21.1,D,2009,10,autumn,medium
35.1127,-3.4532,313.9,2009-10-15,47,9.9,D,2009,10,autumn,low
35.1144,-3.4711,313.8,2009-10-15,40,10.1,D,2009,10,autumn,low
35.1065,-6.0677,319.5,2009-10-17,45,10.3,D,2009,10,autumn,low
35.0737,-6.0199,313.3,2009-10-18,58,6.6,D,2009,10,autumn,low
34.8648,-3.5767,301.0,2009-10-18,36,6.6,N,2009,10,autumn,low
34.7359,-4.87,315.8,2009-10-19,39,7.5,D,2009,10,autumn,low
35.2747,-5.7508,317.6,2009-10-19,69,6.0,D,2009,10,autumn,low
35.2731,-5.7616,317.2,2009-10-19,68,5.6,D,2009,10,autumn,low
34.5194,-6.1174,315.5,2009-10-19,33,6.0,D,2009,10,autumn,low
34.5252,-6.1434,313.5,2009-10-26,48,5.3,D,2009,10,autumn,low
33.4145,-6.7407,319.4,2009-10-29,71,18.4,D,2009,10,autumn,low
35.7149,-5.8673,314.0,2009-10-30,62,11.7,D,2009,10,autumn,low
33.7493,-5.5492,316.8,2009-10-30,62,14.7,D,2009,10,autumn,low
33.794,-3.2616,315.7,2009-11-02,65,13.4,D,2009,11,autumn,low
33.7956,-3.2457,313.1,2009-11-02,59,9.9,D,2009,11,autumn,low
35.0381,-2.4356,312.6,2009-11-03,60,5.2,D,2009,11,autumn,low
35.0164,-2.8293,310.8,2009-11-06,68,6.1,D,2009,11,autumn,low
32.5271,-6.4178,314.2,2009-11-10,66,6.5,D,2009,11,autumn,low
32.5288,-6.4286,311.4,2009-11-10,58,4.2,D,2009,11,autumn,low
34.6919,-6.0198,320.6,2009-11-13,74,11.8,D,2009,11,autumn,low
34.7785,-2.4293,317.8,2009-11-14,72,104.5,D,2009,11,autumn,high
35.4351,-5.828,313.0,2009-11-15,57,11.4,D,2009,11,autumn,low
35.541,-5.7108,313.5,2009-11-17,74,10.9,D,2009,11,autumn,low
35.0746,-5.0636,310.3,2009-11-18,51,7.1,D,2009,11,autumn,low
32.1932,-6.1884,308.9,2009-11-26,43,4.5,D,2009,11,autumn,low
34.1173,-6.2907,308.2,2009-12-10,67,10.8,D,2009,12,winter,low
32.2037,-4.3729,308.8,2010-01-09,68,9.6,D,2010,1,winter,low
32.2056,-4.3611,305.0,2010-01-09,60,6.9,D,2010,1,winter,low
32.4321,-8.4256,308.7,2010-03-14,75,14.7,N,2010,3,spring,low
35.0263,-5.9445,309.8,2010-04-03,58,5.7,D,2010,4,spring,low
32.9345,-8.4878,324.4,2010-04-06,79,42.5,D,2010,4,spring,medium
32.9386,-8.5075,311.7,2010-04-06,60,12.1,D,2010,4,spring,low
32.9302,-8.4947,326.5,2010-04-06,81,48.4,D,2010,4,spring,medium
34.9531,-6.2108,318.6,2010-04-10,67,9.4,D,2010,4,spring,low
35.0895,-6.0315,336.7,2010-04-27,86,25.9,D,2010,4,spring,medium
35.0953,-6.027,327.6,2010-04-27,77,13.6,D,2010,4,spring,low
33.8482,-5.0243,322.3,2010-04-28,68,9.8,D,2010,4,spring,low
34.7773,-6.0742,319.4,2010-05-01,68,10.4,D,2010,5,spring,low
30.1033,-9.2478,325.1,2010-05-04,44,6.8,D,2010,5,spring,low
33.8301,-5.5215,315.0,2010-05-05,56,6.6,D,2010,5,spring,low
34.3358,-6.4477,318.3,2010-05-05,49,6.5,D,2010,5,spring,low
34.6078,-5.9923,315.4,2010-05-05,38,5.8,D,2010,5,spring,low
33.7522,-4.4624,313.0,2010-05-15,52,6.1,D,2010,5,spring,low
34.9832,-5.9242,323.7,2010-05-17,74,32.1,D,2010,5,spring,medium
34.9711,-5.9279,323.0,2010-05-17,73,29.2,D,2010,5,spring,medium
33.8475,-6.3224,328.9,2010-05-20,59,9.3,D,2010,5,spring,low
33.8473,-6.3156,332.3,2010-05-20,75,16.2,D,2010,5,spring,low
34.4475,-6.1599,338.0,2010-05-21,85,27.3,D,2010,5,spring,medium
34.4492,-6.1707,341.1,2010-05-21,88,32.1,D,2010,5,spring,medium
35.0951,-5.9688,319.1,2010-05-26,66,17.8,D,2010,5,spring,low
32.4317,-8.4669,302.5,2010-05-28,49,9.4,N,2010,5,spring,low
31.5106,-9.6693,318.0,2010-05-29,56,43.9,D,2010,5,spring,medium
31.5023,-9.6344,324.4,2010-05-29,77,81.5,D,2010,5,spring,medium
31.5089,-9.6396,328.5,2010-05-29,81,114.5,D,2010,5,spring,high
34.5617,-6.133,324.2,2010-05-30,58,7.8,D,2010,5,spring,low
34.5602,-6.1221,325.6,2010-05-30,55,8.9,D,2010,5,spring,low
29.7057,-9.4504,326.9,2010-05-30,42,7.4,D,2010,5,spring,low
35.0487,-5.9032,333.7,2010-05-31,78,15.8,D,2010,5,spring,low
33.3585,-7.7128,332.7,2010-06-01,69,24.2,D,2010,6,summer,medium
35.0899,-5.9805,331.4,2010-06-02,78,22.7,D,2010,6,summer,medium
35.1239,-6.132,324.4,2010-06-04,65,13.7,D,2010,6,summer,low
34.1962,-6.6663,324.8,2010-06-04,52,11.1,D,2010,6,summer,low
34.6096,-6.1708,321.8,2010-06-04,38,19.0,D,2010,6,summer,low
30.8649,-6.8944,337.3,2010-06-07,75,8.5,D,2010,6,summer,low
33.5057,-7.5095,326.9,2010-06-07,50,7.0,D,2010,6,summer,low
34.8347,-6.0771,319.1,2010-06-11,69,13.5,D,2010,6,summer,low
29.8452,-8.9817,326.6,2010-06-15,49,51.5,D,2010,6,summer,medium
30.7085,-9.1075,326.2,2010-06-15,56,38.4,D,2010,6,summer,medium
30.7047,-9.1296,325.7,2010-06-15,64,37.6,D,2010,6,summer,medium
35.2191,-4.0149,303.9,2010-06-15,58,6.0,N,2010,6,summer,low
32.148,-7.9516,338.9,2010-06-16,81,27.2,D,2010,6,summer,medium
32.8784,-7.4412,326.5,2010-06-18,67,17.9,D,2010,6,summer,low
32.2689,-6.6795,323.2,2010-06-20,55,14.9,D,2010,6,summer,low
32.6481,-6.135,308.9,2010-06-20,76,8.5,N,2010,6,summer,low
32.6495,-6.1244,326.5,2010-06-20,100,24.4,N,2010,6,summer,medium
32.6406,-6.1226,305.2,2010-06-20,63,6.0,N,2010,6,summer,low
34.1004,-3.8778,335.0,2010-06-22,79,29.5,D,2010,6,summer,medium
35.076,-5.9689,322.0,2010-06-22,65,7.1,D,2010,6,summer,low
34.8973,-3.449,339.9,2010-06-23,84,34.2,D,2010,6,summer,medium
32.0616,-7.9458,326.5,2010-06-24,64,30.9,D,2010,6,summer,medium
35.0024,-5.9371,343.5,2010-06-26,90,73.0,D,2010,6,summer,medium
33.9291,-5.0469,334.5,2010-07-01,77,16.4,D,2010,7,summer,low
33.9275,-5.0362,330.5,2010-07-01,69,10.6,D,2010,7,summer,low
33.9754,-5.0289,339.1,2010-07-02,80,19.2,D,2010,7,summer,low
34.9985,-5.9447,323.6,2010-07-05,42,20.4,D,2010,7,summer,medium
30.0201,-9.3013,327.5,2010-07-07,44,8.5,D,2010,7,summer,low
30.029,-9.3032,330.2,2010-07-07,63,11.2,D,2010,7,summer,low
35.1961,-4.1853,304.3,2010-07-08,59,5.4,N,2010,7,summer,low
35.109,-5.9991,326.1,2010-07-10,59,9.5,D,2010,7,summer,low
33.4025,-7.8066,327.4,2010-07-11,39,11.6,D,2010,7,summer,low
29.4223,-9.506,335.8,2010-07-12,68,35.9,D,2010,7,summer,medium
29.4233,-9.5109,336.3,2010-07-12,73,40.6,D,2010,7,summer,medium
29.6187,-9.4756,341.0,2010-07-12,81,24.8,D,2010,7,summer,medium
29.6172,-9.4885,343.3,2010-07-12,85,31.1,D,2010,7,summer,medium
29.9007,-9.6641,338.5,2010-07-12,77,23.6,D,2010,7,summer,medium
29.8992,-9.6775,353.8,2010-07-12,95,68.8,D,2010,7,summer,medium
30.9418,-9.1224,332.0,2010-07-13,71,17.9,D,2010,7,summer,low
30.9441,-9.1354,344.6,2010-07-13,88,46.4,D,2010,7,summer,medium
30.9333,-9.1599,332.3,2010-07-13,77,67.5,D,2010,7,summer,medium
30.9399,-9.1301,374.2,2010-07-13,100,542.5,D,2010,7,summer,high
30.9413,-9.1377,361.4,2010-07-13,100,344.0,D,2010,7,summer,high
34.8307,-2.8779,331.1,2010-07-14,70,18.3,D,2010,7,summer,low
29.5145,-9.6298,332.8,2010-07-14,62,8.6,D,2010,7,summer,low
34.4241,-6.5428,327.4,2010-07-14,41,18.7,D,2010,7,summer,low
34.9367,-4.6943,328.9,2010-07-15,57,37.7,D,2010,7,summer,medium
34.5381,-1.88,332.6,2010-07-15,58,14.2,D,2010,7,summer,low
34.5482,-1.883,333.7,2010-07-15,65,16.3,D,2010,7,summer,low
34.9452,-4.6787,327.0,2010-07-15,55,35.1,D,2010,7,summer,medium
34.9409,-4.6737,326.3,2010-07-15,42,30.2,D,2010,7,summer,medium
35.5859,-5.3206,324.8,2010-07-15,78,24.0,D,2010,7,summer,medium
33.4367,-7.7444,334.5,2010-07-17,74,19.3,D,2010,7,summer,low
33.4382,-7.7558,338.6,2010-07-17,81,26.2,D,2010,7,summer,medium
34.4258,-6.1572,328.3,2010-07-17,60,10.0,D,2010,7,summer,low
34.4242,-6.1464,327.7,2010-07-17,52,9.2,D,2010,7,summer,low
33.8437,-5.506,326.8,2010-07-22,65,14.7,D,2010,7,summer,low
33.8473,-5.4984,324.0,2010-07-22,53,9.7,D,2010,7,summer,low
32.8186,-4.5292,327.9,2010-07-22,66,23.2,D,2010,7,summer,medium
32.8223,-4.5344,325.7,2010-07-22,43,15.0,D,2010,7,summer,low
34.0006,-4.9015,307.4,2010-07-29,71,9.2,N,2010,7,summer,low
30.0675,-8.9535,336.9,2010-07-30,63,13.0,D,2010,7,summer,low
30.0584,-8.9518,344.5,2010-07-30,86,26.6,D,2010,7,summer,medium
35.0262,-2.6236,349.7,2010-07-30,92,195.7,D,2010,7,summer,high
34.9692,-2.8076,329.5,2010-07-31,64,25.3,D,2010,7,summer,medium
34.9581,-2.8101,337.9,2010-07-31,82,46.5,D,2010,7,summer,medium
30.0823,-8.9439,330.5,2010-07-31,56,8.5,D,2010,7,summer,low
34.9533,-2.8188,341.4,2010-07-31,84,47.9,D,2010,7,summer,medium
34.9639,-2.8214,332.7,2010-07-31,70,25.3,D,2010,7,summer,medium
33.7825,-4.4529,332.2,2010-07-31,63,26.5,D,2010,7,summer,medium
30.6383,-9.4418,328.6,2010-08-01,100,49.0,N,2010,8,summer,medium
30.6085,-9.4119,313.8,2010-08-01,88,16.5,N,2010,8,summer,low
30.6198,-9.4153,361.1,2010-08-01,100,184.2,N,2010,8,summer,high
30.618,-9.4323,349.5,2010-08-01,100,122.1,N,2010,8,summer,high
30.6312,-9.4173,317.9,2010-08-01,94,23.0,N,2010,8,summer,medium
30.6426,-9.4192,315.7,2010-08-01,92,19.3,N,2010,8,summer,low
30.6285,-9.4229,343.1,2010-08-01,100,95.8,N,2010,8,summer,medium
30.6399,-9.425,337.9,2010-08-01,100,78.0,N,2010,8,summer,medium
30.6269,-9.4393,341.0,2010-08-01,100,86.6,N,2010,8,summer,medium
30.6409,-9.4359,328.4,2010-08-01,100,47.0,N,2010,8,summer,medium
30.6295,-9.4336,371.8,2010-08-01,100,254.8,N,2010,8,summer,high
30.6272,-9.4107,308.0,2010-08-02,73,36.6,N,2010,8,summer,medium
30.6338,-9.4017,314.7,2010-08-02,90,68.4,N,2010,8,summer,medium
30.6432,-9.4075,320.1,2010-08-02,100,99.7,N,2010,8,summer,medium
30.6363,-9.4412,327.0,2010-08-02,100,149.5,N,2010,8,summer,high
30.6462,-9.4502,318.2,2010-08-02,96,88.1,N,2010,8,summer,medium
30.6528,-9.4046,378.7,2010-08-02,100,154.2,D,2010,8,summer,high
30.6447,-9.4183,393.4,2010-08-02,100,237.2,D,2010,8,summer,high
30.6366,-9.4326,350.0,2010-08-02,81,45.1,D,2010,8,summer,medium
30.6382,-9.4449,343.6,2010-08-02,68,30.9,D,2010,8,summer,medium
30.6286,-9.4469,334.8,2010-08-02,37,14.5,D,2010,8,summer,low
30.6542,-9.4163,456.3,2010-08-02,100,974.7,D,2010,8,summer,high
30.6462,-9.4307,421.5,2010-08-02,100,482.0,D,2010,8,summer,high
30.6638,-9.4147,353.1,2010-08-02,94,61.4,D,2010,8,summer,medium
30.6557,-9.4283,442.7,2010-08-02,100,758.0,D,2010,8,summer,high
30.6317,-9.4365,336.5,2010-08-02,68,77.9,D,2010,8,summer,medium
30.6296,-9.4625,333.7,2010-08-02,66,58.7,D,2010,8,summer,medium
30.6369,-9.4736,310.6,2010-08-02,68,20.8,N,2010,8,summer,medium
30.6295,-9.4414,321.6,2010-08-02,100,53.6,N,2010,8,summer,medium
30.6236,-9.4694,360.2,2010-08-02,100,310.5,N,2010,8,summer,high
30.6369,-9.4484,339.4,2010-08-02,100,143.5,N,2010,8,summer,high
30.6307,-9.4771,342.8,2010-08-02,100,166.1,N,2010,8,summer,high
30.6315,-9.4603,343.2,2010-08-03,100,44.6,N,2010,8,summer,medium
30.633,-9.4705,309.6,2010-08-03,46,4.9,N,2010,8,summer,low
30.63,-9.45,312.2,2010-08-03,52,6.3,N,2010,8,summer,low
30.6404,-9.4585,332.7,2010-08-03,100,28.2,N,2010,8,summer,medium
30.6061,-9.4123,314.9,2010-08-03,88,9.8,N,2010,8,summer,low
30.6389,-9.4483,325.3,2010-08-03,100,19.1,N,2010,8,summer,low
30.6409,-9.456,336.0,2010-08-03,69,75.0,D,2010,8,summer,medium
31.7107,-6.9992,346.2,2010-08-03,89,35.5,D,2010,8,summer,medium
30.6187,-9.4705,312.7,2010-08-03,83,7.5,N,2010,8,summer,low
30.639,-9.4512,310.3,2010-08-04,80,56.1,N,2010,8,summer,medium
34.2768,-5.1799,337.8,2010-08-05,74,14.0,D,2010,8,summer,low
34.1653,-2.4556,341.2,2010-08-05,82,18.4,D,2010,8,summer,low
33.2648,-6.4975,358.9,2010-08-10,99,54.2,D,2010,8,summer,medium
34.618,-6.3059,344.4,2010-08-11,86,33.7,D,2010,8,summer,medium
29.1851,-9.9467,319.9,2010-08-12,99,14.0,N,2010,8,summer,low
29.1837,-9.9568,312.5,2010-08-12,79,7.5,N,2010,8,summer,low
34.8703,-6.2333,327.7,2010-08-20,51,13.1,D,2010,8,summer,low
32.4122,-8.4455,307.6,2010-08-21,70,7.7,N,2010,8,summer,low
33.9912,-4.6836,328.2,2010-08-22,67,14.8,D,2010,8,summer,low
32.2092,-6.8858,305.6,2010-08-23,65,7.7,N,2010,8,summer,low
29.1509,-8.957,338.4,2010-08-26,77,21.8,D,2010,8,summer,medium
35.678,-5.894,331.8,2010-08-26,82,9.6,D,2010,8,summer,low
33.4184,-7.8747,328.8,2010-08-30,48,12.9,D,2010,8,summer,low
34.9854,-4.0546,330.8,2010-08-30,68,20.4,D,2010,8,summer,medium
31.3787,-9.2757,333.0,2010-09-02,69,16.2,D,2010,9,autumn,low
33.8266,-6.7847,328.3,2010-09-03,64,9.7,D,2010,9,autumn,low
35.2628,-6.0548,322.7,2010-09-03,60,6.4,D,2010,9,autumn,low
33.0313,-7.6994,327.8,2010-09-03,45,8.9,D,2010,9,autumn,low
34.047,-4.6442,326.4,2010-09-03,65,7.2,D,2010,9,autumn,low
34.0765,-5.6305,326.3,2010-09-03,59,6.6,D,2010,9,autumn,low
33.464,-5.1693,331.7,2010-09-04,60,14.4,D,2010,9,autumn,low
33.4728,-5.1711,329.9,2010-09-04,39,11.9,D,2010,9,autumn,low
34.9556,-2.1849,330.9,2010-09-05,75,14.5,D,2010,9,autumn,low
33.8713,-4.6532,334.5,2010-09-05,77,16.3,D,2010,9,autumn,low
34.4144,-5.1703,335.1,2010-09-05,78,14.9,D,2010,9,autumn,low
34.4238,-5.1686,341.2,2010-09-05,85,26.2,D,2010,9,autumn,medium
33.8805,-4.6514,332.7,2010-09-05,66,15.7,D,2010,9,autumn,low
33.8688,-4.7096,330.4,2010-09-07,76,55.6,D,2010,9,autumn,medium
33.7906,-6.6479,330.3,2010-09-07,75,30.7,D,2010,9,autumn,medium
33.8666,-4.7365,323.1,2010-09-07,58,23.5,D,2010,9,autumn,medium
34.9913,-3.6937,321.6,2010-09-08,52,14.4,D,2010,9,autumn,low
32.4196,-8.4318,304.2,2010-09-08,59,7.4,N,2010,9,autumn,low
32.9631,-7.8932,329.3,2010-09-09,63,11.0,D,2010,9,autumn,low
34.0145,-5.3912,307.8,2010-09-10,72,8.4,N,2010,9,autumn,low
34.8927,-4.877,344.8,2010-09-11,90,40.5,D,2010,9,autumn,medium
33.8506,-4.6839,337.0,2010-09-13,83,116.9,D,2010,9,autumn,high
33.8652,-4.6785,333.0,2010-09-13,77,87.8,D,2010,9,autumn,medium
33.8623,-4.6725,336.8,2010-09-13,76,109.9,D,2010,9,autumn,high
33.8705,-4.7067,335.9,2010-09-13,83,96.9,D,2010,9,autumn,medium
33.7861,-6.7111,338.7,2010-09-14,84,50.3,D,2010,9,autumn,medium
30.0745,-9.2198,340.4,2010-09-14,84,33.9,D,2010,9,autumn,medium
29.2063,-9.9263,307.4,2010-09-15,71,10.8,N,2010,9,autumn,low
29.8099,-9.1131,324.5,2010-09-18,69,14.8,D,2010,9,autumn,low
34.5764,-6.0822,321.3,2010-09-21,57,11.4,D,2010,9,autumn,low
32.2863,-6.5986,319.0,2010-09-28,54,7.5,D,2010,9,autumn,low
34.1648,-4.2489,322.0,2010-09-29,42,8.0,D,2010,9,autumn,low
35.2001,-5.8741,328.8,2010-09-29,79,11.9,D,2010,9,autumn,low
35.049,-5.9573,321.4,2010-09-29,61,8.5,D,2010,9,autumn,low
34.2596,-4.4363,325.8,2010-09-30,69,11.6,D,2010,9,autumn,low
34.2612,-4.4497,324.4,2010-09-30,66,9.6,D,2010,9,autumn,low
32.5734,-6.625,328.5,2010-10-01,75,19.4,D,2010,10,autumn,low
32.5719,-6.6189,328.3,2010-10-01,74,19.6,D,2010,10,autumn,low
33.42,-7.7441,320.0,2010-10-01,45,9.4,D,2010,10,autumn,low
33.4264,-7.7366,319.1,2010-10-01,42,8.4,D,2010,10,autumn,low
30.1048,-9.0686,332.3,2010-10-01,76,24.6,D,2010,10,autumn,medium
30.0916,-9.0835,324.8,2010-10-01,64,44.2,D,2010,10,autumn,medium
30.0978,-9.0565,323.0,2010-10-01,57,35.5,D,2010,10,autumn,medium
30.0908,-9.0878,323.1,2010-10-01,57,35.2,D,2010,10,autumn,medium
33.8918,-4.6972,327.8,2010-10-02,74,29.3,D,2010,10,autumn,medium
33.8837,-4.6915,325.9,2010-10-02,65,22.8,D,2010,10,autumn,medium
33.8934,-4.7175,327.0,2010-10-02,69,24.1,D,2010,10,autumn,medium
33.3369,-7.2944,321.9,2010-10-07,67,10.4,D,2010,10,autumn,low
35.1528,-6.0637,312.4,2010-10-15,68,8.3,D,2010,10,autumn,low
32.1471,-8.1384,319.4,2010-10-15,62,11.8,D,2010,10,autumn,low
34.8761,-5.2926,309.6,2010-10-18,45,10.2,D,2010,10,autumn,low
34.4822,-5.276,313.0,2010-10-21,59,5.2,D,2010,10,autumn,low
33.5668,-7.2544,315.6,2010-10-21,51,6.2,D,2010,10,autumn,low
33.6953,-5.7262,330.8,2010-10-28,85,25.7,D,2010,10,autumn,medium
33.6935,-5.7152,313.3,2010-10-28,58,6.5,D,2010,10,autumn,low
33.6193,-5.3925,304.4,2010-10-29,45,4.4,D,2010,10,autumn,low
34.5014,-6.1478,313.9,2010-10-29,64,5.2,D,2010,10,autumn,low
34.4984,-6.1696,313.0,2010-10-29,51,5.0,D,2010,10,autumn,low
28.8303,-10.4438,318.8,2010-11-03,58,6.2,D,2010,11,autumn,low
34.5115,-6.1589,314.8,2010-11-04,69,11.1,D,2010,11,autumn,low
34.5022,-6.1612,308.8,2010-11-04,36,5.1,D,2010,11,autumn,low
28.8226,-10.3879,322.9,2010-11-04,72,10.8,D,2010,11,autumn,low
28.8211,-10.3778,362.2,2010-11-04,100,82.6,D,2010,11,autumn,medium
33.9727,-3.9092,301.8,2010-11-07,49,4.0,D,2010,11,autumn,low
27.0426,-13.1171,324.3,2010-11-09,72,15.4,D,2010,11,autumn,low
35.1113,-6.0607,310.6,2010-11-23,59,8.3,D,2010,11,autumn,low
32.7908,-6.9143,315.4,2010-11-23,58,7.6,D,2010,11,autumn,low
32.7972,-6.9225,317.6,2010-11-23,72,11.0,D,2010,11,autumn,low
32.799,-6.9112,313.8,2010-11-23,66,7.5,D,2010,11,autumn,low
35.1024,-6.0588,318.1,2010-11-23,78,14.6,D,2010,11,autumn,low
27.1146,-13.2092,318.4,2010-11-26,72,13.2,D,2010,11,autumn,low
31.6037,-8.2522,312.8,2011-01-08,64,6.3,D,2011,1,winter,low
29.8201,-9.4374,314.4,2011-01-15,70,5.3,D,2011,1,winter,low
34.134,-6.2888,311.2,2011-02-09,69,9.4,D,2011,2,winter,low
34.9378,-4.8152,307.2,2011-02-10,65,39.6,D,2011,2,winter,medium
34.9459,-4.7803,306.4,2011-02-10,63,38.1,D,2011,2,winter,medium
34.8835,-2.6542,301.3,2011-02-21,35,4.0,D,2011,2,winter,low
33.392,-5.4052,313.8,2011-03-03,74,21.3,D,2011,3,spring,medium
32.3139,-7.0337,302.2,2011-03-17,33,3.3,D,2011,3,spring,low
33.4463,-7.8564,309.0,2011-03-21,55,4.8,D,2011,3,spring,low
33.4613,-7.8973,311.2,2011-03-21,62,5.4,D,2011,3,spring,low
34.9453,-6.246,309.8,2011-03-28,59,5.6,D,2011,3,spring,low
34.7256,-3.1077,325.5,2011-04-01,75,12.6,D,2011,4,spring,low
34.7487,-3.3365,331.1,2011-04-09,78,15.5,D,2011,4,spring,low
35.3571,-5.578,323.4,2011-04-10,76,31.7,D,2011,4,spring,medium
34.987,-5.9371,319.8,2011-04-14,64,9.0,D,2011,4,spring,low
34.9802,-5.9638,312.3,2011-04-20,44,11.3,D,2011,4,spring,low
33.8266,-5.5252,317.9,2011-04-25,74,11.7,D,2011,4,spring,low
34.4203,-5.9089,311.9,2011-04-26,59,11.3,D,2011,4,spring,low
34.805,-6.0735,321.6,2011-04-27,78,23.6,D,2011,4,spring,medium
34.9949,-5.938,317.2,2011-04-28,68,16.4,D,2011,4,spring,low
34.8012,-6.0872,312.5,2011-05-08,54,4.8,D,2011,5,spring,low
34.7995,-6.0763,319.3,2011-05-08,71,10.9,D,2011,5,spring,low
34.3378,-6.4406,317.5,2011-05-08,57,7.8,D,2011,5,spring,low
33.8234,-5.526,317.6,2011-05-08,62,6.9,D,2011,5,spring,low
34.9763,-5.9262,312.5,2011-05-09,54,35.5,D,2011,5,spring,medium
34.978,-5.9328,327.1,2011-05-09,73,13.4,D,2011,5,spring,low
34.5442,-6.0046,323.2,2011-06-02,59,7.8,D,2011,6,summer,low
34.9537,-6.2056,321.5,2011-06-09,45,8.0,D,2011,6,summer,low
33.2061,-8.4713,317.5,2011-06-10,51,42.1,D,2011,6,summer,medium
32.319,-6.6693,324.7,2011-06-10,63,5.9,D,2011,6,summer,low
33.613,-7.1527,321.4,2011-06-10,50,6.6,D,2011,6,summer,low
32.4221,-8.449,304.3,2011-06-12,59,7.2,N,2011,6,summer,low
34.6372,-2.6596,351.8,2011-06-17,94,88.2,D,2011,6,summer,medium
34.6258,-2.6586,363.2,2011-06-17,100,148.9,D,2011,6,summer,high
34.6275,-2.6409,384.5,2011-06-17,100,314.3,D,2011,6,summer,high
34.6389,-2.6421,353.3,2011-06-17,95,97.1,D,2011,6,summer,medium
34.6344,-2.6599,308.9,2011-06-18,76,14.8,N,2011,6,summer,low
34.6326,-2.6434,303.5,2011-06-18,55,8.6,N,2011,6,summer,low
32.8481,-6.5505,333.4,2011-06-20,74,12.8,D,2011,6,summer,low
32.8465,-6.537,336.0,2011-06-20,78,17.7,D,2011,6,summer,low
34.5208,-5.5101,307.6,2011-06-21,72,9.9,N,2011,6,summer,low
34.5264,-5.5173,305.0,2011-06-21,63,7.7,N,2011,6,summer,low
34.4955,-6.3803,378.0,2011-06-25,100,127.2,D,2011,6,summer,high
34.4972,-6.3911,347.5,2011-06-25,94,37.7,D,2011,6,summer,medium
33.4742,-7.5291,324.8,2011-06-28,50,29.8,D,2011,6,summer,medium
29.2303,-9.6919,339.8,2011-06-29,78,21.8,D,2011,6,summer,medium
33.9449,-5.1164,334.1,2011-06-29,75,54.6,D,2011,6,summer,medium
30.4939,-9.5987,342.7,2011-07-01,77,21.9,D,2011,7,summer,medium
33.8591,-5.5045,360.9,2011-07-02,100,86.4,D,2011,7,summer,medium
35.0736,-5.9989,340.0,2011-07-04,87,31.2,D,2011,7,summer,medium
35.0752,-6.0098,336.8,2011-07-04,84,26.3,D,2011,7,summer,medium
32.3779,-7.0025,334.0,2011-07-04,76,11.7,D,2011,7,summer,low
32.3794,-7.0132,344.7,2011-07-04,89,29.1,D,2011,7,summer,medium
34.0404,-5.577,304.9,2011-07-05,62,15.3,N,2011,7,summer,low
33.7613,-7.2127,327.2,2011-07-06,52,21.5,D,2011,7,summer,medium
34.2116,-4.7898,332.8,2011-07-06,66,11.9,D,2011,7,summer,low
33.908,-5.6806,331.6,2011-07-06,68,13.1,D,2011,7,summer,low
33.9095,-5.6933,342.3,2011-07-06,86,34.5,D,2011,7,summer,medium
33.8075,-5.4475,349.1,2011-07-06,92,50.1,D,2011,7,summer,medium
33.809,-5.4599,357.0,2011-07-06,98,73.1,D,2011,7,summer,medium
35.7427,-5.7599,307.1,2011-07-09,51,7.3,N,2011,7,summer,low
33.8798,-3.8784,331.1,2011-07-11,50,23.2,D,2011,7,summer,medium
33.9012,-3.8852,339.6,2011-07-11,81,34.3,D,2011,7,summer,medium
35.0768,-6.0068,345.6,2011-07-11,91,41.3,D,2011,7,summer,medium
34.1055,-3.8749,349.3,2011-07-11,92,52.3,D,2011,7,summer,medium
33.8916,-3.8875,345.8,2011-07-11,72,51.6,D,2011,7,summer,medium
33.8894,-3.8754,365.2,2011-07-11,100,115.3,D,2011,7,summer,high
35.0751,-5.9958,394.7,2011-07-11,100,214.4,D,2011,7,summer,high
34.4049,-3.6334,318.2,2011-07-11,96,14.5,N,2011,7,summer,low
34.4034,-3.6441,305.5,2011-07-11,63,4.9,N,2011,7,summer,low
33.7461,-5.3013,327.4,2011-07-13,65,8.2,D,2011,7,summer,low
33.6249,-6.9039,322.9,2011-07-14,40,23.9,D,2011,7,summer,medium
33.8734,-3.9278,301.6,2011-07-14,43,15.2,N,2011,7,summer,low
30.7363,-9.6331,333.2,2011-07-15,49,14.2,D,2011,7,summer,low
30.7254,-9.7792,351.4,2011-07-17,93,47.8,D,2011,7,summer,medium
30.724,-9.7896,330.5,2011-07-17,54,12.4,D,2011,7,summer,low
33.3809,-7.4437,330.1,2011-07-17,69,13.3,D,2011,7,summer,low
35.0585,-3.5651,335.0,2011-07-18,81,40.8,D,2011,7,summer,medium
35.0611,-3.5793,342.8,2011-07-18,89,62.5,D,2011,7,summer,medium
33.746,-5.2264,325.2,2011-07-18,64,38.3,D,2011,7,summer,medium
34.7548,-3.1336,301.5,2011-07-20,42,8.9,N,2011,7,summer,low
34.7566,-3.151,310.6,2011-07-20,80,20.3,N,2011,7,summer,medium
34.3457,-5.2191,330.0,2011-07-20,70,7.7,D,2011,7,summer,low
33.8451,-4.9051,327.6,2011-07-20,61,9.6,D,2011,7,summer,low
34.2232,-5.2094,331.8,2011-07-21,63,8.8,D,2011,7,summer,low
34.2217,-5.2201,335.7,2011-07-21,74,14.1,D,2011,7,summer,low
35.6418,-5.9244,343.2,2011-07-21,92,31.3,D,2011,7,summer,medium
35.6402,-5.9353,329.0,2011-07-21,82,10.1,D,2011,7,summer,low
33.6053,-5.5671,330.6,2011-07-22,72,14.7,D,2011,7,summer,low
33.6037,-5.5549,329.7,2011-07-22,70,13.7,D,2011,7,summer,low
33.8842,-5.7088,331.5,2011-07-24,76,39.3,D,2011,7,summer,medium
34.9578,-6.1794,320.6,2011-07-25,36,17.3,D,2011,7,summer,low
33.979,-4.7031,328.2,2011-07-26,66,36.8,D,2011,7,summer,medium
34.9537,-6.1737,366.1,2011-07-27,100,91.3,D,2011,7,summer,medium
33.9371,-5.5212,336.5,2011-07-30,83,107.1,D,2011,7,summer,high
33.935,-5.5285,333.7,2011-07-30,79,90.4,D,2011,7,summer,medium
31.0128,-9.6698,331.4,2011-07-30,69,21.9,D,2011,7,summer,medium
34.0515,-4.7687,331.5,2011-07-31,69,13.6,D,2011,7,summer,low
30.6411,-8.455,329.0,2011-07-31,49,19.5,D,2011,7,summer,low
33.7681,-7.1729,331.5,2011-07-31,70,50.4,D,2011,7,summer,medium
33.7678,-7.1777,330.0,2011-07-31,64,46.1,D,2011,7,summer,medium
34.7064,-6.1321,326.6,2011-08-05,66,8.1,D,2011,8,summer,low
35.1699,-4.2206,339.7,2011-08-06,78,244.4,D,2011,8,summer,high
35.1688,-4.2569,333.9,2011-08-06,65,174.9,D,2011,8,summer,high
35.1584,-4.2161,342.6,2011-08-06,86,277.2,D,2011,8,summer,high
35.1531,-4.2227,334.0,2011-08-06,86,172.6,D,2011,8,summer,high
35.1624,-4.2164,398.8,2011-08-06,100,243.0,D,2011,8,summer,high
35.1685,-4.2406,342.1,2011-08-06,74,34.9,D,2011,8,summer,medium
35.1715,-4.2183,347.0,2011-08-06,90,46.5,D,2011,8,summer,medium
35.1595,-4.2384,344.0,2011-08-06,88,35.0,D,2011,8,summer,medium
35.161,-4.2274,394.3,2011-08-06,100,214.2,D,2011,8,summer,high
35.152,-4.2254,340.5,2011-08-06,84,27.4,D,2011,8,summer,medium
35.1534,-4.2142,335.2,2011-08-06,77,20.8,D,2011,8,summer,medium
35.1685,-4.2378,307.6,2011-08-07,72,33.2,N,2011,8,summer,medium
35.1784,-4.2432,335.7,2011-08-07,53,23.0,D,2011,8,summer,medium
35.1691,-4.2448,361.0,2011-08-07,100,82.6,D,2011,8,summer,medium
35.1707,-4.2564,351.0,2011-08-07,88,55.9,D,2011,8,summer,medium
35.1737,-4.2082,325.6,2011-08-07,31,7.2,D,2011,8,summer,low
34.1541,-5.139,332.3,2011-08-07,71,13.0,D,2011,8,summer,low
34.5512,-5.9756,332.4,2011-08-07,71,24.4,D,2011,8,summer,medium
34.4971,-5.6091,336.4,2011-08-07,78,22.6,D,2011,8,summer,medium
34.1605,-5.4214,326.0,2011-08-07,53,43.1,D,2011,8,summer,medium
35.1636,-4.2445,320.8,2011-08-07,61,54.2,D,2011,8,summer,medium
35.1646,-4.249,322.1,2011-08-07,57,68.4,D,2011,8,summer,medium
35.1778,-4.259,320.4,2011-08-07,100,24.0,N,2011,8,summer,medium
35.1674,-4.2561,307.0,2011-08-07,44,7.3,N,2011,8,summer,low
35.1814,-4.2679,306.6,2011-08-07,31,6.3,N,2011,8,summer,low
35.1759,-4.2098,315.5,2011-08-07,90,18.4,N,2011,8,summer,low
35.1844,-4.252,314.5,2011-08-07,89,16.2,N,2011,8,summer,low
35.1708,-4.2548,317.9,2011-08-08,96,13.8,N,2011,8,summer,low
35.1817,-4.2061,314.0,2011-08-08,88,11.2,N,2011,8,summer,low
35.18,-4.1951,306.8,2011-08-08,69,5.8,N,2011,8,summer,low
35.1814,-4.2633,307.3,2011-08-08,69,5.1,N,2011,8,summer,low
35.1797,-4.2526,354.6,2011-08-08,100,72.8,N,2011,8,summer,medium
34.076,-5.5983,338.0,2011-08-08,76,18.4,D,2011,8,summer,low
35.182,-4.2199,307.2,2011-08-08,67,11.0,N,2011,8,summer,low
35.1766,-4.2756,311.3,2011-08-08,59,16.3,N,2011,8,summer,low
35.1808,-4.2073,312.5,2011-08-08,84,20.5,N,2011,8,summer,medium
35.1756,-4.2642,314.9,2011-08-08,84,21.7,N,2011,8,summer,medium
35.1838,-4.2017,310.5,2011-08-08,79,16.4,N,2011,8,summer,low
35.0222,-4.9247,306.0,2011-08-08,61,10.9,N,2011,8,summer,low
35.0205,-4.9191,304.1,2011-08-08,42,7.8,N,2011,8,summer,low
35.8,-5.6609,328.1,2011-08-10,81,28.2,D,2011,8,summer,medium
35.7973,-5.6464,326.3,2011-08-10,79,25.1,D,2011,8,summer,medium
34.1593,-4.7809,343.2,2011-08-11,86,42.2,D,2011,8,summer,medium
34.1195,-5.3985,328.4,2011-08-12,69,12.0,D,2011,8,summer,low
32.8626,-6.788,338.2,2011-08-13,77,12.4,D,2011,8,summer,low
34.9955,-3.311,336.0,2011-08-14,76,11.9,D,2011,8,summer,low
33.4886,-6.6434,333.3,2011-08-14,73,13.2,D,2011,8,summer,low
35.3127,-5.4709,341.7,2011-08-15,86,30.2,D,2011,8,summer,medium
35.3144,-5.46,335.1,2011-08-15,78,17.7,D,2011,8,summer,low
34.2927,-5.729,343.2,2011-08-17,88,77.4,D,2011,8,summer,medium
33.6332,-6.6146,330.9,2011-08-19,56,17.8,D,2011,8,summer,low
33.9122,-3.9633,315.5,2011-08-19,91,12.0,N,2011,8,summer,low
33.9494,-5.6156,324.3,2011-08-19,84,23.0,N,2011,8,summer,medium
33.9075,-3.9511,307.4,2011-08-20,71,25.4,N,2011,8,summer,medium
33.6652,-7.3034,335.0,2011-08-20,80,22.2,D,2011,8,summer,medium
33.6638,-7.3143,357.2,2011-08-20,98,66.2,D,2011,8,summer,medium
33.9016,-3.9526,357.6,2011-08-20,98,92.8,D,2011,8,summer,medium
33.8999,-3.9684,337.8,2011-08-20,65,28.7,D,2011,8,summer,medium
33.9136,-3.9393,357.4,2011-08-20,98,91.1,D,2011,8,summer,medium
33.9119,-3.9546,351.3,2011-08-20,93,68.7,D,2011,8,summer,medium
33.9104,-3.9687,337.6,2011-08-20,78,28.7,D,2011,8,summer,medium
34.1435,-5.4984,333.7,2011-08-22,72,12.7,D,2011,8,summer,low
34.1183,-6.1647,336.1,2011-08-22,77,18.8,D,2011,8,summer,low
34.1166,-6.1756,336.1,2011-08-22,77,17.9,D,2011,8,summer,low
34.1451,-5.4877,331.5,2011-08-22,66,9.5,D,2011,8,summer,low
33.5644,-6.644,338.0,2011-08-22,81,18.2,D,2011,8,summer,low
34.1758,-5.2543,303.1,2011-08-24,53,7.4,N,2011,8,summer,low
33.4279,-6.6176,332.1,2011-08-25,75,27.3,D,2011,8,summer,medium
33.4297,-6.5987,331.0,2011-08-25,73,23.6,D,2011,8,summer,medium
33.9395,-5.9126,325.6,2011-08-28,59,8.5,D,2011,8,summer,low
33.9409,-5.6729,323.7,2011-09-01,71,11.8,D,2011,9,autumn,low
30.7707,-8.8988,340.0,2011-09-01,86,55.8,D,2011,9,autumn,medium
30.7726,-8.8806,323.7,2011-09-01,59,16.5,D,2011,9,autumn,low
33.8771,-5.9524,324.2,2011-09-04,69,9.1,D,2011,9,autumn,low
34.0513,-5.8847,324.0,2011-09-04,59,10.0,D,2011,9,autumn,low
33.9643,-5.7008,331.8,2011-09-05,69,12.8,D,2011,9,autumn,low
33.887,-4.6518,335.9,2011-09-06,80,21.1,D,2011,9,autumn,medium
33.7469,-5.7388,340.5,2011-09-06,85,23.0,D,2011,9,autumn,medium
33.7484,-5.7494,339.3,2011-09-06,84,21.7,D,2011,9,autumn,medium
33.6584,-5.4565,339.6,2011-09-06,85,21.7,D,2011,9,autumn,medium
33.6568,-5.4459,331.6,2011-09-06,71,10.3,D,2011,9,autumn,low
34.7813,-5.8757,349.6,2011-09-06,93,41.3,D,2011,9,autumn,medium
34.7829,-5.8865,333.3,2011-09-06,75,12.9,D,2011,9,autumn,low
34.1192,-4.48,328.9,2011-09-06,70,14.2,D,2011,9,autumn,low
33.9326,-4.8874,327.8,2011-09-06,65,9.2,D,2011,9,autumn,low
33.8853,-4.6409,329.8,2011-09-06,60,12.7,D,2011,9,autumn,low
30.4994,-9.3719,338.5,2011-09-06,71,76.8,D,2011,9,autumn,medium
30.0854,-8.9336,309.4,2011-09-06,76,22.0,N,2011,9,autumn,medium
30.5282,-9.3779,320.4,2011-09-06,100,51.8,N,2011,9,autumn,medium
30.0841,-8.9302,312.6,2011-09-07,85,9.0,N,2011,9,autumn,low
30.0857,-8.9404,311.8,2011-09-07,83,8.2,N,2011,9,autumn,low
30.0931,-8.9285,310.6,2011-09-07,80,7.4,N,2011,9,autumn,low
30.5289,-9.3694,317.7,2011-09-07,96,12.2,N,2011,9,autumn,low
30.0655,-8.9361,338.2,2011-09-07,77,29.4,D,2011,9,autumn,medium
30.1102,-9.0163,335.6,2011-09-07,71,21.8,D,2011,9,autumn,medium
30.5206,-9.3764,332.7,2011-09-07,53,22.7,D,2011,9,autumn,medium
34.6352,-4.8698,336.4,2011-09-07,77,16.4,D,2011,9,autumn,low
35.4254,-6.0489,330.0,2011-09-07,66,10.4,D,2011,9,autumn,low
35.0154,-3.6523,317.2,2011-09-07,95,76.4,N,2011,9,autumn,medium
35.0166,-3.6574,317.1,2011-09-07,94,76.5,N,2011,9,autumn,medium
35.0128,-3.6546,367.0,2011-09-08,100,98.8,D,2011,9,autumn,medium
35.0143,-3.666,325.7,2011-09-08,66,11.5,D,2011,9,autumn,low
34.6967,-4.8488,355.3,2011-09-08,98,415.7,D,2011,9,autumn,high
34.692,-4.8428,356.6,2011-09-08,98,440.0,D,2011,9,autumn,high
34.0901,-5.1291,308.3,2011-09-08,74,14.7,N,2011,9,autumn,low
35.018,-3.6436,303.0,2011-09-09,53,7.1,N,2011,9,autumn,low
35.6478,-5.7111,321.8,2011-09-09,46,15.5,D,2011,9,autumn,low
34.3442,-2.678,336.4,2011-09-09,76,21.1,D,2011,9,autumn,medium
34.1288,-5.1436,335.4,2011-09-09,72,13.2,D,2011,9,autumn,low
35.5527,-5.5739,318.3,2011-09-10,54,12.8,D,2011,9,autumn,low
35.5582,-5.5656,334.4,2011-09-10,86,58.8,D,2011,9,autumn,medium
35.5564,-5.5462,329.7,2011-09-10,83,43.3,D,2011,9,autumn,medium
35.5508,-5.5545,335.5,2011-09-10,87,61.4,D,2011,9,autumn,medium
35.5522,-5.5616,328.2,2011-09-10,81,49.3,D,2011,9,autumn,medium
35.5551,-5.5569,325.4,2011-09-10,78,39.0,D,2011,9,autumn,medium
34.0591,-5.6026,323.6,2011-09-11,60,11.9,D,2011,9,autumn,low
34.2038,-6.6525,322.0,2011-09-11,42,23.7,D,2011,9,autumn,medium
34.6465,-4.2241,324.1,2011-09-13,50,9.8,D,2011,9,autumn,low
33.7509,-6.6059,332.5,2011-09-13,77,16.2,D,2011,9,autumn,low
33.7426,-6.6142,324.3,2011-09-13,50,8.0,D,2011,9,autumn,low
33.6608,-6.6208,331.2,2011-09-13,75,13.0,D,2011,9,autumn,low
35.7456,-5.7522,308.2,2011-09-13,59,7.7,N,2011,9,autumn,low
34.0225,-4.5663,307.7,2011-09-13,72,6.9,N,2011,9,autumn,low
33.2385,-8.41,332.8,2011-09-14,73,21.1,D,2011,9,autumn,medium
33.2403,-8.3987,324.1,2011-09-14,30,8.5,D,2011,9,autumn,low
34.9029,-5.3235,330.2,2011-09-15,76,17.7,D,2011,9,autumn,low
35.7834,-5.5825,315.5,2011-09-15,58,6.7,D,2011,9,autumn,low
35.7737,-5.6228,317.3,2011-09-15,68,72.9,D,2011,9,autumn,medium
35.7618,-5.6219,312.1,2011-09-15,45,38.9,D,2011,9,autumn,medium
35.7734,-5.5769,312.3,2011-09-15,36,44.6,D,2011,9,autumn,medium
35.7845,-5.5795,314.7,2011-09-15,59,60.0,D,2011,9,autumn,medium
34.3551,-5.7727,324.3,2011-09-15,77,79.0,D,2011,9,autumn,medium
34.3535,-5.7683,322.1,2011-09-15,70,57.1,D,2011,9,autumn,medium
35.7092,-5.7551,321.9,2011-09-20,75,11.5,D,2011,9,autumn,low
35.7113,-5.767,342.6,2011-09-20,91,44.3,D,2011,9,autumn,medium
33.5397,-7.5026,323.7,2011-09-20,47,7.4,D,2011,9,autumn,low
33.5415,-7.5136,337.4,2011-09-20,84,26.5,D,2011,9,autumn,medium
35.7805,-5.6769,328.7,2011-09-20,82,60.7,D,2011,9,autumn,medium
35.7928,-5.6807,313.6,2011-09-20,37,16.2,D,2011,9,autumn,low
35.7851,-5.6552,321.4,2011-09-20,74,36.4,D,2011,9,autumn,medium
33.5448,-7.5167,304.1,2011-09-20,58,7.1,N,2011,9,autumn,low
33.3133,-6.3091,324.5,2011-09-21,70,7.8,D,2011,9,autumn,low
35.4355,-5.8189,343.4,2011-09-21,92,45.3,D,2011,9,autumn,medium
34.7492,-5.8387,323.8,2011-09-21,61,8.0,D,2011,9,autumn,low
33.4249,-7.5287,329.7,2011-09-25,78,35.2,D,2011,9,autumn,medium
33.4276,-7.5338,323.6,2011-09-25,68,21.6,D,2011,9,autumn,medium
33.4241,-7.5159,319.4,2011-09-25,55,13.3,D,2011,9,autumn,low
33.7706,-5.2922,332.3,2011-09-26,82,44.4,D,2011,9,autumn,medium
33.5301,-6.8019,329.3,2011-09-27,78,25.1,D,2011,9,autumn,medium
33.5324,-6.8151,320.4,2011-09-27,49,10.0,D,2011,9,autumn,low
33.5248,-6.8129,319.6,2011-09-27,57,23.5,D,2011,9,autumn,medium
35.4454,-5.3779,318.3,2011-09-27,96,17.8,N,2011,9,autumn,low
35.444,-5.3892,333.3,2011-09-27,100,36.3,N,2011,9,autumn,medium
35.8043,-5.5891,312.5,2011-09-28,79,37.0,N,2011,9,autumn,medium
34.2479,-5.5572,338.9,2011-10-01,86,30.1,D,2011,10,autumn,medium
34.2463,-5.5458,328.8,2011-10-01,75,15.6,D,2011,10,autumn,low
34.0374,-4.7707,328.0,2011-10-01,75,15.1,D,2011,10,autumn,low
33.2965,-7.7444,338.1,2011-10-02,83,41.4,D,2011,10,autumn,medium
33.2864,-7.7417,323.0,2011-10-02,44,11.0,D,2011,10,autumn,low
32.3674,-8.4756,303.2,2011-10-02,54,8.7,N,2011,10,autumn,low
35.8378,-5.5259,316.9,2011-10-04,63,20.4,D,2011,10,autumn,medium
33.8596,-6.7924,344.7,2011-10-05,80,168.2,D,2011,10,autumn,high
33.8549,-6.7986,336.3,2011-10-05,86,111.0,D,2011,10,autumn,high
33.8527,-6.7705,326.9,2011-10-05,67,59.9,D,2011,10,autumn,medium
30.0731,-8.9938,331.4,2011-10-05,79,16.9,D,2011,10,autumn,low
30.0639,-8.9964,338.6,2011-10-05,86,27.6,D,2011,10,autumn,medium
34.8642,-5.8849,331.2,2011-10-05,81,30.5,D,2011,10,autumn,medium
32.3743,-6.4927,320.8,2011-10-06,64,7.3,D,2011,10,autumn,low
34.1743,-5.7922,321.2,2011-10-06,48,7.5,D,2011,10,autumn,low
33.9646,-4.779,318.8,2011-10-06,56,8.3,D,2011,10,autumn,low
33.6386,-5.5001,321.5,2011-10-06,69,10.9,D,2011,10,autumn,low
34.788,-5.7196,321.3,2011-10-06,45,7.2,D,2011,10,autumn,low
33.6356,-5.494,320.3,2011-10-06,66,9.4,D,2011,10,autumn,low
33.6227,-5.5053,327.8,2011-10-06,76,56.0,D,2011,10,autumn,medium
34.7957,-5.6528,333.1,2011-10-06,82,64.0,D,2011,10,autumn,medium
34.7945,-5.6596,328.7,2011-10-06,78,47.6,D,2011,10,autumn,medium
33.6278,-5.4816,321.1,2011-10-06,63,30.7,D,2011,10,autumn,medium
34.8767,-4.8067,323.4,2011-10-07,53,11.0,D,2011,10,autumn,low
34.8862,-4.8007,325.9,2011-10-07,66,17.4,D,2011,10,autumn,low
34.8848,-4.8136,327.2,2011-10-07,69,19.2,D,2011,10,autumn,low
34.406,-5.3632,333.9,2011-10-07,80,23.5,D,2011,10,autumn,medium
33.4102,-7.7523,329.0,2011-10-08,74,15.4,D,2011,10,autumn,low
33.8485,-6.8435,314.7,2011-10-08,62,44.5,D,2011,10,autumn,medium
33.8524,-6.8035,330.2,2011-10-08,63,190.4,D,2011,10,autumn,high
33.8509,-6.7947,326.2,2011-10-08,69,145.6,D,2011,10,autumn,high
33.787,-5.4229,324.7,2011-10-09,61,7.0,D,2011,10,autumn,low
32.7073,-6.9323,329.8,2011-10-09,70,12.0,D,2011,10,autumn,low
32.4261,-6.8413,322.2,2011-10-10,45,6.7,D,2011,10,autumn,low
33.0302,-7.8911,326.5,2011-10-11,71,15.9,D,2011,10,autumn,low
33.0335,-7.9083,324.3,2011-10-11,66,11.3,D,2011,10,autumn,low
33.0761,-7.8641,325.5,2011-10-11,64,13.1,D,2011,10,autumn,low
35.0822,-6.0378,326.2,2011-10-11,75,19.7,D,2011,10,autumn,low
35.0844,-6.0246,327.3,2011-10-11,76,22.2,D,2011,10,autumn,medium
33.7996,-5.9293,322.9,2011-10-13,68,9.8,D,2011,10,autumn,low
35.7999,-5.7243,315.8,2011-10-13,60,9.5,D,2011,10,autumn,low
35.2953,-5.5114,324.8,2011-10-14,66,26.3,D,2011,10,autumn,medium
35.3058,-5.514,324.3,2011-10-14,66,24.9,D,2011,10,autumn,medium
33.8503,-5.8233,322.2,2011-10-14,58,9.1,D,2011,10,autumn,low
34.7705,-2.7345,318.5,2011-10-14,58,18.5,D,2011,10,autumn,low
35.3052,-5.5058,308.9,2011-10-15,76,22.7,N,2011,10,autumn,medium
35.2975,-5.4951,309.7,2011-10-15,78,25.4,N,2011,10,autumn,medium
35.3036,-5.4885,304.8,2011-10-15,46,17.0,N,2011,10,autumn,low
33.4149,-7.7651,367.3,2011-10-15,100,94.7,D,2011,10,autumn,medium
33.4134,-7.7545,344.4,2011-10-15,90,38.2,D,2011,10,autumn,medium
33.3714,-5.3833,322.9,2011-10-15,70,8.6,D,2011,10,autumn,low
33.6036,-5.421,317.4,2011-10-15,58,27.4,D,2011,10,autumn,medium
33.9196,-5.7842,309.6,2011-10-15,78,11.0,N,2011,10,autumn,low
33.8285,-5.0464,339.9,2011-10-16,88,34.5,D,2011,10,autumn,medium
33.8194,-5.0448,348.8,2011-10-16,94,52.2,D,2011,10,autumn,medium
33.8271,-5.0577,322.8,2011-10-16,65,9.3,D,2011,10,autumn,low
33.8179,-5.0561,355.1,2011-10-16,97,67.3,D,2011,10,autumn,medium
34.9894,-5.2982,322.4,2011-10-16,68,9.5,D,2011,10,autumn,low
33.8463,-5.5937,347.6,2011-10-17,93,46.7,D,2011,10,autumn,medium
33.8448,-5.5826,331.6,2011-10-17,81,19.2,D,2011,10,autumn,low
34.4787,-5.6494,319.6,2011-10-17,65,7.1,D,2011,10,autumn,low
34.0494,-5.8772,321.3,2011-10-17,56,6.6,D,2011,10,autumn,low
33.8538,-5.581,325.0,2011-10-17,65,11.7,D,2011,10,autumn,low
29.8069,-9.1939,323.0,2011-10-17,69,16.9,D,2011,10,autumn,low
34.8538,-5.6269,322.9,2011-10-17,76,100.0,D,2011,10,autumn,high
34.8511,-5.6182,321.0,2011-10-17,73,79.4,D,2011,10,autumn,medium
33.9899,-4.9799,322.2,2011-10-18,56,8.8,D,2011,10,autumn,low
34.1912,-4.2595,319.2,2011-10-18,62,8.8,D,2011,10,autumn,low
33.8176,-5.6748,327.3,2011-10-18,76,15.3,D,2011,10,autumn,low
34.7854,-4.6653,322.1,2011-10-19,70,15.9,D,2011,10,autumn,low
33.9068,-5.1594,324.1,2011-10-19,77,15.7,D,2011,10,autumn,low
35.1067,-6.0446,313.6,2011-10-20,44,10.1,D,2011,10,autumn,low
33.3965,-6.734,323.9,2011-10-20,73,27.5,D,2011,10,autumn,medium
34.9161,-3.7275,315.9,2011-10-20,58,8.8,D,2011,10,autumn,low
33.7136,-5.6831,315.3,2011-10-21,61,17.0,D,2011,10,autumn,low
35.155,-5.6405,316.2,2011-10-21,49,16.8,D,2011,10,autumn,low
35.1486,-6.0814,314.2,2011-10-21,53,12.8,D,2011,10,autumn,low
35.1581,-5.6327,317.6,2011-10-21,49,19.4,D,2011,10,autumn,low
33.8098,-6.6627,334.4,2011-10-22,87,30.3,D,2011,10,autumn,medium
33.8079,-6.6511,315.1,2011-10-22,69,5.8,D,2011,10,autumn,low
28.8401,-10.4509,317.3,2011-10-28,53,7.0,D,2011,10,autumn,low
33.7812,-7.1349,310.3,2011-10-29,67,7.3,D,2011,10,autumn,low
33.7779,-7.1292,309.9,2011-10-29,66,7.1,D,2011,10,autumn,low
33.2922,-5.9973,308.7,2011-11-01,42,4.8,D,2011,11,autumn,low
35.1252,-6.0493,321.2,2011-11-01,69,16.0,D,2011,11,autumn,low
35.1237,-6.0604,333.0,2011-11-01,82,30.4,D,2011,11,autumn,medium
34.8953,-3.6293,317.8,2011-11-08,77,22.3,D,2011,11,autumn,medium
34.8988,-3.6367,311.5,2011-11-08,62,11.3,D,2011,11,autumn,low
33.4301,-6.0231,315.2,2011-11-10,70,10.6,D,2011,11,autumn,low
35.1349,-6.0594,321.8,2011-11-26,74,18.4,D,2011,11,autumn,low
34.6322,-5.0869,303.0,2011-11-28,47,5.4,D,2011,11,autumn,low
34.6343,-5.0744,306.2,2011-11-28,63,8.1,D,2011,11,autumn,low
35.1247,-6.0738,303.2,2011-11-29,55,12.2,D,2011,11,autumn,low
33.1773,-5.0853,303.4,2011-11-30,55,12.1,D,2011,11,autumn,low
33.1735,-5.0748,302.9,2011-11-30,54,12.4,D,2011,11,autumn,low
30.7532,-8.9605,310.9,2011-12-10,64,9.7,D,2011,12,winter,low
33.8355,-6.1624,311.1,2011-12-12,70,8.7,D,2011,12,winter,low
30.3685,-9.0834,304.4,2011-12-18,36,4.7,D,2011,12,winter,low
29.9819,-9.6418,309.9,2011-12-24,56,5.8,D,2011,12,winter,low
30.1756,-9.3946,307.1,2011-12-27,61,4.5,D,2011,12,winter,low
34.7047,-4.5024,301.6,2011-12-31,42,16.9,D,2011,12,winter,low
31.9186,-4.4097,305.6,2012-01-07,62,8.3,D,2012,1,winter,low
35.0187,-2.8324,306.4,2012-01-10,63,12.1,D,2012,1,winter,low
34.6936,-4.4774,304.9,2012-01-12,57,6.0,D,2012,1,winter,low
32.4403,-5.5865,301.5,2012-01-13,36,2.7,D,2012,1,winter,low
30.7928,-8.6277,315.6,2012-01-18,73,10.6,D,2012,1,winter,low
35.0207,-2.8262,300.3,2012-01-19,34,7.6,D,2012,1,winter,low
34.742,-3.122,315.7,2012-02-07,76,13.2,D,2012,2,winter,low
34.7405,-3.1329,312.1,2012-02-07,72,10.3,D,2012,2,winter,low
35.3692,-5.967,301.7,2012-02-11,48,5.7,D,2012,2,winter,low
35.3631,-5.4779,307.5,2012-02-12,66,10.4,D,2012,2,winter,low
33.8886,-4.2373,307.9,2012-02-16,65,8.5,D,2012,2,winter,low
33.5476,-7.4913,303.2,2012-02-18,54,3.7,D,2012,2,winter,low
35.2856,-4.9716,312.3,2012-02-26,62,16.7,D,2012,2,winter,low
35.2873,-4.9517,312.1,2012-02-26,48,18.3,D,2012,2,winter,low
32.5758,-6.6563,312.2,2012-03-05,59,7.8,D,2012,3,spring,low
31.6264,-9.6236,318.2,2012-03-08,49,10.0,D,2012,3,spring,low
31.5387,-7.5844,316.8,2012-03-10,46,9.5,D,2012,3,spring,low
35.0206,-4.0498,326.8,2012-03-10,78,23.3,D,2012,3,spring,medium
28.8457,-10.4477,331.9,2012-03-11,77,15.9,D,2012,3,spring,low
35.035,-5.675,306.0,2012-03-12,43,9.3,D,2012,3,spring,low
35.0951,-5.3482,318.4,2012-03-12,97,25.9,N,2012,3,spring,medium
35.0967,-5.335,315.9,2012-03-12,92,23.2,N,2012,3,spring,medium
35.0995,-5.3418,304.5,2012-03-13,60,38.9,N,2012,3,spring,medium
35.1026,-5.3334,307.7,2012-03-13,72,50.5,N,2012,3,spring,medium
34.9047,-4.7278,312.3,2012-03-14,54,14.4,D,2012,3,spring,low
35.7415,-5.756,315.7,2012-03-14,89,16.5,N,2012,3,spring,low
34.9632,-4.7431,329.9,2012-03-19,83,27.7,D,2012,3,spring,medium
30.415,-9.531,328.7,2012-03-20,74,16.9,D,2012,3,spring,low
30.7864,-9.1981,352.6,2012-05-09,95,49.5,D,2012,5,spring,medium
30.7849,-9.2084,431.5,2012-05-09,94,482.9,D,2012,5,spring,high
29.488,-8.712,301.9,2012-05-10,45,17.6,N,2012,5,spring,low
33.8295,-5.5234,323.6,2012-05-10,53,8.0,D,2012,5,spring,low
35.2071,-4.983,320.6,2012-05-11,37,6.5,D,2012,5,spring,low
34.983,-4.879,326.5,2012-05-15,35,16.2,D,2012,5,spring,low
34.9906,-4.8948,330.9,2012-05-15,53,24.9,D,2012,5,spring,medium
34.9805,-4.8933,327.9,2012-05-15,50,17.9,D,2012,5,spring,low
27.1182,-13.2042,300.8,2012-05-20,34,6.0,N,2012,5,spring,low
34.7422,-2.7675,327.6,2012-05-22,74,88.6,D,2012,5,spring,medium
34.7497,-2.8,323.5,2012-05-22,59,55.6,D,2012,5,spring,medium
34.7478,-2.7955,330.6,2012-05-22,71,103.1,D,2012,5,spring,high
34.7402,-2.7634,328.4,2012-05-22,75,95.5,D,2012,5,spring,medium
34.7389,-2.7865,346.8,2012-05-22,91,38.9,D,2012,5,spring,medium
34.7415,-6.0967,327.5,2012-05-22,75,17.0,D,2012,5,spring,low
34.73,-2.7846,347.7,2012-05-22,92,41.0,D,2012,5,spring,medium
34.7285,-2.7954,332.7,2012-05-22,73,15.6,D,2012,5,spring,low
30.9604,-9.5644,331.4,2012-05-25,72,14.6,D,2012,5,spring,low
30.9589,-9.5748,334.8,2012-05-25,78,19.2,D,2012,5,spring,low
35.0418,-5.8796,319.6,2012-05-26,63,6.1,D,2012,5,spring,low
32.7826,-7.1211,324.6,2012-05-26,60,7.6,D,2012,5,spring,low
34.5189,-6.1108,328.9,2012-05-30,72,20.6,D,2012,5,spring,medium
34.5172,-6.0941,332.3,2012-05-30,77,28.5,D,2012,5,spring,medium
34.6514,-6.2155,325.7,2012-06-04,62,8.0,D,2012,6,summer,low
35.0798,-6.1825,325.3,2012-06-04,68,8.5,D,2012,6,summer,low
35.07,-6.2065,331.8,2012-06-05,58,12.9,D,2012,6,summer,low
35.1,-6.1907,326.4,2012-06-05,51,6.8,D,2012,6,summer,low
34.9986,-3.5836,335.9,2012-06-07,79,20.2,D,2012,6,summer,medium
32.4206,-8.4465,307.2,2012-06-07,71,9.2,N,2012,6,summer,low
30.6109,-9.5924,353.0,2012-06-15,95,85.3,D,2012,6,summer,medium
30.6123,-9.5793,328.2,2012-06-15,53,19.6,D,2012,6,summer,low
34.5227,-6.0755,327.3,2012-06-18,68,37.0,D,2012,6,summer,medium
34.5147,-6.0686,327.3,2012-06-18,70,32.6,D,2012,6,summer,medium
34.6006,-6.1256,328.1,2012-06-27,43,7.4,D,2012,6,summer,low
33.8666,-5.3311,332.0,2012-06-29,70,12.5,D,2012,6,summer,low
35.859,-5.4021,348.4,2012-06-29,71,490.9,D,2012,6,summer,high
35.8581,-5.392,358.7,2012-06-29,75,707.1,D,2012,6,summer,high
35.1295,-2.9788,306.9,2012-06-30,69,9.2,N,2012,6,summer,low
29.877,-9.13,329.9,2012-07-04,64,11.1,D,2012,7,summer,low
35.154,-5.1345,322.1,2012-07-08,100,42.4,N,2012,7,summer,medium
30.3823,-9.544,308.3,2012-07-10,74,32.7,N,2012,7,summer,medium
35.521,-5.3531,309.8,2012-07-11,78,12.6,N,2012,7,summer,low
33.918,-5.3014,304.1,2012-07-11,58,5.8,N,2012,7,summer,low
34.979,-2.3877,332.3,2012-07-15,70,15.6,D,2012,7,summer,low
33.8479,-5.2042,335.5,2012-07-15,75,16.7,D,2012,7,summer,low
35.5522,-5.7749,322.2,2012-07-17,75,22.5,D,2012,7,summer,medium
35.7134,-5.6287,320.3,2012-07-17,100,52.1,N,2012,7,summer,medium
35.5591,-5.7899,320.4,2012-07-17,100,54.0,N,2012,7,summer,medium
35.5618,-5.7697,304.6,2012-07-18,61,5.9,N,2012,7,summer,low
35.5526,-5.7717,303.5,2012-07-18,55,5.2,N,2012,7,summer,low
35.5541,-5.7831,302.6,2012-07-18,46,4.5,N,2012,7,summer,low
35.5633,-5.7812,316.8,2012-07-18,94,15.7,N,2012,7,summer,low
34.5612,-6.2466,373.8,2012-07-18,100,215.9,D,2012,7,summer,high
35.6695,-5.9379,363.8,2012-07-18,100,160.6,D,2012,7,summer,high
35.6727,-5.9545,327.3,2012-07-18,56,24.5,D,2012,7,summer,medium
34.7434,-4.5306,334.8,2012-07-18,77,56.4,D,2012,7,summer,medium
35.7147,-5.6328,322.5,2012-07-18,75,20.6,D,2012,7,summer,medium
35.5452,-5.7878,321.0,2012-07-18,31,13.3,D,2012,7,summer,low
35.5557,-5.79,326.3,2012-07-18,70,22.4,D,2012,7,summer,medium
35.548,-5.7728,321.2,2012-07-18,59,13.9,D,2012,7,summer,low
35.6749,-5.946,333.2,2012-07-18,80,31.2,D,2012,7,summer,medium
35.6617,-5.9584,325.6,2012-07-18,59,15.7,D,2012,7,summer,low
35.6646,-5.943,339.4,2012-07-18,89,47.8,D,2012,7,summer,medium
35.5592,-5.8031,320.0,2012-07-18,100,20.4,N,2012,7,summer,medium
35.5674,-5.8169,307.5,2012-07-18,54,8.0,N,2012,7,summer,low
34.7049,-5.6471,328.7,2012-07-18,100,29.5,N,2012,7,summer,medium
35.565,-5.7979,331.2,2012-07-19,79,30.2,D,2012,7,summer,medium
35.5634,-5.8153,347.6,2012-07-19,82,90.2,D,2012,7,summer,medium
35.5534,-5.7971,346.1,2012-07-19,81,82.1,D,2012,7,summer,medium
34.9534,-5.5332,331.5,2012-07-19,64,23.4,D,2012,7,summer,medium
35.5538,-5.5552,325.7,2012-07-20,52,22.4,D,2012,7,summer,medium
35.5598,-5.7667,309.3,2012-07-20,66,8.2,N,2012,7,summer,low
35.5599,-5.5694,306.3,2012-07-20,68,5.9,N,2012,7,summer,low
35.5537,-5.77,305.7,2012-07-21,65,12.6,N,2012,7,summer,low
35.5622,-5.5686,359.7,2012-07-21,99,85.1,D,2012,7,summer,medium
35.0524,-4.1527,333.7,2012-07-21,65,15.6,D,2012,7,summer,low
35.5637,-5.5558,377.1,2012-07-21,100,159.0,D,2012,7,summer,high
35.551,-5.5798,329.8,2012-07-21,83,10.6,D,2012,7,summer,low
35.5525,-5.5665,385.7,2012-07-21,100,206.4,D,2012,7,summer,high
35.553,-5.7591,337.9,2012-07-21,78,27.1,D,2012,7,summer,medium
35.5514,-5.7726,362.1,2012-07-21,100,92.8,D,2012,7,summer,medium
35.5626,-5.761,330.1,2012-07-21,39,12.7,D,2012,7,summer,low
35.561,-5.7748,354.2,2012-07-21,97,66.1,D,2012,7,summer,medium
35.5656,-5.5632,337.7,2012-07-21,88,26.5,D,2012,7,summer,medium
35.5541,-5.5533,341.0,2012-07-21,90,31.7,D,2012,7,summer,medium
32.4234,-8.4492,301.1,2012-07-25,38,5.6,N,2012,7,summer,low
33.8666,-4.7046,349.4,2012-07-27,93,90.8,D,2012,7,summer,medium
33.87,-4.7219,328.2,2012-07-27,68,19.5,D,2012,7,summer,low
34.0883,-5.6085,327.6,2012-07-27,70,13.0,D,2012,7,summer,low
35.0334,-2.5921,330.7,2012-08-03,50,12.3,D,2012,8,summer,low
35.0277,-2.5821,324.1,2012-08-03,100,41.5,N,2012,8,summer,medium
33.1647,-5.2989,309.4,2012-08-03,77,11.2,N,2012,8,summer,low
33.1662,-5.2868,310.6,2012-08-03,80,12.2,N,2012,8,summer,low
33.1567,-5.2849,304.0,2012-08-03,58,6.7,N,2012,8,summer,low
35.0259,-2.6014,311.5,2012-08-03,78,16.1,N,2012,8,summer,low
35.0163,-2.579,308.9,2012-08-03,76,13.4,N,2012,8,summer,low
35.0145,-2.5988,306.5,2012-08-03,67,9.9,N,2012,8,summer,low
35.0307,-2.5843,305.6,2012-08-04,65,61.2,N,2012,8,summer,medium
35.0326,-2.5927,302.7,2012-08-04,35,40.9,N,2012,8,summer,medium
35.03,-2.5735,331.4,2012-08-04,65,24.3,D,2012,8,summer,medium
35.0176,-2.56,336.2,2012-08-04,82,34.0,D,2012,8,summer,medium
35.0194,-2.5762,390.1,2012-08-04,100,320.0,D,2012,8,summer,high
35.0226,-2.569,372.8,2012-08-04,100,192.2,D,2012,8,summer,high
35.0242,-2.5848,352.3,2012-08-04,95,88.3,D,2012,8,summer,medium
35.0332,-2.5669,333.6,2012-08-04,79,32.1,D,2012,8,summer,medium
35.0231,-2.576,347.1,2012-08-04,91,183.8,D,2012,8,summer,high
35.0069,-2.603,336.9,2012-08-04,80,97.0,D,2012,8,summer,medium
35.0091,-2.5716,359.2,2012-08-04,99,297.1,D,2012,8,summer,high
34.9928,-2.5993,348.2,2012-08-04,92,178.9,D,2012,8,summer,high
34.995,-2.5682,353.3,2012-08-04,95,229.3,D,2012,8,summer,high
35.0253,-2.5449,333.7,2012-08-04,76,87.4,D,2012,8,summer,medium
35.0158,-2.5975,305.1,2012-08-04,30,19.4,N,2012,8,summer,low
34.9999,-2.5459,322.5,2012-08-04,100,67.7,N,2012,8,summer,medium
34.9966,-2.5347,310.6,2012-08-05,81,10.9,N,2012,8,summer,low
35.027,-2.5516,313.6,2012-08-05,88,12.2,N,2012,8,summer,low
35.0346,-2.5385,304.7,2012-08-05,58,6.0,N,2012,8,summer,low
35.0362,-2.55,312.5,2012-08-05,85,11.9,N,2012,8,summer,low
35.0419,-2.5423,303.8,2012-08-05,42,5.6,N,2012,8,summer,low
35.0434,-2.5536,309.9,2012-08-05,79,10.0,N,2012,8,summer,low
35.0163,-2.5422,350.6,2012-08-05,100,68.6,N,2012,8,summer,medium
35.0132,-2.5898,306.5,2012-08-05,68,8.4,N,2012,8,summer,low
35.0178,-2.5534,324.8,2012-08-05,100,24.1,N,2012,8,summer,medium
35.0224,-2.5878,315.4,2012-08-05,91,14.9,N,2012,8,summer,low
35.0255,-2.5405,319.9,2012-08-05,99,18.2,N,2012,8,summer,low
35.023,-2.5415,380.8,2012-08-05,100,295.6,D,2012,8,summer,high
35.029,-2.5478,338.5,2012-08-05,77,41.9,D,2012,8,summer,medium
35.0102,-2.5912,362.8,2012-08-05,100,128.6,D,2012,8,summer,high
35.0393,-2.551,340.9,2012-08-05,86,50.2,D,2012,8,summer,medium
35.0341,-2.5553,327.9,2012-08-05,63,20.5,D,2012,8,summer,medium
35.0444,-2.5588,329.5,2012-08-05,70,23.2,D,2012,8,summer,medium
35.0074,-2.6063,363.3,2012-08-05,100,134.8,D,2012,8,summer,high
34.9891,-2.5868,331.9,2012-08-05,68,21.7,D,2012,8,summer,medium
35.0211,-2.5311,335.6,2012-08-05,71,34.8,D,2012,8,summer,medium
35.0186,-2.5452,375.2,2012-08-05,100,197.7,D,2012,8,summer,high
35.0317,-2.5326,341.3,2012-08-05,86,50.7,D,2012,8,summer,medium
34.9871,-2.5385,328.5,2012-08-05,59,16.3,D,2012,8,summer,low
35.7328,-5.3503,321.4,2012-08-05,100,18.3,N,2012,8,summer,low
35.0535,-2.5439,318.7,2012-08-06,97,68.0,N,2012,8,summer,medium
35.0491,-2.5532,317.8,2012-08-06,96,64.8,N,2012,8,summer,medium
35.6063,-5.5837,322.1,2012-08-07,75,56.6,D,2012,8,summer,medium
35.6028,-5.5866,322.0,2012-08-07,75,55.9,D,2012,8,summer,medium
31.4473,-7.5778,330.0,2012-08-09,51,28.9,D,2012,8,summer,medium
31.4464,-7.5617,338.5,2012-08-09,81,70.6,D,2012,8,summer,medium
31.4337,-7.5803,330.9,2012-08-09,58,34.8,D,2012,8,summer,medium
31.4359,-7.5548,341.6,2012-08-09,85,94.4,D,2012,8,summer,medium
34.9494,-5.1683,337.4,2012-08-10,69,72.0,D,2012,8,summer,medium
34.7397,-5.6351,333.4,2012-08-10,65,28.0,D,2012,8,summer,medium
34.7444,-5.6577,338.1,2012-08-10,78,51.0,D,2012,8,summer,medium
35.0626,-5.7006,352.8,2012-08-10,95,141.8,D,2012,8,summer,high
35.058,-5.6786,397.5,2012-08-10,100,630.7,D,2012,8,summer,high
35.0697,-5.6728,334.9,2012-08-10,76,51.1,D,2012,8,summer,medium
34.7452,-5.6519,343.3,2012-08-10,85,78.0,D,2012,8,summer,medium
34.7478,-5.6434,345.2,2012-08-10,87,29.7,D,2012,8,summer,medium
34.7456,-5.6562,342.2,2012-08-10,83,23.5,D,2012,8,summer,medium
35.0627,-5.6803,377.1,2012-08-10,100,158.4,D,2012,8,summer,high
35.0648,-5.6684,374.7,2012-08-10,100,146.5,D,2012,8,summer,high
35.0511,-5.6897,413.7,2012-08-10,100,419.9,D,2012,8,summer,high
35.0532,-5.6776,410.6,2012-08-10,100,388.4,D,2012,8,summer,high
35.0552,-5.6658,343.4,2012-08-10,86,34.2,D,2012,8,summer,medium
35.0415,-5.6874,389.5,2012-08-10,100,222.8,D,2012,8,summer,high
35.0436,-5.6749,372.0,2012-08-10,100,127.0,D,2012,8,summer,high
35.0381,-5.6947,335.7,2012-08-10,74,17.8,D,2012,8,summer,low
35.0403,-5.6817,366.3,2012-08-10,100,106.7,D,2012,8,summer,high
35.0606,-5.6924,347.8,2012-08-10,91,49.9,D,2012,8,summer,medium
35.0092,-5.6721,318.7,2012-08-10,97,18.4,N,2012,8,summer,low
34.9513,-5.1604,310.8,2012-08-10,64,15.1,N,2012,8,summer,low
34.9498,-5.1744,316.1,2012-08-10,85,22.5,N,2012,8,summer,medium
35.0548,-5.7024,323.7,2012-08-10,100,26.0,N,2012,8,summer,medium
35.0564,-5.688,351.3,2012-08-10,100,95.6,N,2012,8,summer,medium
35.0459,-5.6866,321.1,2012-08-10,91,20.2,N,2012,8,summer,medium
35.0252,-5.6824,385.6,2012-08-10,100,275.5,N,2012,8,summer,high
35.0268,-5.6671,344.8,2012-08-10,100,74.0,N,2012,8,summer,medium
35.0134,-5.6938,315.0,2012-08-10,87,12.4,N,2012,8,summer,low
35.0149,-5.68,363.7,2012-08-10,100,145.8,N,2012,8,summer,high
35.0076,-5.6862,315.4,2012-08-10,84,13.6,N,2012,8,summer,low
35.0542,-5.6574,304.8,2012-08-11,61,24.7,N,2012,8,summer,medium
34.9553,-5.1518,353.2,2012-08-11,95,111.3,D,2012,8,summer,high
35.0255,-5.6324,333.0,2012-08-11,57,36.9,D,2012,8,summer,medium
35.0234,-5.6593,333.0,2012-08-11,40,37.9,D,2012,8,summer,medium
35.0383,-5.6342,424.5,2012-08-11,100,1280.0,D,2012,8,summer,high
35.0362,-5.6613,405.0,2012-08-11,100,812.2,D,2012,8,summer,high
35.0512,-5.636,340.7,2012-08-11,79,73.3,D,2012,8,summer,medium
35.0491,-5.6619,344.8,2012-08-11,89,97.6,D,2012,8,summer,medium
34.9004,-5.0886,363.7,2012-08-11,100,253.6,D,2012,8,summer,high
34.957,-5.1639,337.0,2012-08-11,69,63.9,D,2012,8,summer,medium
34.8905,-5.0777,335.9,2012-08-11,77,33.1,D,2012,8,summer,medium
34.9485,-5.1573,337.8,2012-08-11,78,67.1,D,2012,8,summer,medium
34.9628,-5.1464,306.3,2012-08-11,61,17.1,N,2012,8,summer,low
34.9497,-5.1404,314.5,2012-08-11,88,39.6,N,2012,8,summer,medium
34.9566,-5.1745,319.3,2012-08-11,98,58.2,N,2012,8,summer,medium
34.97,-5.1632,340.2,2012-08-12,85,50.4,D,2012,8,summer,medium
35.4099,-5.4057,328.8,2012-08-12,68,20.7,D,2012,8,summer,medium
34.9067,-5.0802,332.9,2012-08-12,67,26.2,D,2012,8,summer,medium
34.9035,-5.0968,359.5,2012-08-12,99,133.3,D,2012,8,summer,high
35.2477,-5.0616,347.9,2012-08-12,92,89.9,D,2012,8,summer,medium
34.9007,-5.1075,336.9,2012-08-12,59,32.3,D,2012,8,summer,medium
34.904,-5.0902,358.9,2012-08-12,75,124.5,D,2012,8,summer,high
34.9683,-5.1633,307.3,2012-08-12,57,7.2,N,2012,8,summer,low
35.2495,-5.0423,308.3,2012-08-12,74,7.5,N,2012,8,summer,low
35.2479,-5.0549,335.8,2012-08-12,100,39.9,N,2012,8,summer,medium
35.5234,-5.3509,346.3,2012-08-12,100,57.7,N,2012,8,summer,medium
35.5218,-5.3634,331.8,2012-08-12,100,31.8,N,2012,8,summer,medium
35.5326,-5.3525,338.8,2012-08-12,100,43.4,N,2012,8,summer,medium
34.976,-5.1767,307.9,2012-08-12,38,7.3,N,2012,8,summer,low
34.9775,-5.1647,311.3,2012-08-12,50,9.7,N,2012,8,summer,low
34.9669,-5.1746,309.6,2012-08-12,78,9.0,N,2012,8,summer,low
35.5261,-5.3579,311.8,2012-08-13,83,32.3,N,2012,8,summer,medium
35.5253,-5.3488,319.5,2012-08-13,99,50.4,N,2012,8,summer,medium
35.5208,-5.3327,307.6,2012-08-13,72,23.2,N,2012,8,summer,medium
34.9749,-5.1698,327.2,2012-08-13,66,61.1,D,2012,8,summer,medium
34.9788,-5.1644,325.5,2012-08-13,60,53.5,D,2012,8,summer,medium
34.9739,-5.1714,320.1,2012-08-13,100,135.8,N,2012,8,summer,high
34.9871,-5.1443,306.7,2012-08-13,48,57.7,N,2012,8,summer,medium
34.9787,-5.1776,321.8,2012-08-13,100,151.9,N,2012,8,summer,high
34.9918,-5.1624,304.9,2012-08-14,46,14.6,N,2012,8,summer,low
34.9801,-5.1618,305.4,2012-08-14,64,15.4,N,2012,8,summer,low
35.6539,-5.765,325.7,2012-08-14,79,9.5,D,2012,8,summer,low
35.6522,-5.7539,325.3,2012-08-14,78,9.2,D,2012,8,summer,low
34.9768,-5.1696,326.2,2012-08-14,44,10.8,D,2012,8,summer,low
35.6096,-5.3652,328.5,2012-08-14,79,53.8,D,2012,8,summer,medium
35.6152,-5.34,323.4,2012-08-14,55,29.4,D,2012,8,summer,medium
34.9751,-5.1815,310.7,2012-08-14,81,10.9,N,2012,8,summer,low
34.9828,-5.1892,311.1,2012-08-14,82,10.9,N,2012,8,summer,low
34.9845,-5.1781,312.3,2012-08-14,84,11.7,N,2012,8,summer,low
35.6095,-5.4872,306.1,2012-08-16,41,9.9,N,2012,8,summer,low
35.1688,-5.6206,307.7,2012-08-21,72,9.0,N,2012,8,summer,low
35.1655,-5.6295,338.3,2012-08-21,76,25.9,D,2012,8,summer,medium
35.1634,-5.6172,341.4,2012-08-21,85,30.9,D,2012,8,summer,medium
35.0646,-4.9522,327.9,2012-08-21,100,24.9,N,2012,8,summer,medium
35.0557,-4.9504,319.2,2012-08-21,98,15.5,N,2012,8,summer,low
35.0586,-4.9291,305.5,2012-08-21,47,5.2,N,2012,8,summer,low
35.0661,-4.9414,305.3,2012-08-21,53,4.6,N,2012,8,summer,low
35.0572,-4.9397,316.5,2012-08-21,92,13.3,N,2012,8,summer,low
35.0555,-4.9427,303.7,2012-08-22,53,11.2,N,2012,8,summer,low
35.0704,-4.9554,306.0,2012-08-22,66,14.1,N,2012,8,summer,low
35.0668,-4.938,314.8,2012-08-22,90,30.2,N,2012,8,summer,medium
35.1926,-5.6251,338.5,2012-08-22,82,22.6,D,2012,8,summer,medium
35.0094,-5.1427,336.4,2012-08-23,80,20.0,D,2012,8,summer,medium
35.0041,-5.1483,342.3,2012-08-23,88,181.8,D,2012,8,summer,high
34.9882,-5.1466,332.0,2012-08-23,84,95.2,D,2012,8,summer,medium
35.0025,-5.1534,339.0,2012-08-23,89,152.7,D,2012,8,summer,high
34.9898,-5.1417,334.9,2012-08-23,80,114.5,D,2012,8,summer,high
35.0701,-4.2541,327.8,2012-08-23,68,41.9,D,2012,8,summer,medium
35.0636,-4.9404,316.0,2012-08-23,92,16.7,N,2012,8,summer,low
35.119,-5.595,327.5,2012-08-24,38,8.0,D,2012,8,summer,low
34.0478,-4.7087,333.2,2012-08-26,65,10.0,D,2012,8,summer,low
35.1187,-3.5463,329.8,2012-08-26,63,10.9,D,2012,8,summer,low
33.8823,-4.6448,327.7,2012-08-28,51,19.1,D,2012,8,summer,low
35.4362,-5.5028,328.9,2012-08-30,73,13.1,D,2012,8,summer,low
35.0834,-4.8642,325.5,2012-08-30,58,9.0,D,2012,8,summer,low
35.1872,-5.4607,308.7,2012-08-31,62,38.1,N,2012,8,summer,medium
35.1851,-5.454,312.7,2012-08-31,85,48.7,N,2012,8,summer,medium
35.2535,-5.786,347.7,2012-09-01,94,375.1,D,2012,9,autumn,high
35.251,-5.782,353.2,2012-09-01,97,471.4,D,2012,9,autumn,high
35.2414,-5.8325,329.5,2012-09-01,53,113.7,D,2012,9,autumn,high
32.8279,-5.145,336.9,2012-09-02,77,25.5,D,2012,9,autumn,medium
32.8261,-5.156,340.9,2012-09-02,83,32.8,D,2012,9,autumn,medium
34.816,-5.7494,343.4,2012-09-03,89,128.6,D,2012,9,autumn,high
34.8192,-5.7544,338.5,2012-09-03,85,94.3,D,2012,9,autumn,medium
34.8907,-4.7199,338.0,2012-09-07,85,36.9,D,2012,9,autumn,medium
33.7551,-5.36,327.5,2012-09-08,71,9.6,D,2012,9,autumn,low
34.954,-3.0498,324.9,2012-09-10,70,7.9,D,2012,9,autumn,low
34.7899,-4.2629,324.5,2012-09-12,56,28.0,D,2012,9,autumn,medium
35.0975,-4.5994,324.0,2012-09-12,61,29.0,D,2012,9,autumn,medium
34.3574,-5.3887,304.0,2012-09-13,58,7.6,N,2012,9,autumn,low
30.2553,-9.4905,323.7,2012-09-15,41,5.8,D,2012,9,autumn,low
34.4985,-6.3851,326.8,2012-09-16,55,12.1,D,2012,9,autumn,low
35.144,-5.0065,354.0,2012-09-16,100,360.1,N,2012,9,autumn,high
35.1419,-5.0427,337.4,2012-09-16,100,197.5,N,2012,9,autumn,high
35.1298,-4.9965,314.4,2012-09-16,89,66.4,N,2012,9,autumn,medium
35.1445,-4.9999,347.2,2012-09-16,100,285.8,N,2012,9,autumn,high
35.1273,-5.0341,334.5,2012-09-16,100,176.3,N,2012,9,autumn,high
35.1421,-5.0372,351.7,2012-09-16,100,331.6,N,2012,9,autumn,high
35.1444,-5.0008,309.7,2012-09-17,78,39.7,N,2012,9,autumn,medium
35.1464,-5.0276,316.0,2012-09-17,92,60.6,N,2012,9,autumn,medium
35.1305,-5.0033,305.3,2012-09-17,64,27.3,N,2012,9,autumn,medium
35.1323,-5.0286,316.3,2012-09-17,93,61.3,N,2012,9,autumn,medium
35.1278,-5.0352,346.3,2012-09-17,91,44.2,D,2012,9,autumn,medium
35.1263,-5.0241,329.4,2012-09-17,55,16.3,D,2012,9,autumn,low
35.1338,-5.0113,332.1,2012-09-17,71,19.2,D,2012,9,autumn,low
35.1353,-5.0222,342.0,2012-09-17,88,35.0,D,2012,9,autumn,medium
35.1368,-5.0334,396.2,2012-09-17,100,226.6,D,2012,9,autumn,high
35.1252,-5.0946,319.6,2012-09-17,58,70.7,D,2012,9,autumn,medium
35.1278,-5.0247,335.9,2012-09-17,87,253.3,D,2012,9,autumn,high
35.125,-5.0859,326.9,2012-09-17,80,138.9,D,2012,9,autumn,high
35.1276,-5.034,337.7,2012-09-17,88,286.4,D,2012,9,autumn,high
35.1373,-5.0273,314.8,2012-09-17,90,18.6,N,2012,9,autumn,low
35.1449,-5.0433,307.3,2012-09-17,61,10.6,N,2012,9,autumn,low
35.1323,-5.0553,322.3,2012-09-17,100,28.9,N,2012,9,autumn,medium
35.1348,-5.0417,356.2,2012-09-17,100,113.3,N,2012,9,autumn,high
35.1386,-5.0372,320.5,2012-09-18,100,22.2,N,2012,9,autumn,medium
35.1331,-5.0643,341.7,2012-09-19,90,59.8,D,2012,9,autumn,medium
35.1211,-5.0515,353.1,2012-09-19,96,94.0,D,2012,9,autumn,medium
35.1315,-5.0503,354.4,2012-09-19,97,99.1,D,2012,9,autumn,medium
35.1417,-5.0479,326.7,2012-09-19,40,24.5,D,2012,9,autumn,medium
35.1433,-5.0619,338.6,2012-09-19,88,52.1,D,2012,9,autumn,medium
35.137,-5.062,319.2,2012-09-20,98,19.9,N,2012,9,autumn,low
35.1453,-5.0651,313.4,2012-09-20,87,14.6,N,2012,9,autumn,low
35.1347,-5.052,317.7,2012-09-20,54,25.4,D,2012,9,autumn,medium
32.3565,-8.4597,304.8,2012-09-20,61,6.8,N,2012,9,autumn,low
35.3772,-5.4811,342.5,2012-09-21,91,88.3,D,2012,9,autumn,medium
35.3717,-5.4858,333.0,2012-09-21,85,52.7,D,2012,9,autumn,medium
35.1465,-5.0641,305.2,2012-09-22,63,12.1,N,2012,9,autumn,low
35.1362,-5.0663,311.4,2012-09-22,82,18.6,N,2012,9,autumn,low
34.1205,-6.4888,331.8,2012-09-22,74,15.1,D,2012,9,autumn,low
35.1585,-5.15,324.2,2012-09-22,66,21.8,D,2012,9,autumn,medium
35.1448,-5.0713,331.4,2012-09-22,77,30.0,D,2012,9,autumn,medium
35.1428,-5.0596,326.2,2012-09-22,64,20.7,D,2012,9,autumn,medium
35.1448,-5.0627,318.8,2012-09-22,97,17.0,N,2012,9,autumn,low
35.1552,-5.0537,313.1,2012-09-22,86,11.5,N,2012,9,autumn,low
35.1537,-5.0643,359.6,2012-09-22,100,85.5,N,2012,9,autumn,medium
35.1523,-5.075,331.5,2012-09-22,100,30.5,N,2012,9,autumn,medium
35.1463,-5.0518,302.2,2012-09-22,47,4.7,N,2012,9,autumn,low
35.1507,-5.0581,328.1,2012-09-23,100,63.3,N,2012,9,autumn,medium
35.1537,-5.0726,303.6,2012-09-23,51,13.0,N,2012,9,autumn,low
35.151,-5.0646,399.0,2012-09-23,100,324.5,D,2012,9,autumn,high
35.0882,-5.1755,339.6,2012-09-23,85,42.6,D,2012,9,autumn,medium
35.3777,-5.4827,339.1,2012-09-23,61,40.0,D,2012,9,autumn,medium
35.1524,-5.0526,337.1,2012-09-23,85,36.4,D,2012,9,autumn,medium
35.1497,-5.0765,342.5,2012-09-23,89,51.2,D,2012,9,autumn,medium
35.1649,-5.0764,339.8,2012-09-23,100,305.7,N,2012,9,autumn,high
35.1718,-5.0828,326.2,2012-09-23,100,175.9,N,2012,9,autumn,high
35.1747,-5.0641,308.2,2012-09-25,74,12.3,N,2012,9,autumn,low
35.167,-5.0741,314.9,2012-09-25,43,7.3,D,2012,9,autumn,low
35.1726,-5.0727,304.3,2012-09-25,54,30.4,N,2012,9,autumn,medium
34.9735,-2.3954,323.4,2012-09-26,54,8.5,D,2012,9,autumn,low
33.4269,-6.0184,324.3,2012-09-26,70,13.1,D,2012,9,autumn,low
34.9785,-2.3946,318.1,2012-10-03,51,7.2,D,2012,10,autumn,low
35.0953,-4.8402,319.3,2012-10-10,58,7.2,D,2012,10,autumn,low
35.1904,-4.9062,310.7,2012-10-13,39,4.3,D,2012,10,autumn,low
35.2531,-4.8554,303.9,2012-10-16,58,29.2,N,2012,10,autumn,medium
35.247,-4.8268,322.7,2012-10-16,100,80.4,N,2012,10,autumn,medium
35.2625,-4.843,308.2,2012-10-16,69,34.8,N,2012,10,autumn,medium
34.81,-5.9065,318.9,2012-10-17,68,10.2,D,2012,10,autumn,low
34.8117,-5.9175,320.1,2012-10-17,70,11.0,D,2012,10,autumn,low
34.7644,-2.7471,317.5,2012-10-18,62,11.0,D,2012,10,autumn,low
33.1151,-6.7929,316.0,2012-10-24,60,30.1,D,2012,10,autumn,medium
33.1137,-6.788,317.5,2012-10-24,72,36.5,D,2012,10,autumn,medium
31.9796,-4.4916,318.3,2012-11-07,63,12.8,D,2012,11,autumn,low
34.2441,-6.4195,310.3,2012-11-26,70,7.7,D,2012,11,autumn,low
32.4826,-7.1676,305.5,2012-12-26,61,7.5,D,2012,12,winter,low
33.5018,-7.8298,304.3,2012-12-29,58,6.5,D,2012,12,winter,low
30.4981,-8.8551,309.7,2012-12-29,67,8.3,D,2012,12,winter,low
33.4936,-7.8314,311.8,2012-12-30,72,11.8,D,2012,12,winter,low
33.6931,-5.4544,307.5,2013-01-07,65,7.5,D,2013,1,winter,low
34.7613,-2.6675,300.3,2013-01-12,35,10.2,D,2013,1,winter,low
34.7619,-2.6807,308.1,2013-01-12,67,14.2,D,2013,1,winter,low
32.9263,-3.0859,308.6,2013-01-21,67,16.6,D,2013,1,winter,low
31.6277,-6.4965,314.9,2013-01-31,63,12.6,D,2013,1,winter,low
32.773,-3.2315,305.7,2013-02-02,49,4.2,D,2013,2,winter,low
34.7052,-3.1997,310.6,2013-02-03,70,15.0,D,2013,2,winter,low
30.9796,-6.7696,325.0,2013-02-10,70,33.4,D,2013,2,winter,medium
30.9775,-6.7759,316.2,2013-02-10,38,15.0,D,2013,2,winter,low
33.0222,-4.3367,300.4,2013-02-11,36,5.0,D,2013,2,winter,low
34.7015,-4.4945,302.2,2013-02-15,41,4.4,D,2013,2,winter,low
34.8531,-6.0954,302.2,2013-02-27,51,7.5,D,2013,2,winter,low
33.443,-7.8566,302.9,2013-03-01,46,3.4,D,2013,3,spring,low
32.3887,-6.9311,314.4,2013-03-24,75,16.6,D,2013,3,spring,low
33.8028,-3.2778,317.9,2013-04-18,35,11.2,D,2013,4,spring,low
33.7996,-3.2616,321.2,2013-04-18,60,17.6,D,2013,4,spring,low
33.7914,-3.2757,343.0,2013-04-18,89,74.6,D,2013,4,spring,medium
35.1824,-5.1203,314.4,2013-04-19,42,7.5,D,2013,4,spring,low
32.7087,-7.8899,349.6,2013-04-26,94,48.1,D,2013,4,spring,medium
32.7073,-7.9011,331.6,2013-04-26,75,14.2,D,2013,4,spring,low
33.8243,-5.5214,312.9,2013-04-30,65,7.4,D,2013,4,spring,low
35.2446,-6.038,318.4,2013-05-04,73,11.8,D,2013,5,spring,low
34.5508,-6.0255,324.3,2013-05-13,79,14.4,D,2013,5,spring,low
35.0675,-6.0157,328.5,2013-05-30,80,19.8,D,2013,5,spring,low
35.06,-6.0028,318.8,2013-05-30,59,9.2,D,2013,5,spring,low
35.069,-6.0046,339.1,2013-05-30,88,34.9,D,2013,5,spring,medium
33.3203,-6.9504,326.6,2013-06-02,60,24.5,D,2013,6,summer,medium
34.2806,-5.7336,321.4,2013-06-03,59,14.7,D,2013,6,summer,low
34.2842,-5.7516,322.1,2013-06-03,61,16.7,D,2013,6,summer,low
33.5006,-7.3593,336.0,2013-06-03,72,60.2,D,2013,6,summer,medium
33.5089,-7.3571,327.9,2013-06-03,66,31.2,D,2013,6,summer,medium
33.5049,-7.3772,324.8,2013-06-03,61,20.9,D,2013,6,summer,medium
35.0412,-2.2933,322.6,2013-06-08,63,9.8,D,2013,6,summer,low
33.7791,-5.2679,324.2,2013-06-10,42,8.2,D,2013,6,summer,low
33.1966,-7.7667,321.2,2013-06-11,56,28.4,D,2013,6,summer,medium
33.9976,-5.2035,320.2,2013-06-12,47,9.8,D,2013,6,summer,low
30.8982,-9.7169,330.7,2013-06-13,65,10.3,D,2013,6,summer,low
33.4715,-7.5093,330.4,2013-06-15,66,12.1,D,2013,6,summer,low
33.3866,-7.3105,326.3,2013-06-19,70,35.8,D,2013,6,summer,medium
33.8036,-5.6766,330.6,2013-06-22,65,10.3,D,2013,6,summer,low
33.9317,-5.5347,304.8,2013-06-23,62,16.5,N,2013,6,summer,low
34.2323,-4.2186,323.4,2013-06-23,49,45.6,D,2013,6,summer,medium
33.7706,-5.511,323.8,2013-06-23,47,47.1,D,2013,6,summer,medium
34.2331,-4.2232,323.4,2013-06-23,51,45.9,D,2013,6,summer,medium
34.6429,-3.2113,322.7,2013-06-23,41,22.1,D,2013,6,summer,medium
34.6368,-3.2137,323.9,2013-06-23,38,24.3,D,2013,6,summer,medium
34.6371,-3.2379,325.4,2013-06-23,62,33.3,D,2013,6,summer,medium
33.8739,-5.1276,334.1,2013-06-24,56,9.3,D,2013,6,summer,low
34.2373,-5.6985,327.7,2013-06-28,71,16.7,D,2013,6,summer,low
33.3922,-7.2663,325.0,2013-06-29,64,43.6,D,2013,6,summer,medium
33.3873,-7.2976,324.1,2013-06-29,63,42.1,D,2013,6,summer,medium
34.4265,-5.4493,330.4,2013-06-29,68,14.3,D,2013,6,summer,low
34.0458,-5.0903,328.1,2013-07-02,55,11.3,D,2013,7,summer,low
33.5187,-5.4976,335.8,2013-07-05,63,40.5,D,2013,7,summer,medium
35.6162,-5.9644,320.0,2013-07-06,63,14.1,D,2013,7,summer,low
35.5945,-5.9431,354.0,2013-07-07,97,192.6,D,2013,7,summer,high
35.0821,-5.3797,351.0,2013-07-07,100,61.2,N,2013,7,summer,medium
35.0837,-5.3689,328.8,2013-07-07,100,24.5,N,2013,7,summer,medium
35.0925,-5.3709,316.6,2013-07-07,93,12.1,N,2013,7,summer,low
35.091,-5.3817,331.8,2013-07-07,100,28.3,N,2013,7,summer,medium
35.0916,-5.3785,308.1,2013-07-08,74,15.1,N,2013,7,summer,low
35.0905,-5.3636,308.1,2013-07-08,62,13.3,N,2013,7,summer,low
35.7141,-5.7906,317.4,2013-07-08,68,60.9,D,2013,7,summer,medium
34.2104,-2.515,331.7,2013-07-08,62,19.8,D,2013,7,summer,low
33.4868,-7.3818,337.5,2013-07-08,75,14.2,D,2013,7,summer,low
35.0857,-5.3954,310.7,2013-07-08,68,48.9,N,2013,7,summer,medium
35.0784,-5.3982,309.2,2013-07-08,65,45.4,N,2013,7,summer,medium
35.3444,-5.5914,316.5,2013-07-09,93,43.8,N,2013,7,summer,medium
35.3465,-5.6175,319.4,2013-07-09,99,51.1,N,2013,7,summer,medium
35.08,-5.3659,307.6,2013-07-09,72,19.4,N,2013,7,summer,low
35.082,-5.3901,308.9,2013-07-09,76,22.0,N,2013,7,summer,medium
35.0814,-5.3847,330.7,2013-07-09,77,12.6,D,2013,7,summer,low
35.0822,-5.3895,329.0,2013-07-09,68,88.5,D,2013,7,summer,medium
35.0705,-5.3832,332.6,2013-07-09,85,113.8,D,2013,7,summer,high
34.4185,-6.1702,347.5,2013-07-11,91,52.0,D,2013,7,summer,medium
34.4182,-6.163,355.7,2013-07-11,97,77.4,D,2013,7,summer,medium
34.417,-6.1564,352.1,2013-07-11,94,66.0,D,2013,7,summer,medium
33.5892,-7.0815,329.3,2013-07-16,38,11.8,D,2013,7,summer,low
34.8945,-6.1768,324.2,2013-07-19,41,11.8,D,2013,7,summer,low
33.8518,-5.3605,329.7,2013-07-21,66,15.6,D,2013,7,summer,low
35.2472,-5.2036,306.5,2013-07-23,68,6.4,N,2013,7,summer,low
35.5552,-5.4083,306.1,2013-07-24,67,14.7,N,2013,7,summer,low
34.0453,-5.0868,328.0,2013-07-24,67,74.6,D,2013,7,summer,medium
34.0495,-5.094,328.1,2013-07-24,67,75.8,D,2013,7,summer,medium
33.7876,-7.008,302.5,2013-07-24,50,24.6,N,2013,7,summer,medium
35.0084,-3.0616,334.4,2013-07-25,77,17.3,D,2013,7,summer,low
35.2489,-5.3306,337.4,2013-07-28,85,28.1,D,2013,7,summer,medium
35.2539,-5.3241,339.1,2013-07-28,86,32.1,D,2013,7,summer,medium
35.251,-5.3181,335.2,2013-07-28,83,23.3,D,2013,7,summer,medium
33.7291,-5.4239,324.9,2013-07-29,51,13.5,D,2013,7,summer,low
35.7038,-5.6805,326.1,2013-08-01,77,10.6,D,2013,8,summer,low
34.0617,-5.1177,350.1,2013-08-03,81,47.3,D,2013,8,summer,medium
35.0656,-3.4901,333.7,2013-08-04,73,10.2,D,2013,8,summer,low
32.6026,-6.697,335.7,2013-08-05,68,24.9,D,2013,8,summer,medium
32.6007,-6.7202,337.0,2013-08-05,76,29.5,D,2013,8,summer,medium
32.6009,-6.7128,340.5,2013-08-05,81,47.9,D,2013,8,summer,medium
34.2069,-5.8773,332.3,2013-08-07,74,46.3,D,2013,8,summer,medium
34.2048,-5.8523,327.3,2013-08-07,63,24.8,D,2013,8,summer,medium
34.0898,-6.4855,332.4,2013-08-07,69,19.5,D,2013,8,summer,low
35.1262,-3.4092,356.5,2013-08-08,98,111.0,D,2013,8,summer,high
35.1181,-3.7432,327.5,2013-08-08,60,22.2,D,2013,8,summer,medium
35.1229,-3.3924,331.8,2013-08-08,74,27.3,D,2013,8,summer,medium
33.8102,-6.8296,327.8,2013-08-08,64,8.7,D,2013,8,summer,low
35.2375,-3.0072,306.5,2013-08-10,68,14.1,N,2013,8,summer,low
34.145,-4.2757,331.7,2013-08-10,67,15.2,D,2013,8,summer,low
35.244,-5.8598,333.1,2013-08-10,80,74.2,D,2013,8,summer,medium
35.2383,-5.8619,332.1,2013-08-10,83,69.5,D,2013,8,summer,medium
30.5525,-9.3659,345.9,2013-08-11,100,49.5,N,2013,8,summer,medium
30.554,-9.3762,326.8,2013-08-11,100,20.5,N,2013,8,summer,medium
30.5436,-9.3675,319.1,2013-08-11,98,11.9,N,2013,8,summer,low
30.5451,-9.3778,313.1,2013-08-11,86,6.8,N,2013,8,summer,low
30.5378,-9.3607,338.9,2013-08-11,69,81.0,D,2013,8,summer,medium
30.5623,-9.3917,370.9,2013-08-11,94,375.5,D,2013,8,summer,high
30.5433,-9.3669,341.8,2013-08-11,82,101.3,D,2013,8,summer,high
30.5571,-9.3859,360.3,2013-08-11,87,257.9,D,2013,8,summer,high
30.5525,-9.3743,348.0,2013-08-11,93,64.5,D,2013,8,summer,medium
30.5496,-9.3904,347.5,2013-08-11,92,64.2,D,2013,8,summer,medium
30.5636,-9.3749,403.0,2013-08-11,100,462.9,D,2013,8,summer,high
30.5607,-9.391,414.1,2013-08-11,100,608.9,D,2013,8,summer,high
30.5576,-9.4075,344.5,2013-08-11,90,52.3,D,2013,8,summer,medium
30.5745,-9.3772,366.4,2013-08-11,100,157.2,D,2013,8,summer,high
30.5713,-9.3945,415.8,2013-08-11,94,638.7,D,2013,8,summer,high
34.8749,-4.5846,335.1,2013-08-11,66,20.6,D,2013,8,summer,medium
33.6553,-6.5095,356.5,2013-08-11,97,47.2,D,2013,8,summer,medium
33.657,-6.4986,342.6,2013-08-11,84,16.8,D,2013,8,summer,low
33.6463,-6.5075,346.1,2013-08-11,88,23.6,D,2013,8,summer,medium
35.2661,-5.6757,374.0,2013-08-11,100,109.9,D,2013,8,summer,high
35.2645,-5.6865,410.3,2013-08-11,100,300.6,D,2013,8,summer,high
30.5445,-9.3981,326.2,2013-08-11,100,21.9,N,2013,8,summer,medium
30.5681,-9.3967,320.0,2013-08-11,100,16.1,N,2013,8,summer,low
30.5539,-9.4007,367.2,2013-08-11,100,123.3,N,2013,8,summer,high
30.5554,-9.3887,340.3,2013-08-11,100,45.6,N,2013,8,summer,medium
30.5524,-9.4124,335.7,2013-08-11,100,38.0,N,2013,8,summer,medium
30.546,-9.3861,341.1,2013-08-11,100,47.5,N,2013,8,summer,medium
30.5634,-9.4022,324.7,2013-08-11,100,20.5,N,2013,8,summer,medium
30.5648,-9.3909,316.7,2013-08-11,93,10.5,N,2013,8,summer,low
30.5613,-9.4023,308.8,2013-08-12,63,40.9,N,2013,8,summer,medium
30.5648,-9.4212,373.0,2013-08-12,100,248.6,D,2013,8,summer,high
30.5511,-9.4021,334.8,2013-08-12,69,39.9,D,2013,8,summer,medium
30.5626,-9.4,367.0,2013-08-12,100,201.9,D,2013,8,summer,high
30.5398,-9.3815,340.3,2013-08-12,80,53.3,D,2013,8,summer,medium
30.5493,-9.403,349.3,2013-08-12,91,89.5,D,2013,8,summer,medium
30.5475,-9.4213,349.6,2013-08-12,91,89.1,D,2013,8,summer,medium
30.5608,-9.4052,402.2,2013-08-12,100,547.8,D,2013,8,summer,high
30.5592,-9.4212,354.9,2013-08-12,96,115.1,D,2013,8,summer,high
30.5625,-9.3887,338.6,2013-08-12,77,47.0,D,2013,8,summer,medium
33.5104,-5.6455,334.9,2013-08-13,65,12.0,D,2013,8,summer,low
34.3746,-6.134,330.8,2013-08-14,68,31.1,D,2013,8,summer,medium
33.9326,-4.5989,335.1,2013-08-15,48,29.8,D,2013,8,summer,medium
33.9349,-4.6107,334.0,2013-08-15,76,28.5,D,2013,8,summer,medium
33.9316,-4.5938,336.0,2013-08-15,79,34.9,D,2013,8,summer,medium
35.2338,-5.6597,328.8,2013-08-15,59,28.6,D,2013,8,summer,medium
34.9213,-3.7301,324.3,2013-08-16,59,22.7,D,2013,8,summer,medium
35.7872,-5.5902,338.8,2013-08-17,89,128.1,D,2013,8,summer,high
35.3439,-5.6523,407.8,2013-08-18,100,307.4,D,2013,8,summer,high
35.3424,-5.6635,361.1,2013-08-18,100,78.7,D,2013,8,summer,medium
34.9974,-3.1071,330.8,2013-08-20,65,9.4,D,2013,8,summer,low
32.7806,-6.5869,311.8,2013-08-20,83,14.1,N,2013,8,summer,low
32.7911,-6.5886,304.2,2013-08-20,50,5.7,N,2013,8,summer,low
32.7822,-6.5718,309.7,2013-08-20,78,11.7,N,2013,8,summer,low
34.0267,-5.1669,333.9,2013-08-23,77,38.7,D,2013,8,summer,medium
34.0236,-5.1519,336.1,2013-08-23,79,49.3,D,2013,8,summer,medium
34.0248,-5.1447,332.4,2013-08-23,74,34.2,D,2013,8,summer,medium
33.7016,-6.6961,301.4,2013-08-24,41,5.9,N,2013,8,summer,low
33.5183,-7.2199,322.7,2013-08-26,51,6.8,D,2013,8,summer,low
33.5092,-7.2216,332.5,2013-08-26,78,18.9,D,2013,8,summer,low
33.9057,-4.8127,321.5,2013-08-26,61,7.3,D,2013,8,summer,low
33.5107,-7.2326,337.2,2013-08-26,83,26.2,D,2013,8,summer,medium
33.6214,-6.3597,331.3,2013-08-28,78,19.6,D,2013,8,summer,low
33.6205,-6.3526,326.2,2013-08-28,70,11.7,D,2013,8,summer,low
33.8899,-4.6496,325.2,2013-08-30,52,15.3,D,2013,8,summer,low
35.786,-5.6671,317.5,2013-08-30,68,21.7,D,2013,8,summer,medium
34.1308,-5.8182,331.4,2013-09-01,71,15.2,D,2013,9,autumn,low
34.3897,-2.7551,332.5,2013-09-02,79,30.5,D,2013,9,autumn,medium
34.3961,-2.7479,327.6,2013-09-02,73,18.7,D,2013,9,autumn,low
33.8678,-5.4007,333.0,2013-09-02,78,19.0,D,2013,9,autumn,low
34.3837,-2.7529,347.4,2013-09-02,92,108.3,D,2013,9,autumn,high
34.3797,-2.7731,325.9,2013-09-02,67,26.4,D,2013,9,autumn,medium
34.3885,-2.7596,349.8,2013-09-02,94,119.3,D,2013,9,autumn,high
34.0456,-5.6501,307.2,2013-09-02,71,5.8,N,2013,9,autumn,low
32.6055,-6.6733,346.0,2013-09-03,88,26.6,D,2013,9,autumn,medium
33.5511,-6.6634,328.6,2013-09-10,66,6.4,D,2013,9,autumn,low
33.888,-4.6615,326.1,2013-09-11,73,14.3,D,2013,9,autumn,low
33.8706,-5.8448,327.5,2013-09-13,78,15.5,D,2013,9,autumn,low
33.8721,-5.8577,322.8,2013-09-13,72,8.3,D,2013,9,autumn,low
35.9018,-5.4418,319.0,2013-09-16,53,16.6,D,2013,9,autumn,low
33.4626,-6.0869,333.8,2013-09-16,86,43.5,D,2013,9,autumn,medium
33.4671,-6.0922,319.3,2013-09-16,59,15.8,D,2013,9,autumn,low
33.4644,-6.0775,325.2,2013-09-16,78,25.0,D,2013,9,autumn,medium
34.3934,-2.7217,326.5,2013-09-16,58,13.6,D,2013,9,autumn,low
33.9401,-5.8717,324.2,2013-09-19,61,6.5,D,2013,9,autumn,low
33.9416,-5.8608,328.3,2013-09-19,71,11.4,D,2013,9,autumn,low
33.7399,-6.8245,323.3,2013-09-20,64,8.0,D,2013,9,autumn,low
33.928,-4.6055,324.0,2013-09-20,63,8.0,D,2013,9,autumn,low
34.2607,-4.2919,321.1,2013-09-20,44,7.4,D,2013,9,autumn,low
34.2591,-4.2812,322.0,2013-09-20,51,8.1,D,2013,9,autumn,low
33.5798,-6.7055,325.4,2013-09-20,71,10.5,D,2013,9,autumn,low
35.4299,-6.0226,319.8,2013-09-21,51,21.4,D,2013,9,autumn,medium
34.1794,-4.8147,339.6,2013-09-21,84,25.1,D,2013,9,autumn,medium
34.1778,-4.8256,329.6,2013-09-21,67,10.2,D,2013,9,autumn,low
33.8784,-4.6532,331.0,2013-09-22,72,18.2,D,2013,9,autumn,low
35.1656,-5.8021,330.2,2013-09-22,43,67.7,D,2013,9,autumn,medium
33.8262,-6.6285,323.6,2013-09-25,62,10.6,D,2013,9,autumn,low
33.68,-6.8662,321.8,2013-09-25,45,7.3,D,2013,9,autumn,low
35.795,-5.5441,312.5,2013-10-05,53,47.0,D,2013,10,autumn,medium
35.7891,-5.5514,312.9,2013-10-05,56,51.4,D,2013,10,autumn,medium
33.4034,-6.517,324.2,2013-10-05,66,9.2,D,2013,10,autumn,low
33.8062,-6.9274,322.6,2013-10-05,60,9.0,D,2013,10,autumn,low
35.797,-5.5555,315.1,2013-10-05,56,6.2,D,2013,10,autumn,low
33.7169,-7.2091,318.8,2013-10-06,46,8.8,D,2013,10,autumn,low
35.2248,-5.6457,319.3,2013-10-09,54,18.7,D,2013,10,autumn,low
33.2315,-7.8649,325.4,2013-10-09,68,12.8,D,2013,10,autumn,low
33.3528,-7.884,331.8,2013-10-10,78,24.1,D,2013,10,autumn,medium
33.3552,-7.8781,322.2,2013-10-10,57,9.3,D,2013,10,autumn,low
33.3537,-7.8913,328.3,2013-10-10,73,18.3,D,2013,10,autumn,low
35.0474,-3.9965,314.0,2013-10-12,56,21.9,D,2013,10,autumn,medium
35.839,-5.5187,312.8,2013-10-13,56,7.5,D,2013,10,autumn,low
35.8406,-5.5297,310.9,2013-10-13,42,5.9,D,2013,10,autumn,low
35.6329,-5.6878,317.5,2013-10-13,68,6.6,D,2013,10,autumn,low
35.104,-6.0377,328.6,2013-10-14,83,20.2,D,2013,10,autumn,medium
34.1021,-6.4952,315.9,2013-10-14,41,5.3,D,2013,10,autumn,low
35.3492,-5.5912,311.9,2013-10-19,34,8.4,D,2013,10,autumn,low
35.1172,-6.0565,313.7,2013-10-19,47,8.2,D,2013,10,autumn,low
33.8783,-6.1916,322.2,2013-10-20,60,9.5,D,2013,10,autumn,low
35.7159,-5.7549,313.3,2013-10-20,49,4.5,D,2013,10,autumn,low
35.2405,-5.9353,319.8,2013-10-21,69,5.5,D,2013,10,autumn,low
35.1058,-6.0507,322.4,2013-10-21,73,12.5,D,2013,10,autumn,low
33.6666,-6.4667,323.5,2013-10-21,68,7.7,D,2013,10,autumn,low
35.8013,-5.7253,310.3,2013-10-21,34,5.1,D,2013,10,autumn,low
35.6794,-5.6019,317.3,2013-10-21,67,8.0,D,2013,10,autumn,low
35.3326,-5.5109,310.6,2013-10-21,71,55.3,N,2013,10,autumn,medium
35.3351,-5.4738,307.7,2013-10-21,56,47.9,N,2013,10,autumn,medium
33.526,-5.4648,308.9,2013-10-25,30,18.6,D,2013,10,autumn,low
33.5298,-5.4845,310.6,2013-10-25,38,21.4,D,2013,10,autumn,medium
33.5243,-5.4799,315.4,2013-10-25,69,32.0,D,2013,10,autumn,medium
33.6876,-7.1868,313.7,2013-10-29,68,8.7,D,2013,10,autumn,low
35.1459,-6.0657,306.4,2013-10-30,44,3.6,D,2013,10,autumn,low
34.2314,-6.5613,313.7,2013-10-30,59,7.1,D,2013,10,autumn,low
35.6027,-5.8496,318.5,2013-10-30,70,10.4,D,2013,10,autumn,low
35.6043,-5.8387,312.4,2013-10-30,54,5.4,D,2013,10,autumn,low
33.9053,-4.1735,315.3,2013-10-31,68,11.2,D,2013,10,autumn,low
35.2172,-4.0124,313.7,2013-10-31,44,80.2,D,2013,10,autumn,medium
35.2165,-4.0169,316.3,2013-10-31,57,101.6,D,2013,10,autumn,high
35.2161,-4.0264,309.7,2013-10-31,78,18.3,N,2013,10,autumn,low
35.5485,-5.7073,312.6,2013-11-01,55,9.0,D,2013,11,autumn,low
34.1401,-4.4453,313.1,2013-11-05,62,7.0,D,2013,11,autumn,low
35.1341,-3.683,307.0,2013-11-05,34,7.3,D,2013,11,autumn,low
35.138,-3.6888,311.6,2013-11-05,61,10.4,D,2013,11,autumn,low
33.7748,-6.314,314.9,2013-11-05,66,6.9,D,2013,11,autumn,low
35.2347,-2.9595,319.6,2013-11-05,77,21.2,D,2013,11,autumn,medium
34.1421,-4.4574,338.2,2013-11-05,89,41.6,D,2013,11,autumn,medium
35.2264,-2.9557,321.3,2013-11-05,78,40.1,D,2013,11,autumn,medium
35.2228,-2.9736,349.0,2013-11-05,95,138.7,D,2013,11,autumn,high
31.258,-6.0634,328.7,2013-11-06,77,18.6,D,2013,11,autumn,low
31.2595,-6.053,320.0,2013-11-06,59,8.9,D,2013,11,autumn,low
35.3488,-5.694,314.9,2013-11-06,68,9.0,D,2013,11,autumn,low
34.4027,-6.561,313.3,2013-11-06,46,5.8,D,2013,11,autumn,low
33.8577,-6.8115,339.4,2013-11-08,90,44.4,D,2013,11,autumn,medium
29.3623,-8.7652,319.9,2013-11-10,46,12.3,D,2013,11,autumn,low
29.3675,-8.7574,317.9,2013-11-10,37,9.1,D,2013,11,autumn,low
33.9239,-4.0161,312.4,2013-11-11,47,17.5,D,2013,11,autumn,low
35.3416,-5.6928,310.5,2013-11-11,37,12.7,D,2013,11,autumn,low
35.3398,-5.7116,328.1,2013-11-11,81,51.1,D,2013,11,autumn,medium
33.9367,-4.0179,318.4,2013-11-11,71,33.1,D,2013,11,autumn,medium
34.9919,-3.6576,305.9,2013-11-13,38,19.3,D,2013,11,autumn,low
33.0098,-7.4961,313.3,2013-11-13,38,3.7,D,2013,11,autumn,low
35.8294,-5.6145,311.0,2013-11-14,34,7.9,D,2013,11,autumn,low
35.4791,-5.6794,310.3,2013-11-14,67,8.1,D,2013,11,autumn,low
35.4775,-5.6684,304.2,2013-11-14,51,4.3,D,2013,11,autumn,low
30.148,-9.5161,311.1,2013-11-27,69,5.9,D,2013,11,autumn,low
35.335,-5.6897,302.0,2013-11-29,44,5.2,D,2013,11,autumn,low
30.8513,-8.5439,310.4,2013-12-01,33,13.2,D,2013,12,winter,low
30.93,-8.5091,346.7,2013-12-01,95,86.0,D,2013,12,winter,medium
30.9274,-8.5233,313.8,2013-12-01,74,21.1,D,2013,12,winter,medium
34.9371,-5.9471,314.8,2013-12-01,75,12.4,D,2013,12,winter,low
34.9355,-5.9579,309.9,2013-12-01,69,8.7,D,2013,12,winter,low
32.8516,-6.7987,311.0,2013-12-03,67,11.9,D,2013,12,winter,low
34.5179,-5.9413,306.4,2013-12-05,63,10.2,D,2013,12,winter,low
33.9238,-4.3093,305.1,2013-12-06,50,11.5,D,2013,12,winter,low
33.923,-4.2971,306.5,2013-12-06,61,14.8,D,2013,12,winter,low
32.7873,-7.0571,318.5,2013-12-10,77,21.9,D,2013,12,winter,medium
34.2624,-5.8057,308.7,2013-12-10,65,5.5,D,2013,12,winter,low
28.8394,-10.4336,313.6,2013-12-12,71,12.4,D,2013,12,winter,low
35.3043,-5.7764,307.4,2013-12-15,54,6.7,D,2013,12,winter,low
33.9207,-4.3013,312.0,2014-01-04,72,13.4,D,2014,1,winter,low
33.8264,-6.8844,307.8,2014-01-07,58,7.1,D,2014,1,winter,low
30.112,-9.4768,309.9,2014-01-08,62,4.3,D,2014,1,winter,low
30.1721,-9.3518,307.3,2014-01-26,42,5.5,D,2014,1,winter,low
34.4998,-4.2496,303.2,2014-02-09,55,6.6,D,2014,2,winter,low
34.0953,-5.5429,305.8,2014-02-09,62,7.8,D,2014,2,winter,low
32.9912,-4.0086,305.5,2014-02-11,62,5.0,D,2014,2,winter,low
34.5633,-2.9903,302.5,2014-02-11,52,4.7,D,2014,2,winter,low
28.524,-10.9953,317.9,2014-02-15,63,8.8,D,2014,2,winter,low
35.6854,-5.3678,312.9,2014-02-26,49,12.5,D,2014,2,winter,low
32.7638,-3.8433,311.6,2014-03-04,63,15.1,D,2014,3,spring,low
35.2744,-5.1916,301.6,2014-03-16,42,17.9,D,2014,3,spring,low
35.2025,-5.1134,306.4,2014-03-16,35,6.1,D,2014,3,spring,low
35.2722,-5.2054,309.9,2014-03-16,57,7.0,D,2014,3,spring,low
35.2008,-5.1245,306.7,2014-03-16,40,6.5,D,2014,3,spring,low
35.3091,-5.4793,308.2,2014-03-18,64,10.5,D,2014,3,spring,low
30.1867,-9.3616,323.6,2014-03-19,65,7.6,D,2014,3,spring,low
35.2643,-5.2026,313.3,2014-03-25,66,9.0,D,2014,3,spring,low
29.1301,-8.944,320.7,2014-03-29,74,13.2,D,2014,3,spring,low
29.1855,-8.9618,330.3,2014-04-08,59,26.1,D,2014,4,spring,medium
34.8027,-6.0527,327.6,2014-04-15,70,18.5,D,2014,4,spring,low
34.7716,-6.333,311.9,2014-04-23,47,4.7,D,2014,4,spring,low
32.5284,-6.3299,321.4,2014-04-25,63,11.0,D,2014,4,spring,low
34.621,-2.6625,325.4,2014-04-27,63,11.3,D,2014,4,spring,low
34.6308,-2.6605,336.3,2014-04-27,84,30.3,D,2014,4,spring,medium
34.6292,-2.6471,328.0,2014-04-27,73,15.8,D,2014,4,spring,low
34.7189,-6.0725,317.9,2014-04-30,52,5.6,D,2014,4,spring,low
33.826,-5.5254,322.4,2014-04-30,64,9.0,D,2014,4,spring,low
32.5528,-3.4601,335.2,2014-05-03,76,14.1,D,2014,5,spring,low
35.0675,-6.0023,319.5,2014-05-09,53,7.1,D,2014,5,spring,low
34.5483,-6.0462,318.1,2014-05-09,48,5.6,D,2014,5,spring,low
30.2189,-9.5142,334.6,2014-05-12,72,19.8,D,2014,5,spring,low
30.2238,-9.5227,334.3,2014-05-12,69,16.1,D,2014,5,spring,low
34.3239,-2.1858,367.8,2014-05-12,100,85.3,D,2014,5,spring,medium
34.3254,-2.1751,404.3,2014-05-12,100,256.3,D,2014,5,spring,high
35.2774,-5.6993,315.1,2014-05-14,48,8.4,D,2014,5,spring,low
35.2801,-5.7142,318.1,2014-05-14,60,11.5,D,2014,5,spring,low
34.4097,-5.9315,325.4,2014-05-15,53,11.1,D,2014,5,spring,low
34.8054,-6.0594,330.9,2014-05-23,83,27.1,D,2014,5,spring,medium
34.8075,-6.0714,324.0,2014-05-23,75,17.2,D,2014,5,spring,low
34.9528,-6.1543,325.7,2014-05-26,64,14.3,D,2014,5,spring,low
35.0917,-6.0292,323.3,2014-05-26,73,12.9,D,2014,5,spring,low
34.9624,-2.4891,325.0,2014-05-27,68,7.3,D,2014,5,spring,low
33.5108,-7.4927,329.9,2014-05-28,74,26.8,D,2014,5,spring,medium
33.5131,-7.4693,324.5,2014-05-28,60,13.3,D,2014,5,spring,low
33.51,-7.4859,341.8,2014-05-28,88,61.0,D,2014,5,spring,medium
33.514,-7.4762,334.9,2014-05-28,81,39.7,D,2014,5,spring,medium
31.6401,-7.9136,328.3,2014-05-30,70,10.9,D,2014,5,spring,low
35.1401,-3.9099,329.0,2014-05-30,75,14.7,D,2014,5,spring,low
32.8515,-6.5458,337.7,2014-06-02,78,17.2,D,2014,6,summer,low
34.5741,-5.9452,333.5,2014-06-02,64,15.0,D,2014,6,summer,low
35.0896,-6.1201,330.9,2014-06-03,77,12.8,D,2014,6,summer,low
35.0911,-6.1319,336.9,2014-06-03,84,22.7,D,2014,6,summer,medium
34.3035,-6.2853,332.6,2014-06-03,53,12.5,D,2014,6,summer,low
34.2553,-2.702,322.3,2014-06-06,47,26.2,D,2014,6,summer,medium
34.2518,-2.7102,326.5,2014-06-06,71,45.7,D,2014,6,summer,medium
34.0603,-5.1349,321.2,2014-06-09,54,48.6,D,2014,6,summer,medium
34.076,-4.7562,304.4,2014-06-12,60,9.4,N,2014,6,summer,low
34.0762,-4.75,306.9,2014-06-12,70,11.8,N,2014,6,summer,low
33.956,-4.6263,311.1,2014-06-13,82,11.3,N,2014,6,summer,low
34.081,-4.956,310.9,2014-06-20,81,12.7,N,2014,6,summer,low
34.083,-4.9678,309.3,2014-06-20,77,11.5,N,2014,6,summer,low
23.6432,-15.7612,301.5,2014-06-21,42,8.7,N,2014,6,summer,low
33.957,-5.6475,303.7,2014-06-29,57,7.0,N,2014,6,summer,low
35.3986,-5.1898,324.5,2014-07-01,62,13.5,D,2014,7,summer,low
35.3992,-5.1849,324.9,2014-07-01,68,16.3,D,2014,7,summer,low
34.9799,-4.7894,340.8,2014-07-04,84,38.3,D,2014,7,summer,medium
33.9136,-5.1917,336.1,2014-07-05,78,16.5,D,2014,7,summer,low
35.5452,-5.325,323.2,2014-07-07,76,53.6,D,2014,7,summer,medium
33.8025,-5.7722,333.2,2014-07-09,67,18.2,D,2014,7,summer,low
35.893,-5.3882,320.9,2014-07-09,73,28.7,D,2014,7,summer,medium
33.7998,-5.7777,336.3,2014-07-10,80,21.7,D,2014,7,summer,medium
34.9608,-2.5896,338.9,2014-07-13,80,22.4,D,2014,7,summer,medium
34.9623,-2.5768,336.7,2014-07-13,77,17.7,D,2014,7,summer,low
34.4663,-5.9035,346.2,2014-07-15,88,47.7,D,2014,7,summer,medium
33.7194,-5.7456,331.0,2014-07-16,66,18.1,D,2014,7,summer,low
23.6808,-15.7571,304.2,2014-07-16,59,7.9,N,2014,7,summer,low
23.6087,-15.7916,305.4,2014-07-18,64,7.3,N,2014,7,summer,low
35.4476,-5.9797,327.1,2014-07-19,73,10.2,D,2014,7,summer,low
33.9861,-5.6305,329.7,2014-07-19,70,10.4,D,2014,7,summer,low
35.4459,-5.9687,333.9,2014-07-19,82,18.8,D,2014,7,summer,low
33.5325,-7.4799,305.8,2014-07-21,66,19.5,N,2014,7,summer,low
34.3,-6.3874,326.3,2014-07-26,54,8.8,D,2014,7,summer,low
34.2079,-5.3719,303.8,2014-07-29,45,16.5,N,2014,7,summer,low
34.2098,-5.3483,306.1,2014-07-29,64,21.1,N,2014,7,summer,medium
34.2091,-5.3653,307.4,2014-07-29,71,25.2,N,2014,7,summer,medium
33.9829,-5.6228,327.8,2014-07-31,66,31.5,D,2014,7,summer,medium
33.9878,-5.6456,327.4,2014-07-31,65,29.0,D,2014,7,summer,medium
35.8549,-5.3924,331.1,2014-08-01,79,82.4,D,2014,8,summer,medium
35.8527,-5.4195,324.4,2014-08-01,77,55.3,D,2014,8,summer,medium
35.8522,-5.3995,339.3,2014-08-01,89,122.9,D,2014,8,summer,high
30.8027,-9.2297,359.2,2014-08-03,99,63.7,D,2014,8,summer,medium
30.8012,-9.24,362.7,2014-08-03,100,73.4,D,2014,8,summer,medium
30.8101,-9.2417,398.2,2014-08-03,100,223.3,D,2014,8,summer,high
30.8116,-9.2315,388.4,2014-08-03,100,170.9,D,2014,8,summer,high
35.8122,-5.5819,316.4,2014-08-05,48,45.4,D,2014,8,summer,medium
32.2382,-6.4726,338.0,2014-08-05,65,13.5,D,2014,8,summer,low
35.8176,-5.5973,329.8,2014-08-05,50,14.7,D,2014,8,summer,low
35.8084,-5.5957,331.5,2014-08-05,74,16.4,D,2014,8,summer,low
29.2293,-8.9353,313.8,2014-08-05,84,13.5,N,2014,8,summer,low
29.2309,-8.9207,316.6,2014-08-05,92,17.7,N,2014,8,summer,low
33.7745,-5.7595,332.9,2014-08-06,75,14.9,D,2014,8,summer,low
33.773,-5.7482,331.5,2014-08-06,73,13.1,D,2014,8,summer,low
33.4014,-6.0551,330.3,2014-08-06,60,10.6,D,2014,8,summer,low
33.8392,-5.9292,333.2,2014-08-07,63,9.9,D,2014,8,summer,low
34.9675,-2.5932,363.3,2014-08-08,100,84.4,D,2014,8,summer,medium
34.969,-2.6047,327.5,2014-08-08,48,8.5,D,2014,8,summer,low
35.5083,-5.5234,323.3,2014-08-11,50,9.2,D,2014,8,summer,low
35.1905,-3.6077,335.6,2014-08-11,79,37.9,D,2014,8,summer,medium
35.0427,-4.4702,333.5,2014-08-14,71,13.6,D,2014,8,summer,low
35.413,-5.3866,330.3,2014-08-16,73,17.8,D,2014,8,summer,low
35.4158,-5.3927,327.3,2014-08-16,35,12.8,D,2014,8,summer,low
33.9065,-4.1998,318.7,2014-08-16,97,35.3,N,2014,8,summer,medium
32.8409,-6.6371,303.8,2014-08-18,57,4.3,N,2014,8,summer,low
33.8494,-5.8538,334.0,2014-08-19,74,18.4,D,2014,8,summer,low
33.8596,-5.8552,346.1,2014-08-19,89,48.5,D,2014,8,summer,medium
33.9552,-3.6199,334.6,2014-08-20,76,22.7,D,2014,8,summer,medium
33.9528,-3.6066,339.0,2014-08-20,82,31.5,D,2014,8,summer,medium
33.6573,-7.3645,303.1,2014-08-21,53,8.1,N,2014,8,summer,low
35.2168,-5.2879,335.6,2014-08-21,78,18.1,D,2014,8,summer,low
35.2153,-5.2993,330.3,2014-08-21,45,10.1,D,2014,8,summer,low
35.3449,-5.4495,331.6,2014-08-21,73,13.7,D,2014,8,summer,low
35.3784,-5.735,334.4,2014-08-22,81,22.2,D,2014,8,summer,medium
34.3492,-2.6778,328.6,2014-08-23,48,10.1,D,2014,8,summer,low
35.7884,-5.6525,322.2,2014-08-25,73,14.3,D,2014,8,summer,low
34.474,-5.5003,326.4,2014-08-25,37,11.9,D,2014,8,summer,low
34.3245,-2.2608,341.5,2014-08-31,88,30.8,D,2014,8,summer,medium
33.4813,-6.6056,310.1,2014-08-31,79,29.9,N,2014,8,summer,medium
33.8423,-4.2318,331.1,2014-09-02,75,63.0,D,2014,9,autumn,medium
35.2374,-3.7352,325.8,2014-09-04,49,31.5,D,2014,9,autumn,medium
34.8488,-5.8775,334.7,2014-09-04,79,28.1,D,2014,9,autumn,medium
34.9301,-2.3918,323.9,2014-09-05,36,10.6,D,2014,9,autumn,low
34.9328,-2.4067,324.4,2014-09-05,46,12.2,D,2014,9,autumn,low
34.8026,-4.4417,325.2,2014-09-05,49,46.8,D,2014,9,autumn,medium
29.5823,-8.797,313.8,2014-09-05,87,28.4,N,2014,9,autumn,medium
29.594,-8.8,310.1,2014-09-05,77,21.9,N,2014,9,autumn,medium
35.6399,-5.3809,339.4,2014-09-05,100,43.0,N,2014,9,autumn,medium
35.6382,-5.392,323.0,2014-09-05,100,20.5,N,2014,9,autumn,medium
35.6596,-5.374,330.5,2014-09-05,100,29.4,N,2014,9,autumn,medium
35.6579,-5.3852,327.5,2014-09-05,100,25.4,N,2014,9,autumn,medium
35.2428,-3.7473,312.8,2014-09-05,86,10.4,N,2014,9,autumn,low
35.2443,-3.7365,337.1,2014-09-05,100,37.7,N,2014,9,autumn,medium
35.6374,-5.3819,342.7,2014-09-06,100,76.9,N,2014,9,autumn,medium
35.6503,-5.3939,348.2,2014-09-06,100,93.1,N,2014,9,autumn,medium
35.6402,-5.3972,323.0,2014-09-06,100,33.5,N,2014,9,autumn,medium
35.6475,-5.3788,366.5,2014-09-06,100,166.9,N,2014,9,autumn,high
34.8763,-4.6099,319.6,2014-09-12,45,12.2,D,2014,9,autumn,low
35.3231,-5.4974,323.2,2014-09-12,54,16.6,D,2014,9,autumn,low
35.4227,-5.265,322.7,2014-09-14,62,8.5,D,2014,9,autumn,low
35.0453,-4.9375,323.5,2014-09-15,55,13.6,D,2014,9,autumn,low
35.0482,-4.9161,410.6,2014-09-15,100,318.1,D,2014,9,autumn,high
35.0468,-4.9268,403.7,2014-09-15,100,271.1,D,2014,9,autumn,high
35.0393,-4.9142,379.3,2014-09-15,100,145.5,D,2014,9,autumn,high
35.3998,-5.9615,318.9,2014-09-16,33,14.2,D,2014,9,autumn,low
35.2648,-5.0877,319.1,2014-09-17,50,15.0,D,2014,9,autumn,low
34.7684,-2.7506,351.2,2014-09-17,95,49.8,D,2014,9,autumn,medium
34.77,-2.7398,338.9,2014-09-17,86,26.4,D,2014,9,autumn,medium
35.2238,-3.0376,321.0,2014-09-17,31,5.3,D,2014,9,autumn,low
35.3678,-5.4594,315.4,2014-09-30,39,6.0,D,2014,9,autumn,low
35.3499,-5.4534,317.1,2014-10-06,64,13.5,D,2014,10,autumn,low
33.4503,-7.6882,320.2,2014-10-10,71,20.1,D,2014,10,autumn,medium
33.6315,-7.3982,319.3,2014-10-10,51,8.6,D,2014,10,autumn,low
34.8149,-2.4982,356.3,2014-10-19,98,68.4,D,2014,10,autumn,medium
34.8164,-2.4874,358.7,2014-10-19,99,74.4,D,2014,10,autumn,medium
34.9026,-5.7914,304.1,2014-10-21,58,8.6,N,2014,10,autumn,low
34.8589,-4.7617,315.7,2014-10-21,57,12.1,D,2014,10,autumn,low
35.2583,-5.6791,317.2,2014-10-23,62,9.1,D,2014,10,autumn,low
35.1222,-6.0529,318.2,2014-10-23,52,8.9,D,2014,10,autumn,low
35.2566,-5.668,331.4,2014-10-23,84,25.1,D,2014,10,autumn,medium
33.8497,-5.6695,320.2,2014-10-23,50,4.9,D,2014,10,autumn,low
34.9152,-4.6342,314.2,2014-10-26,37,7.7,D,2014,10,autumn,low
32.4656,-7.3786,319.4,2014-10-28,55,9.1,D,2014,10,autumn,low
34.2825,-5.2238,320.4,2014-10-31,43,6.9,D,2014,10,autumn,low
34.8485,-6.0991,300.8,2014-11-09,42,3.3,D,2014,11,autumn,low
35.1881,-3.8281,332.0,2014-11-10,76,30.1,D,2014,11,autumn,medium
35.1897,-3.839,318.7,2014-11-10,60,15.1,D,2014,11,autumn,low
32.4323,-7.3454,313.2,2014-11-20,69,14.7,D,2014,11,autumn,low
30.103,-9.3677,308.5,2014-12-06,67,8.1,D,2014,12,winter,low
34.8408,-4.0651,302.3,2014-12-12,39,5.1,D,2014,12,winter,low
31.3906,-8.7082,301.7,2014-12-24,49,3.5,D,2014,12,winter,low
35.0782,-5.3887,303.0,2015-01-05,54,4.5,D,2015,1,winter,low
35.0798,-5.3779,302.6,2015-01-05,53,4.3,D,2015,1,winter,low
32.0765,-6.6587,312.3,2015-01-10,58,11.2,D,2015,1,winter,low
32.9041,-8.0657,302.7,2015-01-26,53,4.0,D,2015,1,winter,low
30.6633,-6.5506,332.1,2015-01-28,84,25.3,D,2015,1,winter,medium
34.593,-2.9651,304.6,2015-02-03,55,6.9,D,2015,2,winter,low
33.109,-5.4606,301.4,2015-02-28,42,4.8,D,2015,2,winter,low
33.4623,-7.8955,313.2,2015-03-07,64,7.0,D,2015,3,spring,low
35.162,-5.4735,312.8,2015-03-08,66,8.2,D,2015,3,spring,low
33.441,-6.6241,314.2,2015-03-10,58,6.3,D,2015,3,spring,low
34.3537,-6.2471,314.3,2015-03-16,62,10.3,D,2015,3,spring,low
34.3511,-6.2512,312.3,2015-04-01,45,5.4,D,2015,4,spring,low
35.5013,-5.7682,303.1,2015-04-02,53,10.5,N,2015,4,spring,low
35.0967,-5.3842,315.8,2015-04-28,65,12.9,D,2015,4,spring,low
35.0934,-5.3777,311.7,2015-04-28,49,8.5,D,2015,4,spring,low
35.6533,-5.3865,316.7,2015-05-03,65,6.8,D,2015,5,spring,low
33.8249,-5.5242,320.9,2015-05-06,52,6.3,D,2015,5,spring,low
29.2986,-8.6284,316.2,2015-05-08,93,17.1,N,2015,5,spring,low
29.2889,-8.6301,306.1,2015-05-08,67,7.9,N,2015,5,spring,low
29.2874,-8.618,307.9,2015-05-08,73,9.3,N,2015,5,spring,low
29.2971,-8.6161,310.1,2015-05-08,79,10.5,N,2015,5,spring,low
33.1233,-7.5916,331.9,2015-05-12,61,10.2,D,2015,5,spring,low
33.1218,-7.5804,339.7,2015-05-12,80,22.3,D,2015,5,spring,medium
32.8943,-7.3289,342.2,2015-05-12,83,21.3,D,2015,5,spring,medium
35.5447,-5.4171,317.9,2015-05-13,54,7.7,D,2015,5,spring,low
34.0372,-4.2272,312.1,2015-05-13,84,44.5,N,2015,5,spring,medium
34.0422,-4.2328,310.6,2015-05-13,81,39.5,N,2015,5,spring,medium
35.736,-5.4165,315.1,2015-05-15,59,26.6,D,2015,5,spring,medium
32.9588,-7.843,328.4,2015-05-16,66,18.5,D,2015,5,spring,low
32.9566,-7.8369,328.3,2015-05-16,64,19.1,D,2015,5,spring,low
32.9549,-7.8526,335.2,2015-05-16,78,35.0,D,2015,5,spring,medium
34.8336,-6.0708,309.3,2015-05-24,77,13.1,N,2015,5,spring,low
33.5261,-7.4811,301.7,2015-05-26,44,6.2,N,2015,5,spring,low
33.5353,-7.4833,301.7,2015-05-26,43,6.1,N,2015,5,spring,low
33.0996,-7.8263,347.4,2015-05-27,91,39.5,D,2015,5,spring,medium
33.0981,-7.8369,350.4,2015-05-27,93,45.6,D,2015,5,spring,medium
33.1085,-7.8281,389.2,2015-05-27,100,176.9,D,2015,5,spring,high
33.107,-7.8387,385.3,2015-05-27,100,158.2,D,2015,5,spring,high
33.1917,-7.495,339.7,2015-05-27,84,26.2,D,2015,5,spring,medium
34.6531,-6.2442,326.0,2015-05-27,54,8.1,D,2015,5,spring,low
34.6574,-6.2507,325.5,2015-05-27,61,9.5,D,2015,5,spring,low
34.5472,-6.0946,328.4,2015-05-28,51,9.5,D,2015,5,spring,low
33.6837,-6.283,326.8,2015-06-02,75,24.6,D,2015,6,summer,medium
33.0598,-7.9226,323.8,2015-06-02,61,29.5,D,2015,6,summer,medium
33.0701,-7.9031,325.4,2015-06-02,71,39.4,D,2015,6,summer,medium
33.6336,-7.3493,326.5,2015-06-06,38,16.1,D,2015,6,summer,low
31.7255,-7.4607,322.6,2015-06-07,58,23.2,D,2015,6,summer,medium
34.0963,-5.0444,323.1,2015-06-10,63,33.4,D,2015,6,summer,medium
34.0944,-5.052,327.4,2015-06-10,57,45.8,D,2015,6,summer,medium
33.798,-6.9022,325.7,2015-06-16,62,16.5,D,2015,6,summer,low
33.8008,-6.887,346.7,2015-06-16,91,69.7,D,2015,6,summer,medium
35.4044,-5.3416,340.4,2015-06-17,88,83.4,D,2015,6,summer,medium
35.4064,-5.3637,342.3,2015-06-17,90,90.2,D,2015,6,summer,medium
35.4018,-5.3508,330.6,2015-06-17,83,75.6,D,2015,6,summer,medium
35.6167,-5.9069,334.6,2015-06-17,86,71.3,D,2015,6,summer,medium
35.4001,-5.3731,317.0,2015-06-17,64,25.7,D,2015,6,summer,medium
35.403,-5.3592,303.7,2015-06-18,56,5.2,N,2015,6,summer,low
35.4015,-5.3705,313.5,2015-06-18,87,12.6,N,2015,6,summer,low
32.5763,-8.7031,345.9,2015-06-19,88,36.7,D,2015,6,summer,medium
32.5673,-8.7014,336.9,2015-06-19,75,20.2,D,2015,6,summer,medium
33.7956,-5.7655,330.1,2015-06-22,69,11.5,D,2015,6,summer,low
34.4493,-5.8409,327.3,2015-06-22,44,10.7,D,2015,6,summer,low
34.0421,-5.0909,341.0,2015-06-24,76,44.3,D,2015,6,summer,medium
34.6217,-6.196,328.2,2015-06-25,71,28.1,D,2015,6,summer,medium
34.073,-5.6038,341.5,2015-06-26,84,45.1,D,2015,6,summer,medium
34.3625,-5.916,342.9,2015-06-26,85,55.0,D,2015,6,summer,medium
34.3608,-5.9337,336.2,2015-06-26,76,33.8,D,2015,6,summer,medium
35.7761,-5.7456,311.4,2015-06-27,75,7.3,N,2015,6,summer,low
33.8103,-5.639,330.0,2015-07-10,67,18.4,D,2015,7,summer,low
34.0158,-5.8049,337.7,2015-07-14,76,10.7,D,2015,7,summer,low
33.8351,-6.0176,340.6,2015-07-14,81,17.2,D,2015,7,summer,low
35.1709,-5.1488,350.4,2015-07-14,93,64.5,D,2015,7,summer,medium
35.1602,-5.1405,330.6,2015-07-14,54,20.8,D,2015,7,summer,medium
35.1793,-5.1649,308.9,2015-07-14,63,53.5,N,2015,7,summer,medium
35.1729,-5.1607,311.0,2015-07-14,73,64.8,N,2015,7,summer,medium
35.7038,-5.6033,335.7,2015-07-15,87,20.4,D,2015,7,summer,medium
35.7022,-5.5923,344.5,2015-07-15,92,35.1,D,2015,7,summer,medium
33.9626,-5.6255,336.5,2015-07-15,73,11.0,D,2015,7,summer,low
34.4601,-5.3635,333.4,2015-07-17,68,13.7,D,2015,7,summer,low
34.3419,-5.9997,328.4,2015-07-20,52,13.8,D,2015,7,summer,low
33.9707,-5.6198,336.6,2015-07-20,79,26.2,D,2015,7,summer,medium
33.6083,-5.4829,336.1,2015-07-21,72,22.1,D,2015,7,summer,medium
34.9558,-4.9389,333.5,2015-07-21,71,18.3,D,2015,7,summer,low
34.9532,-4.9495,335.4,2015-07-21,74,19.4,D,2015,7,summer,low
33.6138,-5.4895,334.4,2015-07-21,68,16.6,D,2015,7,summer,low
33.9411,-5.1371,333.3,2015-07-24,73,13.0,D,2015,7,summer,low
31.5754,-7.9783,337.7,2015-07-24,80,23.5,D,2015,7,summer,medium
33.7376,-6.059,308.9,2015-07-25,76,15.5,N,2015,7,summer,low
33.7265,-6.0574,306.2,2015-07-25,62,11.4,N,2015,7,summer,low
33.9905,-5.633,336.5,2015-07-30,73,15.7,D,2015,7,summer,low
33.9747,-5.6302,332.5,2015-08-01,65,9.7,D,2015,8,summer,low
35.2085,-4.0044,309.1,2015-08-10,76,10.2,N,2015,8,summer,low
35.2029,-3.9986,309.3,2015-08-10,77,11.8,N,2015,8,summer,low
35.205,-4.0108,314.4,2015-08-10,89,16.4,N,2015,8,summer,low
35.5763,-5.7295,329.9,2015-08-12,73,27.3,D,2015,8,summer,medium
33.8974,-4.6996,339.4,2015-08-12,71,24.3,D,2015,8,summer,medium
34.3718,-5.3535,329.3,2015-08-15,71,12.5,D,2015,8,summer,low
33.9414,-5.5041,330.7,2015-08-16,72,12.5,D,2015,8,summer,low
33.3114,-4.299,325.2,2015-08-18,68,10.7,D,2015,8,summer,low
34.1217,-4.4347,356.9,2015-08-19,98,63.3,D,2015,8,summer,medium
34.4068,-5.6324,330.7,2015-08-19,40,14.7,D,2015,8,summer,low
34.7383,-4.7358,332.2,2015-08-26,72,11.4,D,2015,8,summer,low
33.7074,-5.4655,331.5,2015-08-30,79,16.1,D,2015,8,summer,low
34.1226,-6.7428,331.3,2015-09-01,65,14.8,D,2015,9,autumn,low
33.8256,-5.9325,333.6,2015-09-02,79,18.2,D,2015,9,autumn,low
33.824,-5.9432,328.0,2015-09-02,70,10.6,D,2015,9,autumn,low
35.6887,-5.3506,317.9,2015-09-04,42,25.2,D,2015,9,autumn,medium
33.6803,-5.5223,332.0,2015-09-04,79,20.7,D,2015,9,autumn,medium
33.6781,-5.5299,340.4,2015-09-04,87,38.2,D,2015,9,autumn,medium
35.6819,-5.3434,339.1,2015-09-04,89,37.5,D,2015,9,autumn,medium
35.6798,-5.3556,425.7,2015-09-04,100,525.0,D,2015,9,autumn,high
35.6777,-5.368,358.6,2015-09-04,86,85.8,D,2015,9,autumn,medium
35.6892,-5.3582,338.9,2015-09-04,89,38.1,D,2015,9,autumn,medium
35.6871,-5.3705,320.2,2015-09-04,31,8.1,D,2015,9,autumn,low
35.856,-5.4121,331.9,2015-09-04,84,33.1,D,2015,9,autumn,medium
33.678,-5.5352,328.8,2015-09-04,74,15.2,D,2015,9,autumn,low
32.3769,-6.9588,327.2,2015-09-06,53,8.7,D,2015,9,autumn,low
33.7021,-5.8554,320.3,2015-09-07,57,28.6,D,2015,9,autumn,medium
34.2339,-4.2717,332.0,2015-09-07,74,23.1,D,2015,9,autumn,medium
34.2357,-4.2539,330.8,2015-09-07,72,20.2,D,2015,9,autumn,medium
33.8733,-4.9957,334.4,2015-09-07,78,28.3,D,2015,9,autumn,medium
34.2336,-4.2593,333.8,2015-09-07,77,29.0,D,2015,9,autumn,medium
33.8385,-6.3455,326.5,2015-09-08,68,9.5,D,2015,9,autumn,low
33.8368,-6.3347,324.4,2015-09-08,63,6.9,D,2015,9,autumn,low
33.9092,-5.3167,327.4,2015-09-10,62,7.7,D,2015,9,autumn,low
33.9107,-5.3277,328.2,2015-09-10,64,9.1,D,2015,9,autumn,low
34.7366,-4.911,324.5,2015-09-10,62,7.8,D,2015,9,autumn,low
34.0038,-6.7968,310.8,2015-09-13,81,11.0,N,2015,9,autumn,low
29.2085,-8.1058,335.4,2015-09-16,70,8.8,D,2015,9,autumn,low
35.5057,-5.5052,329.0,2015-09-16,82,21.7,D,2015,9,autumn,medium
35.5071,-5.4929,335.5,2015-09-16,87,33.6,D,2015,9,autumn,medium
33.9653,-5.5994,326.8,2015-09-17,73,10.1,D,2015,9,autumn,low
33.7844,-6.6429,330.9,2015-09-19,75,22.7,D,2015,9,autumn,medium
33.8591,-5.8073,326.0,2015-09-19,67,10.6,D,2015,9,autumn,low
35.1366,-5.6876,325.4,2015-09-21,73,41.9,D,2015,9,autumn,medium
34.0004,-5.1324,330.4,2015-09-22,78,21.0,D,2015,9,autumn,medium
34.6531,-2.8626,332.8,2015-09-22,78,20.5,D,2015,9,autumn,medium
34.6434,-2.8599,340.1,2015-09-22,86,34.6,D,2015,9,autumn,medium
35.0163,-3.6655,324.0,2015-09-22,64,20.6,D,2015,9,autumn,medium
35.3454,-5.453,320.9,2015-09-23,49,13.2,D,2015,9,autumn,low
34.8644,-5.8855,320.5,2015-09-24,58,27.9,D,2015,9,autumn,medium
33.8818,-5.6298,328.0,2015-09-25,70,10.7,D,2015,9,autumn,low
35.2431,-5.3212,314.6,2015-09-27,33,22.8,D,2015,9,autumn,medium
35.2289,-5.329,325.2,2015-09-27,71,14.0,D,2015,9,autumn,low
35.3973,-5.4963,356.1,2015-09-27,98,69.7,D,2015,9,autumn,medium
35.2307,-5.3178,360.3,2015-09-27,100,80.6,D,2015,9,autumn,medium
35.1791,-5.115,316.1,2015-09-27,38,10.5,D,2015,9,autumn,low
35.2397,-5.3198,336.1,2015-09-27,85,27.3,D,2015,9,autumn,medium
35.2379,-5.331,323.3,2015-09-27,51,10.8,D,2015,9,autumn,low
35.399,-5.4852,319.4,2015-09-27,60,7.1,D,2015,9,autumn,low
35.7434,-5.5339,312.3,2015-09-28,46,11.5,D,2015,9,autumn,low
35.7461,-5.5275,311.5,2015-09-28,35,9.5,D,2015,9,autumn,low
35.1782,-5.1192,318.0,2015-09-28,67,21.3,D,2015,9,autumn,medium
35.2023,-5.5554,323.7,2015-10-02,57,12.7,D,2015,10,autumn,low
35.205,-5.5485,324.9,2015-10-02,69,16.0,D,2015,10,autumn,low
33.7646,-6.807,330.4,2015-10-03,81,17.7,D,2015,10,autumn,low
33.5837,-6.6828,328.0,2015-10-04,67,7.0,D,2015,10,autumn,low
29.2052,-8.5366,329.2,2015-10-07,52,9.0,D,2015,10,autumn,low
34.8032,-4.9797,317.3,2015-10-08,71,12.7,D,2015,10,autumn,low
33.4608,-7.9027,317.6,2015-10-13,68,10.8,D,2015,10,autumn,low
35.4573,-5.5284,315.3,2015-10-15,41,15.4,D,2015,10,autumn,low
35.456,-5.5233,317.2,2015-10-15,70,19.2,D,2015,10,autumn,low
35.2583,-5.0833,322.8,2015-10-17,59,24.2,D,2015,10,autumn,medium
33.552,-6.2227,317.1,2015-10-22,55,9.3,D,2015,10,autumn,low
33.7708,-6.8432,314.6,2015-10-29,58,6.2,D,2015,10,autumn,low
33.9349,-5.9166,317.0,2015-10-29,65,8.1,D,2015,10,autumn,low
33.4021,-6.522,316.0,2015-10-30,66,12.2,D,2015,10,autumn,low
34.3175,-5.2142,309.5,2015-11-04,48,4.2,D,2015,11,autumn,low
34.6589,-6.2511,311.8,2015-11-05,58,6.0,D,2015,11,autumn,low
34.1338,-6.3794,311.9,2015-11-06,56,7.7,D,2015,11,autumn,low
35.2561,-5.5423,312.4,2015-11-07,65,10.6,D,2015,11,autumn,low
32.3536,-6.5004,313.1,2015-11-12,57,5.0,D,2015,11,autumn,low
34.8451,-6.0982,307.0,2015-11-17,41,6.9,D,2015,11,autumn,low
33.8933,-4.1794,303.2,2015-11-21,55,46.2,D,2015,11,autumn,medium
33.8916,-4.1878,301.7,2015-11-21,49,39.6,D,2015,11,autumn,medium
33.8895,-4.1616,307.8,2015-11-21,66,7.4,D,2015,11,autumn,low
33.888,-4.1725,331.7,2015-11-21,88,31.1,D,2015,11,autumn,medium
34.0071,-4.0452,301.7,2015-11-21,44,4.2,D,2015,11,autumn,low
35.302,-5.756,313.0,2015-12-04,73,10.5,D,2015,12,winter,low
34.5623,-5.2283,308.3,2015-12-04,46,6.3,D,2015,12,winter,low
34.5653,-5.2344,312.9,2015-12-04,70,10.9,D,2015,12,winter,low
33.5923,-5.7182,313.9,2015-12-04,56,29.6,D,2015,12,winter,medium
33.5965,-5.7128,312.5,2015-12-04,59,26.5,D,2015,12,winter,medium
32.0823,-6.6607,328.6,2015-12-05,84,23.1,D,2015,12,winter,medium
34.0752,-4.5751,309.1,2015-12-13,68,7.5,D,2015,12,winter,low
33.6115,-5.8762,308.4,2015-12-15,59,5.5,D,2015,12,winter,low
33.639,-5.8711,308.6,2015-12-15,63,5.6,D,2015,12,winter,low
33.61,-5.865,307.3,2015-12-15,52,4.8,D,2015,12,winter,low
34.7271,-5.6782,311.2,2015-12-18,69,11.9,D,2015,12,winter,low
35.4106,-5.9783,312.6,2015-12-20,73,12.7,D,2015,12,winter,low
33.6374,-5.8638,304.9,2015-12-20,54,5.3,D,2015,12,winter,low
34.9433,-4.6498,311.3,2015-12-22,61,10.1,D,2015,12,winter,low
34.1378,-4.455,318.2,2015-12-26,78,28.7,D,2015,12,winter,medium
34.1463,-4.4599,308.0,2015-12-26,66,14.0,D,2015,12,winter,low
33.6387,-5.8621,301.6,2015-12-27,40,5.5,D,2015,12,winter,low
33.8402,-4.5301,306.3,2015-12-28,63,10.1,D,2015,12,winter,low
33.6292,-5.8707,303.2,2015-12-29,55,4.1,D,2015,12,winter,low
31.58,-8.1234,304.7,2015-12-29,52,4.6,D,2015,12,winter,low
33.6304,-5.8659,321.8,2015-12-30,78,16.4,D,2015,12,winter,low
33.6289,-5.8768,308.4,2015-12-30,40,5.3,D,2015,12,winter,low
34.8342,-6.221,305.9,2015-12-30,60,5.0,D,2015,12,winter,low
33.6297,-5.8677,307.7,2015-12-31,63,5.6,D,2015,12,winter,low
31.8396,-7.0629,308.3,2015-12-31,46,21.6,D,2015,12,winter,medium
34.8686,-2.6562,306.0,2016-01-10,61,3.8,D,2016,1,winter,low
34.8701,-2.6454,307.4,2016-01-10,64,4.8,D,2016,1,winter,low
34.5598,-2.9933,304.5,2016-01-10,57,3.2,D,2016,1,winter,low
34.8293,-6.2275,302.5,2016-01-13,51,4.7,D,2016,1,winter,low
34.1147,-5.8096,307.4,2016-01-19,49,13.0,D,2016,1,winter,low
34.9599,-5.3613,307.0,2016-01-22,65,8.4,D,2016,1,winter,low
33.6081,-5.8797,308.1,2016-01-28,66,15.2,D,2016,1,winter,low
33.6112,-5.8776,309.3,2016-01-30,34,6.9,D,2016,1,winter,low
28.9472,-10.2002,320.1,2016-02-03,62,7.2,D,2016,2,winter,low
33.8112,-5.5435,314.9,2016-02-08,71,8.3,D,2016,2,winter,low
33.8201,-5.5417,312.0,2016-02-08,61,6.4,D,2016,2,winter,low
33.7078,-7.2251,311.5,2016-02-09,39,4.9,D,2016,2,winter,low
34.4149,-2.717,323.9,2016-02-25,81,21.3,D,2016,2,winter,medium
34.4134,-2.7292,328.3,2016-02-25,84,27.2,D,2016,2,winter,medium
31.9701,-7.2323,314.2,2016-02-25,43,6.9,D,2016,2,winter,low
33.8777,-4.0542,308.8,2016-03-03,37,8.8,D,2016,3,spring,low
32.6316,-7.8095,322.0,2016-03-12,67,11.7,D,2016,3,spring,low
34.916,-2.8,310.0,2016-03-13,36,3.6,D,2016,3,spring,low
34.515,-3.6352,312.5,2016-03-14,66,6.2,D,2016,3,spring,low
32.6059,-5.8992,307.1,2016-03-14,44,9.9,D,2016,3,spring,low
34.2249,-4.8998,308.5,2016-03-16,38,6.2,D,2016,3,spring,low
35.0822,-4.4499,333.7,2016-03-25,88,40.2,D,2016,3,spring,medium
35.0836,-4.4596,319.2,2016-03-25,71,17.6,D,2016,3,spring,low
35.0807,-4.444,334.3,2016-03-25,88,42.1,D,2016,3,spring,medium
35.0705,-4.4563,379.8,2016-03-25,100,349.6,D,2016,3,spring,high
35.0824,-4.458,315.9,2016-03-25,38,17.0,D,2016,3,spring,low
35.067,-4.4739,323.0,2016-03-25,79,34.8,D,2016,3,spring,medium
35.0811,-5.3756,312.1,2016-03-26,63,9.8,D,2016,3,spring,low
33.6951,-4.2273,326.6,2016-03-28,78,20.5,D,2016,3,spring,medium
34.0603,-3.8652,320.0,2016-03-29,68,10.0,D,2016,3,spring,low
35.3672,-5.4807,311.2,2016-04-06,63,8.4,D,2016,4,spring,low
34.8429,-5.234,312.2,2016-04-08,60,12.8,D,2016,4,spring,low
35.0751,-5.2535,313.9,2016-04-14,61,9.2,D,2016,4,spring,low
35.0767,-5.2667,314.2,2016-04-14,62,9.8,D,2016,4,spring,low
35.7263,-5.3745,306.7,2016-04-27,48,20.1,N,2016,4,spring,medium
33.9357,-5.9097,325.6,2016-05-01,75,27.2,D,2016,5,spring,medium
33.9311,-5.888,322.8,2016-05-01,70,18.0,D,2016,5,spring,low
33.9311,-5.8946,325.1,2016-05-01,74,24.9,D,2016,5,spring,medium
34.7406,-6.0499,322.7,2016-05-01,64,17.7,D,2016,5,spring,low
33.934,-5.8943,338.2,2016-05-01,86,33.4,D,2016,5,spring,medium
33.9317,-5.9076,340.9,2016-05-01,88,39.5,D,2016,5,spring,medium
33.1084,-4.8062,323.1,2016-05-02,100,103.6,N,2016,5,spring,high
33.1124,-4.8121,320.7,2016-05-02,100,93.7,N,2016,5,spring,medium
34.1116,-5.947,329.0,2016-05-03,77,17.7,D,2016,5,spring,low
35.4665,-5.5836,311.8,2016-05-19,51,11.7,D,2016,5,spring,low
34.8447,-3.0885,332.2,2016-05-30,80,74.4,D,2016,5,spring,medium
34.8462,-3.0682,322.6,2016-05-30,67,33.4,D,2016,5,spring,medium
34.8404,-3.0941,328.4,2016-05-30,76,56.5,D,2016,5,spring,medium
35.0981,-3.6955,353.5,2016-06-10,96,69.3,D,2016,6,summer,medium
35.0935,-3.6897,324.6,2016-06-10,39,8.2,D,2016,6,summer,low
35.095,-3.7014,340.6,2016-06-10,86,36.2,D,2016,6,summer,medium
35.0995,-3.7072,338.9,2016-06-10,84,34.4,D,2016,6,summer,medium
32.8397,-3.1064,332.3,2016-06-10,64,11.6,D,2016,6,summer,low
35.1735,-3.8851,333.9,2016-06-14,78,83.0,D,2016,6,summer,medium
35.1766,-3.8789,330.7,2016-06-14,73,64.1,D,2016,6,summer,medium
35.0045,-6.2127,325.0,2016-07-01,64,12.3,D,2016,7,summer,low
35.0029,-6.2017,343.8,2016-07-01,89,39.4,D,2016,7,summer,medium
32.8084,-7.0746,332.4,2016-07-04,70,12.7,D,2016,7,summer,low
32.3874,-6.9821,337.8,2016-07-05,76,33.1,D,2016,7,summer,medium
32.3893,-6.9767,335.1,2016-07-05,65,24.8,D,2016,7,summer,medium
35.7593,-5.8647,323.5,2016-07-09,55,6.6,D,2016,7,summer,low
34.5658,-3.9429,353.3,2016-07-12,95,61.9,D,2016,7,summer,medium
34.5644,-3.9308,327.9,2016-07-12,31,7.8,D,2016,7,summer,low
34.555,-3.9666,336.6,2016-07-12,79,122.5,D,2016,7,summer,high
34.5573,-3.9266,354.8,2016-07-12,96,339.1,D,2016,7,summer,high
34.5731,-3.9283,333.2,2016-07-12,73,95.5,D,2016,7,summer,medium
34.5706,-3.9697,326.0,2016-07-12,40,40.9,D,2016,7,summer,medium
34.568,-3.9363,364.2,2016-07-12,100,498.1,D,2016,7,summer,high
34.5658,-3.9772,327.5,2016-07-12,58,50.0,D,2016,7,summer,medium
35.8627,-5.3776,307.9,2016-07-12,57,17.8,N,2016,7,summer,low
35.7278,-5.3538,307.1,2016-07-13,51,7.1,N,2016,7,summer,low
35.8662,-5.3785,322.2,2016-07-13,57,25.0,D,2016,7,summer,medium
33.7368,-5.6034,327.9,2016-07-14,62,23.9,D,2016,7,summer,medium
34.7553,-4.6582,341.8,2016-07-15,86,38.9,D,2016,7,summer,medium
34.7445,-4.6514,343.6,2016-07-15,88,44.2,D,2016,7,summer,medium
34.7454,-4.6611,361.6,2016-07-15,100,104.2,D,2016,7,summer,high
34.7472,-4.6667,356.7,2016-07-15,98,85.1,D,2016,7,summer,medium
34.7459,-4.6648,332.3,2016-07-15,71,28.7,D,2016,7,summer,medium
34.8408,-5.3576,314.5,2016-07-18,89,33.0,N,2016,7,summer,medium
34.8455,-5.3394,306.7,2016-07-19,69,32.2,N,2016,7,summer,medium
34.6741,-5.2203,337.0,2016-07-21,70,63.9,D,2016,7,summer,medium
34.661,-5.2185,329.6,2016-07-21,57,27.9,D,2016,7,summer,medium
34.6704,-5.2249,335.8,2016-07-21,68,57.0,D,2016,7,summer,medium
35.2263,-2.9708,390.5,2016-07-22,100,200.7,N,2016,7,summer,high
35.2368,-2.9799,367.3,2016-07-22,100,105.8,N,2016,7,summer,high
35.2353,-2.9691,397.0,2016-07-22,100,235.3,N,2016,7,summer,high
35.2338,-2.9582,345.1,2016-07-22,100,49.5,N,2016,7,summer,medium
35.2248,-2.9599,340.5,2016-07-22,100,41.5,N,2016,7,summer,medium
35.2279,-2.9817,356.4,2016-07-22,100,75.0,N,2016,7,summer,medium
35.2223,-2.9671,325.5,2016-07-22,37,22.7,D,2016,7,summer,medium
35.2228,-2.9699,334.5,2016-07-22,62,21.2,D,2016,7,summer,medium
35.2204,-2.9834,343.1,2016-07-22,87,42.3,D,2016,7,summer,medium
35.2182,-2.9961,331.3,2016-07-22,68,17.2,D,2016,7,summer,low
35.2105,-2.9817,375.4,2016-07-22,100,159.7,D,2016,7,summer,high
35.2303,-2.9851,352.8,2016-07-22,95,68.2,D,2016,7,summer,medium
35.228,-2.9985,332.6,2016-07-22,71,17.9,D,2016,7,summer,low
35.2804,-6.048,332.0,2016-07-22,84,44.2,D,2016,7,summer,medium
35.2053,-2.9531,421.9,2016-07-22,100,536.3,D,2016,7,summer,high
35.2031,-2.9661,384.3,2016-07-22,100,207.3,D,2016,7,summer,high
35.2152,-2.9549,418.2,2016-07-22,100,493.4,D,2016,7,summer,high
35.2129,-2.968,462.6,2016-07-22,100,1190.4,D,2016,7,summer,high
35.2308,-2.9913,307.0,2016-07-22,70,9.1,N,2016,7,summer,low
34.7927,-4.4472,337.6,2016-07-23,61,49.1,D,2016,7,summer,medium
34.1853,-6.3947,341.3,2016-07-25,82,13.6,D,2016,7,summer,low
34.1868,-6.3839,361.5,2016-07-25,100,58.5,D,2016,7,summer,medium
34.9165,-4.675,339.6,2016-07-29,83,36.0,D,2016,7,summer,medium
34.7578,-4.5605,353.0,2016-08-03,94,45.6,D,2016,8,summer,medium
34.7667,-4.5625,412.0,2016-08-03,100,316.3,D,2016,8,summer,high
34.7652,-4.5733,394.1,2016-08-03,100,199.6,D,2016,8,summer,high
34.7563,-4.5714,356.3,2016-08-03,97,53.0,D,2016,8,summer,medium
33.8412,-4.26,313.3,2016-08-06,87,38.2,N,2016,8,summer,medium
33.8552,-4.2428,316.3,2016-08-06,93,47.8,N,2016,8,summer,medium
33.8464,-4.2356,315.2,2016-08-06,91,44.1,N,2016,8,summer,medium
33.007,-2.3418,302.1,2016-08-07,47,5.9,N,2016,8,summer,low
34.1563,-6.1389,337.5,2016-08-07,80,25.4,D,2016,8,summer,medium
34.1537,-6.1247,336.1,2016-08-07,78,21.7,D,2016,8,summer,medium
34.1462,-6.1416,428.3,2016-08-07,100,680.1,D,2016,8,summer,high
34.1436,-6.1274,378.4,2016-08-07,100,187.5,D,2016,8,summer,high
34.1382,-6.1388,343.5,2016-08-07,86,68.2,D,2016,8,summer,medium
34.1502,-6.1425,355.7,2016-08-07,97,138.9,D,2016,8,summer,high
35.1411,-5.7919,360.7,2016-08-07,100,87.3,N,2016,8,summer,medium
35.1425,-5.7809,380.5,2016-08-07,100,158.4,N,2016,8,summer,high
35.1306,-5.8012,325.0,2016-08-07,100,18.0,N,2016,8,summer,low
35.132,-5.7903,396.4,2016-08-07,100,238.3,N,2016,8,summer,high
35.1334,-5.7794,396.9,2016-08-07,100,242.0,N,2016,8,summer,high
35.1349,-5.7682,352.3,2016-08-07,100,66.3,N,2016,8,summer,medium
35.13,-5.765,314.6,2016-08-08,89,27.2,N,2016,8,summer,medium
35.146,-5.78,314.4,2016-08-08,89,26.5,N,2016,8,summer,medium
35.1311,-5.7575,310.3,2016-08-08,74,17.6,N,2016,8,summer,low
34.7151,-4.6871,330.6,2016-08-08,100,102.1,N,2016,8,summer,high
35.1354,-5.7779,316.7,2016-08-08,94,31.7,N,2016,8,summer,medium
35.1472,-5.7727,316.3,2016-08-08,93,31.0,N,2016,8,summer,medium
35.2605,-6.0715,312.3,2016-08-08,85,24.0,N,2016,8,summer,medium
34.7036,-4.6578,328.4,2016-08-08,100,90.9,N,2016,8,summer,medium
34.71,-4.6635,341.4,2016-08-08,100,161.7,N,2016,8,summer,high
34.6967,-4.6671,307.9,2016-08-08,73,24.7,N,2016,8,summer,medium
35.4551,-5.7753,320.6,2016-08-08,100,44.4,N,2016,8,summer,medium
34.7091,-4.6824,347.4,2016-08-08,100,200.8,N,2016,8,summer,high
34.7137,-4.6726,335.5,2016-08-08,81,67.8,D,2016,8,summer,medium
34.7209,-4.6647,327.0,2016-08-08,68,27.4,D,2016,8,summer,medium
35.4261,-5.9905,359.7,2016-08-08,99,103.4,D,2016,8,summer,high
35.4142,-6.0037,373.5,2016-08-08,100,168.6,D,2016,8,summer,high
35.4158,-5.9889,365.5,2016-08-08,100,128.3,D,2016,8,summer,high
34.7072,-4.6673,349.8,2016-08-08,92,73.6,D,2016,8,summer,medium
35.1256,-5.7828,335.2,2016-08-08,55,19.9,D,2016,8,summer,low
34.7088,-4.6557,335.1,2016-08-08,75,24.3,D,2016,8,summer,medium
35.1271,-5.769,335.6,2016-08-08,64,23.3,D,2016,8,summer,medium
34.7072,-4.6725,341.4,2016-08-08,84,43.3,D,2016,8,summer,medium
35.4245,-6.0052,345.2,2016-08-08,93,52.7,D,2016,8,summer,medium
35.4659,-5.7849,312.6,2016-08-08,79,75.4,N,2016,8,summer,medium
35.2528,-6.0916,309.1,2016-08-08,64,51.2,N,2016,8,summer,medium
35.2646,-6.0452,323.9,2016-08-08,100,162.7,N,2016,8,summer,high
35.2358,-6.0862,311.9,2016-08-08,77,68.0,N,2016,8,summer,medium
35.4051,-6.0075,307.4,2016-08-08,54,46.6,N,2016,8,summer,medium
35.2659,-6.0523,326.1,2016-08-08,100,179.3,N,2016,8,summer,high
35.2368,-6.093,309.6,2016-08-08,67,56.7,N,2016,8,summer,medium
35.2491,-6.0463,309.7,2016-08-08,68,56.8,N,2016,8,summer,medium
35.4632,-5.7763,312.5,2016-08-08,79,73.1,N,2016,8,summer,medium
35.4683,-5.759,320.2,2016-08-08,100,135.7,N,2016,8,summer,high
35.4646,-5.7933,323.9,2016-08-08,100,164.4,N,2016,8,summer,high
35.4667,-5.7976,318.8,2016-08-08,97,122.0,N,2016,8,summer,high
35.4664,-5.7549,316.9,2016-08-08,92,110.3,N,2016,8,summer,high
35.4024,-5.9893,311.3,2016-08-09,82,26.0,N,2016,8,summer,medium
35.408,-5.9726,306.3,2016-08-09,68,16.7,N,2016,8,summer,low
35.41,-5.994,309.0,2016-08-09,76,21.7,N,2016,8,summer,medium
33.3947,-5.4042,346.5,2016-08-09,89,36.8,D,2016,8,summer,medium
35.462,-5.7644,366.4,2016-08-09,100,94.7,D,2016,8,summer,medium
35.453,-5.7663,344.3,2016-08-09,87,38.3,D,2016,8,summer,medium
33.3928,-5.3928,339.8,2016-08-09,82,23.4,D,2016,8,summer,medium
35.2385,-6.0585,327.6,2016-08-09,52,31.5,D,2016,8,summer,medium
35.2505,-6.048,307.8,2016-08-09,39,6.2,N,2016,8,summer,low
35.2121,-6.0508,319.6,2016-08-09,99,16.6,N,2016,8,summer,low
35.2432,-6.0342,315.3,2016-08-09,91,12.1,N,2016,8,summer,low
34.4595,-4.6129,306.4,2016-08-10,68,12.4,N,2016,8,summer,low
35.126,-5.5656,322.7,2016-08-10,70,71.4,D,2016,8,summer,medium
35.1316,-5.7586,311.8,2016-08-11,83,12.9,N,2016,8,summer,low
35.1346,-5.7424,328.9,2016-08-11,100,41.6,N,2016,8,summer,medium
35.1395,-5.7513,348.5,2016-08-12,100,58.4,N,2016,8,summer,medium
35.1378,-5.7403,388.0,2016-08-12,100,193.4,N,2016,8,summer,high
35.1304,-5.7497,330.1,2016-08-12,61,11.1,D,2016,8,summer,low
35.1383,-5.7452,330.4,2016-08-12,68,13.0,D,2016,8,summer,low
35.2801,-5.3772,319.1,2016-08-12,98,39.1,N,2016,8,summer,medium
35.2882,-5.3621,324.2,2016-08-12,100,51.5,N,2016,8,summer,medium
35.2822,-5.3546,328.4,2016-08-12,100,62.8,N,2016,8,summer,medium
33.9041,-4.6937,332.0,2016-08-13,66,17.9,D,2016,8,summer,low
33.8708,-4.4661,332.1,2016-08-15,76,31.0,D,2016,8,summer,medium
34.8363,-5.244,333.9,2016-08-26,71,11.2,D,2016,8,summer,low
35.0691,-5.2471,360.2,2016-08-28,100,70.4,D,2016,8,summer,medium
35.0708,-5.2361,333.9,2016-08-28,77,15.4,D,2016,8,summer,low
34.8086,-5.0339,328.4,2016-08-31,70,27.9,D,2016,8,summer,medium
35.8971,-5.4637,372.2,2016-09-05,100,250.9,N,2016,9,autumn,high
35.8952,-5.4534,324.8,2016-09-06,100,21.0,N,2016,9,autumn,medium
35.9057,-5.4624,338.6,2016-09-06,100,39.6,N,2016,9,autumn,medium
35.8968,-5.4643,361.3,2016-09-06,100,88.5,N,2016,9,autumn,medium
35.9041,-5.4515,324.6,2016-09-06,100,20.7,N,2016,9,autumn,medium
35.8901,-5.4447,321.5,2016-09-06,74,26.8,D,2016,9,autumn,medium
35.8947,-5.4667,326.6,2016-09-06,60,41.5,D,2016,9,autumn,medium
34.3118,-2.3216,330.7,2016-09-06,47,7.9,D,2016,9,autumn,low
35.8877,-5.4596,335.2,2016-09-06,87,28.7,D,2016,9,autumn,medium
35.8971,-5.462,334.5,2016-09-06,79,27.3,D,2016,9,autumn,medium
35.8856,-5.4721,330.6,2016-09-06,79,20.0,D,2016,9,autumn,medium
35.0606,-5.0103,306.1,2016-09-06,63,9.4,N,2016,9,autumn,low
35.073,-4.996,315.7,2016-09-06,91,22.4,N,2016,9,autumn,medium
35.0637,-4.9794,314.7,2016-09-06,89,20.6,N,2016,9,autumn,medium
35.062,-4.9956,338.9,2016-09-06,100,73.4,N,2016,9,autumn,medium
35.0552,-4.9742,302.5,2016-09-07,50,24.5,N,2016,9,autumn,medium
35.0691,-4.9629,312.4,2016-09-07,85,65.2,N,2016,9,autumn,medium
35.0609,-4.9764,311.3,2016-09-07,82,61.3,N,2016,9,autumn,medium
35.0749,-4.9653,304.2,2016-09-07,59,32.1,N,2016,9,autumn,medium
35.0824,-4.9929,352.5,2016-09-07,95,110.4,D,2016,9,autumn,high
35.0574,-4.974,336.8,2016-09-07,81,54.5,D,2016,9,autumn,medium
35.0686,-4.9848,366.3,2016-09-07,100,188.0,D,2016,9,autumn,high
35.0802,-4.9855,362.4,2016-09-07,100,163.1,D,2016,9,autumn,high
35.0821,-5.0049,351.8,2016-09-07,94,106.2,D,2016,9,autumn,high
35.067,-4.9682,344.3,2016-09-07,89,77.9,D,2016,9,autumn,medium
35.0592,-4.9925,336.4,2016-09-07,78,51.0,D,2016,9,autumn,medium
35.0689,-4.974,361.8,2016-09-07,100,163.9,D,2016,9,autumn,high
35.0707,-4.992,363.7,2016-09-07,100,173.0,D,2016,9,autumn,high
35.0675,-5.0019,337.5,2016-09-07,78,80.6,D,2016,9,autumn,medium
35.0772,-5.0077,328.1,2016-09-07,46,36.0,D,2016,9,autumn,medium
35.0686,-4.9737,308.6,2016-09-07,75,31.7,N,2016,9,autumn,medium
35.0745,-4.9676,327.5,2016-09-08,100,32.4,N,2016,9,autumn,medium
35.065,-4.9688,319.1,2016-09-08,98,21.7,N,2016,9,autumn,medium
35.8891,-5.4564,314.4,2016-09-10,45,5.6,D,2016,9,autumn,low
35.071,-5.2696,321.8,2016-09-12,74,86.2,D,2016,9,autumn,medium
35.0699,-5.2624,324.6,2016-09-12,78,114.5,D,2016,9,autumn,high
35.0728,-5.2213,323.0,2016-09-12,76,101.6,D,2016,9,autumn,high
35.072,-5.2135,319.9,2016-09-12,64,72.3,D,2016,9,autumn,medium
35.067,-5.2148,303.2,2016-09-12,54,8.7,N,2016,9,autumn,low
35.0809,-5.2158,303.3,2016-09-13,54,7.0,N,2016,9,autumn,low
35.0639,-5.2167,322.1,2016-09-13,54,9.1,D,2016,9,autumn,low
35.0656,-5.2056,327.2,2016-09-13,75,14.8,D,2016,9,autumn,low
33.5227,-7.429,326.8,2016-09-14,80,33.1,D,2016,9,autumn,medium
29.8803,-9.1197,324.8,2016-09-14,31,17.3,D,2016,9,autumn,low
35.2551,-3.0296,323.2,2016-09-15,70,11.2,D,2016,9,autumn,low
34.5721,-2.9523,323.0,2016-09-17,58,15.5,D,2016,9,autumn,low
34.5752,-2.936,324.3,2016-09-17,64,17.6,D,2016,9,autumn,low
34.2141,-2.531,330.2,2016-09-20,79,22.8,D,2016,9,autumn,medium
35.3466,-5.4698,317.3,2016-09-23,39,24.8,D,2016,9,autumn,medium
35.3479,-5.4615,322.1,2016-09-23,56,37.3,D,2016,9,autumn,medium
33.0006,-8.5591,326.2,2016-09-24,64,10.1,D,2016,9,autumn,low
35.7701,-5.6207,320.5,2016-09-24,56,21.2,D,2016,9,autumn,medium
35.7673,-5.6248,318.1,2016-09-24,55,17.4,D,2016,9,autumn,low
35.1936,-5.5845,323.2,2016-09-27,66,8.4,D,2016,9,autumn,low
35.4363,-6.0373,326.2,2016-09-27,75,12.5,D,2016,9,autumn,low
35.0935,-5.0097,320.1,2016-09-27,43,10.5,D,2016,9,autumn,low
35.1717,-5.597,318.9,2016-09-28,63,7.2,D,2016,9,autumn,low
35.1701,-5.5852,320.1,2016-09-28,68,8.4,D,2016,9,autumn,low
31.315,-7.6586,322.1,2016-09-28,63,49.3,D,2016,9,autumn,medium
31.3133,-7.6821,323.2,2016-09-28,66,54.0,D,2016,9,autumn,medium
34.964,-5.3722,323.1,2016-09-28,100,34.6,N,2016,9,autumn,medium
34.9667,-5.3573,328.2,2016-09-28,100,43.8,N,2016,9,autumn,medium
34.9742,-5.3754,311.6,2016-09-28,83,17.5,N,2016,9,autumn,low
34.9769,-5.3603,314.6,2016-09-28,90,21.3,N,2016,9,autumn,medium
34.9691,-5.3599,330.9,2016-09-29,100,33.0,N,2016,9,autumn,medium
35.6904,-5.7168,321.8,2016-09-30,74,19.3,D,2016,9,autumn,low
35.6886,-5.7001,322.0,2016-09-30,75,20.0,D,2016,9,autumn,medium
35.1531,-5.6294,340.3,2016-10-02,89,75.7,D,2016,10,autumn,medium
35.1649,-5.6291,322.1,2016-10-02,39,21.4,D,2016,10,autumn,medium
34.9726,-5.5486,333.0,2016-10-04,81,22.6,D,2016,10,autumn,medium
34.9752,-5.5561,324.2,2016-10-04,57,9.1,D,2016,10,autumn,low
34.9767,-5.5433,327.2,2016-10-04,70,13.4,D,2016,10,autumn,low
34.6445,-4.6109,317.7,2016-10-09,55,9.8,D,2016,10,autumn,low
35.2344,-3.1711,318.0,2016-10-15,96,25.2,N,2016,10,autumn,medium
30.3153,-9.1321,314.9,2016-10-21,39,6.5,D,2016,10,autumn,low
34.4093,-2.4879,328.0,2016-10-24,81,18.6,D,2016,10,autumn,low
34.3915,-2.4841,335.2,2016-10-24,87,28.0,D,2016,10,autumn,medium
34.3989,-2.4968,335.3,2016-10-24,85,28.1,D,2016,10,autumn,medium
34.4004,-2.486,337.0,2016-10-24,88,30.5,D,2016,10,autumn,medium
30.7191,-7.9592,318.0,2016-10-29,68,14.9,D,2016,10,autumn,low
32.9989,-2.3568,303.1,2016-11-23,52,8.7,D,2016,11,autumn,low
33.6652,-7.0741,302.3,2016-11-29,52,4.6,D,2016,11,autumn,low
32.9966,-2.3532,303.9,2016-12-01,57,6.4,D,2016,12,winter,low
33.0004,-2.3543,302.3,2016-12-10,52,5.5,D,2016,12,winter,low
35.2939,-5.3048,313.6,2016-12-24,74,13.7,D,2016,12,winter,low
28.8476,-10.4158,302.6,2017-01-02,34,5.2,D,2017,1,winter,low
28.8503,-10.425,306.2,2017-01-02,58,9.2,D,2017,1,winter,low
28.8494,-10.4319,303.5,2017-01-02,46,5.8,D,2017,1,winter,low
32.993,-2.3619,303.7,2017-01-03,51,3.6,D,2017,1,winter,low
32.9994,-2.3581,302.6,2017-01-04,53,4.8,D,2017,1,winter,low
29.6256,-9.5198,313.6,2017-01-04,68,11.3,D,2017,1,winter,low
32.9959,-2.3583,304.1,2017-01-05,56,5.1,D,2017,1,winter,low
33.7232,-5.5988,302.8,2017-01-07,54,5.0,D,2017,1,winter,low
31.4726,-8.6518,304.4,2017-01-12,57,6.6,D,2017,1,winter,low
35.2487,-3.1441,302.6,2017-01-13,46,6.4,D,2017,1,winter,low
32.9966,-2.3536,302.9,2017-01-13,54,5.2,D,2017,1,winter,low
35.2517,-3.1464,319.6,2017-01-16,60,24.4,D,2017,1,winter,medium
30.3727,-9.4371,307.8,2017-01-16,64,5.7,D,2017,1,winter,low
33.1217,-4.8177,301.5,2017-01-17,47,5.5,D,2017,1,winter,low
33.1605,-4.7528,311.6,2017-01-18,71,13.3,D,2017,1,winter,low
33.7383,-5.2608,301.1,2017-01-18,30,4.7,D,2017,1,winter,low
34.6619,-3.4518,340.9,2017-01-27,80,49.1,D,2017,1,winter,medium
30.6002,-8.5562,309.2,2017-02-08,57,5.1,D,2017,2,winter,low
32.7407,-4.9161,312.5,2017-02-18,68,6.4,D,2017,2,winter,low
32.4382,-6.5147,312.7,2017-02-18,66,7.8,D,2017,2,winter,low
34.8543,-6.1003,300.9,2017-02-22,43,5.0,D,2017,2,winter,low
31.9741,-8.0087,320.0,2017-03-07,71,12.3,D,2017,3,spring,low
23.9609,-15.6921,310.6,2017-03-11,80,10.8,N,2017,3,spring,low
32.37,-6.4373,305.0,2017-03-14,48,4.6,D,2017,3,spring,low
35.223,-5.3849,314.4,2017-04-06,67,10.8,D,2017,4,spring,low
35.2056,-5.5337,306.4,2017-04-07,68,15.3,N,2017,4,spring,low
35.4459,-6.0011,312.5,2017-04-08,65,5.4,D,2017,4,spring,low
33.041,-7.981,319.2,2017-04-27,57,23.5,D,2017,4,spring,medium
33.0457,-7.9583,353.8,2017-04-27,97,192.5,D,2017,4,spring,high
33.0421,-7.9769,329.1,2017-04-27,79,54.9,D,2017,4,spring,medium
33.0468,-7.9542,350.8,2017-04-27,95,169.5,D,2017,4,spring,high
34.0229,-5.6018,326.1,2017-05-03,65,12.7,D,2017,5,spring,low
34.8298,-6.0544,323.2,2017-05-03,66,12.6,D,2017,5,spring,low
34.0245,-5.615,324.6,2017-05-03,61,10.4,D,2017,5,spring,low
30.3708,-9.3924,326.2,2017-05-06,69,10.4,D,2017,5,spring,low
33.0351,-7.7988,340.1,2017-05-07,83,27.9,D,2017,5,spring,medium
33.038,-7.7762,376.5,2017-05-07,100,132.8,D,2017,5,spring,high
33.0365,-7.7875,363.9,2017-05-07,100,86.6,D,2017,5,spring,medium
33.0457,-7.7892,377.2,2017-05-07,100,136.3,D,2017,5,spring,high
33.0443,-7.8005,382.4,2017-05-07,100,159.5,D,2017,5,spring,high
33.7663,-7.173,326.6,2017-05-20,68,29.8,D,2017,5,spring,medium
34.6862,-5.9836,311.0,2017-05-22,81,10.8,N,2017,5,spring,low
34.505,-6.0955,324.2,2017-05-24,58,8.0,D,2017,5,spring,low
34.6726,-6.2618,323.3,2017-06-02,35,8.2,D,2017,6,summer,low
34.6711,-6.2509,324.0,2017-06-02,46,8.8,D,2017,6,summer,low
34.7549,-6.0776,319.1,2017-06-05,34,12.6,D,2017,6,summer,low
34.7632,-6.0805,320.2,2017-06-05,43,15.1,D,2017,6,summer,low
35.7466,-5.7576,323.4,2017-06-07,76,12.0,D,2017,6,summer,low
34.294,-6.3042,331.2,2017-06-07,70,16.5,D,2017,6,summer,low
34.5268,-5.6749,347.1,2017-06-07,91,76.5,D,2017,6,summer,medium
34.5114,-5.6907,335.0,2017-06-07,78,29.6,D,2017,6,summer,medium
34.5153,-5.6714,368.7,2017-06-07,100,210.2,D,2017,6,summer,high
33.2006,-8.3289,307.1,2017-06-07,70,9.4,N,2017,6,summer,low
23.6403,-15.7606,300.8,2017-06-08,34,5.1,N,2017,6,summer,low
34.709,-6.0393,327.9,2017-06-15,68,49.3,D,2017,6,summer,medium
34.7167,-6.0325,326.5,2017-06-15,64,42.1,D,2017,6,summer,medium
35.0055,-2.7339,334.1,2017-06-15,78,72.6,D,2017,6,summer,medium
34.9889,-5.0142,304.0,2017-06-18,58,7.7,N,2017,6,summer,low
34.7336,-2.0949,324.1,2017-06-19,36,39.5,D,2017,6,summer,medium
34.7313,-2.0568,327.9,2017-06-19,64,61.4,D,2017,6,summer,medium
35.0377,-5.8902,326.0,2017-06-22,59,28.2,D,2017,6,summer,medium
33.7643,-6.7777,331.9,2017-06-23,100,30.8,N,2017,6,summer,medium
33.7658,-6.7671,311.8,2017-06-23,83,9.9,N,2017,6,summer,low
35.3026,-5.7204,332.5,2017-06-24,54,16.0,D,2017,6,summer,low
35.3131,-5.7222,342.3,2017-06-24,86,40.0,D,2017,6,summer,medium
35.0468,-5.767,329.6,2017-06-30,70,26.5,D,2017,6,summer,medium
35.0496,-5.7513,331.8,2017-06-30,71,34.0,D,2017,6,summer,medium
35.0532,-5.7577,334.4,2017-06-30,66,40.0,D,2017,6,summer,medium
35.7803,-5.9055,344.1,2017-07-01,80,89.6,D,2017,7,summer,medium
35.7689,-5.9036,334.3,2017-07-01,65,51.6,D,2017,7,summer,medium
35.79,-5.908,327.3,2017-07-02,100,47.8,N,2017,7,summer,medium
35.7808,-5.9035,307.8,2017-07-02,42,14.1,N,2017,7,summer,low
34.4925,-5.3585,330.0,2017-07-02,68,15.2,D,2017,7,summer,low
33.1873,-8.5843,333.8,2017-07-02,69,19.6,D,2017,7,summer,low
35.7766,-5.8985,339.5,2017-07-02,84,108.9,D,2017,7,summer,high
34.148,-4.1779,318.2,2017-07-02,96,15.8,N,2017,7,summer,low
34.1465,-4.1891,328.5,2017-07-02,100,26.8,N,2017,7,summer,medium
35.7836,-5.9191,315.3,2017-07-02,88,12.7,N,2017,7,summer,low
35.7941,-5.9102,314.1,2017-07-02,84,11.3,N,2017,7,summer,low
35.7953,-5.9021,307.5,2017-07-03,54,14.5,N,2017,7,summer,low
34.9929,-5.9483,326.3,2017-07-03,64,70.5,D,2017,7,summer,medium
34.9939,-5.953,324.4,2017-07-03,42,53.8,D,2017,7,summer,medium
35.0444,-6.0417,332.9,2017-07-07,81,54.9,D,2017,7,summer,medium
35.041,-6.0372,329.5,2017-07-07,75,20.8,D,2017,7,summer,medium
34.9864,-2.6926,378.0,2017-07-09,100,168.7,D,2017,7,summer,high
34.7702,-2.6932,333.0,2017-07-09,58,12.6,D,2017,7,summer,low
34.996,-2.6951,338.8,2017-07-09,80,31.0,D,2017,7,summer,medium
34.9841,-2.7058,333.1,2017-07-09,64,19.4,D,2017,7,summer,low
30.7581,-9.3986,329.9,2017-07-11,69,10.5,D,2017,7,summer,low
33.9917,-4.2341,309.6,2017-07-13,78,24.5,N,2017,7,summer,medium
33.9958,-4.2421,315.0,2017-07-13,90,36.7,N,2017,7,summer,medium
34.0048,-4.2318,319.7,2017-07-13,99,50.9,N,2017,7,summer,medium
33.9864,-4.2413,342.4,2017-07-13,83,28.9,D,2017,7,summer,medium
33.9879,-4.252,336.6,2017-07-13,73,19.4,D,2017,7,summer,low
32.4626,-6.0477,304.4,2017-07-14,60,5.4,N,2017,7,summer,low
32.0463,-6.6348,313.1,2017-07-16,81,6.4,N,2017,7,summer,low
32.0478,-6.6241,315.1,2017-07-16,76,7.8,N,2017,7,summer,low
32.0492,-6.6136,425.0,2017-07-16,100,449.1,N,2017,7,summer,high
32.0416,-6.6016,314.4,2017-07-16,69,8.1,N,2017,7,summer,low
32.0597,-6.6043,356.3,2017-07-16,100,73.2,N,2017,7,summer,medium
32.0582,-6.6149,320.9,2017-07-16,100,12.4,N,2017,7,summer,low
32.0506,-6.6032,444.1,2017-07-16,100,656.4,N,2017,7,summer,high
32.0401,-6.6122,317.7,2017-07-16,92,10.9,N,2017,7,summer,low
32.054,-6.5939,308.4,2017-07-17,75,30.4,N,2017,7,summer,medium
33.8917,-4.1824,391.1,2017-07-21,100,190.5,D,2017,7,summer,high
33.8902,-4.1931,336.7,2017-07-21,78,19.2,D,2017,7,summer,low
33.9895,-4.7101,334.6,2017-07-22,77,19.1,D,2017,7,summer,low
34.8741,-6.1485,327.1,2017-07-25,58,16.3,D,2017,7,summer,low
33.0825,-4.7772,331.5,2017-07-27,63,16.7,D,2017,7,summer,low
34.1803,-5.3524,335.8,2017-07-28,71,12.7,D,2017,7,summer,low
34.1894,-5.3542,335.0,2017-07-28,64,10.8,D,2017,7,summer,low
32.2949,-5.4637,330.5,2017-07-30,70,117.6,D,2017,7,summer,high
32.2932,-5.4508,303.6,2017-07-31,56,54.7,N,2017,7,summer,medium
32.2974,-5.4464,304.1,2017-07-31,58,56.6,N,2017,7,summer,medium
32.2934,-5.4477,303.4,2017-08-01,55,5.9,N,2017,8,summer,low
33.9034,-4.6964,327.9,2017-08-02,66,25.1,D,2017,8,summer,medium
34.6184,-5.615,342.8,2017-08-02,87,55.2,D,2017,8,summer,medium
34.6166,-5.6335,345.7,2017-08-02,90,66.8,D,2017,8,summer,medium
34.6148,-5.62,341.7,2017-08-02,86,50.8,D,2017,8,summer,medium
34.6263,-5.6218,333.0,2017-08-02,76,22.6,D,2017,8,summer,medium
34.9781,-5.6062,328.4,2017-08-05,45,7.0,D,2017,8,summer,low
34.1878,-5.629,334.6,2017-08-05,68,10.1,D,2017,8,summer,low
33.7051,-3.7078,334.4,2017-08-05,63,15.6,D,2017,8,summer,low
33.7028,-3.7275,345.1,2017-08-05,87,154.9,D,2017,8,summer,high
33.7002,-3.7238,347.9,2017-08-05,90,178.4,D,2017,8,summer,high
33.7076,-3.7066,333.9,2017-08-05,62,65.4,D,2017,8,summer,medium
33.7057,-3.7225,307.9,2017-08-05,71,6.9,N,2017,8,summer,low
33.7152,-3.7211,301.9,2017-08-06,41,7.1,N,2017,8,summer,low
33.9998,-4.0492,317.8,2017-08-07,96,24.9,N,2017,8,summer,medium
34.0026,-4.0342,329.0,2017-08-07,100,46.1,N,2017,8,summer,medium
33.9966,-4.043,328.1,2017-08-07,100,43.5,N,2017,8,summer,medium
33.9993,-4.0281,317.6,2017-08-07,95,23.8,N,2017,8,summer,medium
34.0066,-4.0316,318.3,2017-08-08,97,16.0,N,2017,8,summer,low
33.9889,-4.0316,342.0,2017-08-08,83,29.7,D,2017,8,summer,medium
34.4481,-6.1485,335.6,2017-08-08,83,31.1,D,2017,8,summer,medium
33.9906,-4.0205,331.9,2017-08-08,57,11.6,D,2017,8,summer,low
34.0771,-4.5724,336.0,2017-08-08,72,12.7,D,2017,8,summer,low
33.998,-4.0339,335.1,2017-08-08,70,18.0,D,2017,8,summer,low
35.6916,-5.7062,313.9,2017-08-13,84,17.2,N,2017,8,summer,low
35.6941,-5.7202,313.9,2017-08-13,84,17.2,N,2017,8,summer,low
34.9791,-4.8542,330.4,2017-08-13,50,20.4,D,2017,8,summer,medium
33.9893,-5.5642,334.5,2017-08-19,74,17.7,D,2017,8,summer,low
35.4195,-6.0026,327.7,2017-08-22,67,7.8,D,2017,8,summer,low
34.792,-4.6099,338.9,2017-08-24,84,24.7,D,2017,8,summer,medium
34.7941,-4.5969,336.8,2017-08-24,70,21.8,D,2017,8,summer,medium
32.3613,-6.6505,327.1,2017-08-29,67,9.5,D,2017,8,summer,low
35.1167,-5.631,328.8,2017-09-01,82,63.8,D,2017,9,autumn,medium
35.1209,-5.6059,330.3,2017-09-01,83,70.8,D,2017,9,autumn,medium
35.1189,-5.6001,330.9,2017-09-01,83,73.7,D,2017,9,autumn,medium
35.119,-5.6353,323.5,2017-09-01,73,37.5,D,2017,9,autumn,medium
35.401,-5.7081,372.7,2017-09-02,100,234.8,D,2017,9,autumn,high
35.3986,-5.6977,364.0,2017-09-02,100,176.5,D,2017,9,autumn,high
35.4018,-5.7139,353.0,2017-09-02,96,117.1,D,2017,9,autumn,high
35.3976,-5.6914,341.4,2017-09-02,90,73.2,D,2017,9,autumn,medium
35.3897,-5.7327,345.7,2017-09-02,93,66.5,D,2017,9,autumn,medium
35.3877,-5.7086,366.6,2017-09-02,100,149.6,D,2017,9,autumn,high
35.3848,-5.7247,383.6,2017-09-02,100,254.2,D,2017,9,autumn,high
35.3822,-5.7144,335.5,2017-09-02,87,38.1,D,2017,9,autumn,medium
35.3793,-5.7299,324.7,2017-09-02,50,12.8,D,2017,9,autumn,low
35.3958,-5.7001,334.5,2017-09-02,86,40.1,D,2017,9,autumn,medium
35.3927,-5.7167,387.3,2017-09-02,100,288.0,D,2017,9,autumn,high
35.364,-5.4589,337.7,2017-09-04,86,34.0,D,2017,9,autumn,medium
35.7444,-5.6858,322.0,2017-09-07,72,7.0,D,2017,9,autumn,low
35.7428,-5.6968,324.3,2017-09-07,77,9.3,D,2017,9,autumn,low
35.3566,-5.4522,331.4,2017-09-10,82,50.5,D,2017,9,autumn,medium
35.3516,-5.4455,328.4,2017-09-10,79,41.6,D,2017,9,autumn,medium
35.3535,-5.467,322.1,2017-09-10,60,26.9,D,2017,9,autumn,medium
33.1053,-7.5895,335.6,2017-09-12,74,16.9,D,2017,9,autumn,low
33.8411,-5.3247,327.3,2017-09-13,63,9.0,D,2017,9,autumn,low
35.1808,-3.8819,322.7,2017-09-15,51,6.5,D,2017,9,autumn,low
34.4779,-5.7729,323.4,2017-09-15,61,7.8,D,2017,9,autumn,low
33.3947,-5.3972,325.6,2017-09-16,67,8.9,D,2017,9,autumn,low
33.3929,-5.4085,337.3,2017-09-16,84,26.0,D,2017,9,autumn,medium
35.0819,-4.7749,326.8,2017-09-16,74,16.5,D,2017,9,autumn,low
31.8215,-6.7164,326.3,2017-09-18,65,23.8,D,2017,9,autumn,medium
31.8248,-6.7336,326.1,2017-09-18,64,22.4,D,2017,9,autumn,medium
33.3973,-5.4036,328.2,2017-09-18,72,16.3,D,2017,9,autumn,low
35.8222,-5.4858,313.0,2017-09-18,57,10.4,D,2017,9,autumn,low
35.123,-5.0574,321.9,2017-09-18,67,19.7,D,2017,9,autumn,low
35.8181,-5.49,312.6,2017-09-18,54,10.0,D,2017,9,autumn,low
35.1181,-5.0591,351.0,2017-09-18,100,92.4,N,2017,9,autumn,medium
35.1197,-5.0449,327.8,2017-09-18,100,39.2,N,2017,9,autumn,medium
35.1095,-5.0553,326.0,2017-09-19,72,47.6,D,2017,9,autumn,medium
35.1072,-5.0399,322.3,2017-09-19,58,35.0,D,2017,9,autumn,medium
35.1203,-5.0317,320.1,2017-09-19,52,29.1,D,2017,9,autumn,medium
35.1198,-5.0386,325.6,2017-09-19,45,42.8,D,2017,9,autumn,medium
35.1134,-5.0453,336.3,2017-09-19,85,75.0,D,2017,9,autumn,medium
35.1191,-5.0309,312.5,2017-09-20,85,21.2,N,2017,9,autumn,medium
32.9344,-7.7821,326.3,2017-09-22,64,12.0,D,2017,9,autumn,low
34.6886,-4.572,306.8,2017-09-22,69,8.3,N,2017,9,autumn,low
34.6867,-4.5837,301.2,2017-09-22,38,4.5,N,2017,9,autumn,low
32.3415,-5.939,430.4,2017-09-23,100,494.9,D,2017,9,autumn,high
32.3522,-5.9298,350.4,2017-09-23,94,51.5,D,2017,9,autumn,medium
32.3506,-5.9404,347.6,2017-09-23,92,46.1,D,2017,9,autumn,medium
32.3432,-5.9283,414.1,2017-09-23,100,347.2,D,2017,9,autumn,high
33.9611,-4.5716,337.2,2017-09-23,82,20.0,D,2017,9,autumn,medium
35.3128,-5.6699,324.1,2017-10-02,73,12.2,D,2017,10,autumn,low
35.3146,-5.6586,325.0,2017-10-02,74,12.9,D,2017,10,autumn,low
33.835,-5.1873,323.8,2017-10-03,71,16.3,D,2017,10,autumn,low
34.5264,-6.2111,317.1,2017-10-03,44,12.9,D,2017,10,autumn,low
30.1193,-9.5952,320.4,2017-10-04,46,9.8,D,2017,10,autumn,low
35.5833,-5.8506,311.7,2017-10-04,45,7.5,D,2017,10,autumn,low
35.5771,-5.854,311.5,2017-10-04,41,6.9,D,2017,10,autumn,low
35.2918,-5.3699,318.8,2017-10-05,51,12.0,D,2017,10,autumn,low
33.743,-6.8622,324.0,2017-10-06,64,7.7,D,2017,10,autumn,low
34.0627,-4.5901,332.9,2017-10-07,77,17.7,D,2017,10,autumn,low
34.5273,-4.9664,333.4,2017-10-07,79,23.1,D,2017,10,autumn,medium
35.7569,-5.542,311.5,2017-10-08,36,5.0,D,2017,10,autumn,low
33.6812,-7.1671,329.0,2017-10-10,73,23.0,D,2017,10,autumn,medium
34.7974,-5.0046,324.7,2017-10-12,69,25.5,D,2017,10,autumn,medium
35.2105,-5.5584,309.6,2017-10-14,67,73.2,N,2017,10,autumn,medium
35.2161,-5.5411,310.6,2017-10-15,80,22.9,N,2017,10,autumn,medium
35.2316,-5.5429,323.3,2017-10-15,48,12.5,D,2017,10,autumn,low
34.9918,-5.1443,316.8,2017-10-15,36,7.0,D,2017,10,autumn,low
34.7973,-5.3779,327.7,2017-10-15,76,15.8,D,2017,10,autumn,low
35.2029,-5.5378,323.4,2017-10-15,54,9.5,D,2017,10,autumn,low
35.2101,-5.5249,324.3,2017-10-15,46,12.3,D,2017,10,autumn,low
35.2119,-5.5359,398.7,2017-10-15,100,245.2,D,2017,10,autumn,high
35.2136,-5.5468,353.3,2017-10-15,96,59.8,D,2017,10,autumn,medium
35.2209,-5.5339,347.8,2017-10-15,94,48.6,D,2017,10,autumn,medium
35.2226,-5.545,400.3,2017-10-15,100,254.7,D,2017,10,autumn,high
35.2244,-5.5559,368.4,2017-10-15,100,104.2,D,2017,10,autumn,high
35.2334,-5.5539,320.1,2017-10-15,58,9.1,D,2017,10,autumn,low
35.2152,-5.5553,349.9,2017-10-15,95,226.7,D,2017,10,autumn,high
35.211,-5.5494,356.1,2017-10-15,98,285.8,D,2017,10,autumn,high
35.2248,-5.5534,329.3,2017-10-15,70,84.2,D,2017,10,autumn,medium
35.2014,-5.5514,332.8,2017-10-15,84,100.2,D,2017,10,autumn,high
35.2245,-5.5513,302.4,2017-10-15,49,4.7,N,2017,10,autumn,low
35.2263,-5.5398,308.0,2017-10-15,73,8.4,N,2017,10,autumn,low
35.1718,-5.1996,340.3,2017-10-17,100,71.0,N,2017,10,autumn,medium
35.1695,-5.212,326.4,2017-10-17,100,41.4,N,2017,10,autumn,medium
32.3837,-6.9677,324.0,2017-10-22,73,10.1,D,2017,10,autumn,low
33.2454,-6.5157,315.5,2017-10-22,52,5.8,D,2017,10,autumn,low
34.2487,-4.051,315.2,2017-10-23,41,9.2,D,2017,10,autumn,low
35.691,-5.7136,323.7,2017-10-24,77,15.7,D,2017,10,autumn,low
34.7759,-5.5104,316.2,2017-10-24,62,7.0,D,2017,10,autumn,low
34.0574,-5.645,320.1,2017-10-24,53,4.3,D,2017,10,autumn,low
33.8084,-6.6676,321.2,2017-10-25,61,7.7,D,2017,10,autumn,low
34.5736,-5.2063,316.1,2017-10-26,47,5.7,D,2017,10,autumn,low
34.1974,-6.6329,315.6,2017-10-31,62,9.5,D,2017,10,autumn,low
30.1801,-9.318,318.4,2017-10-31,59,6.6,D,2017,10,autumn,low
33.8577,-5.7807,320.6,2017-11-01,66,8.1,D,2017,11,autumn,low
33.8592,-5.7699,344.8,2017-11-01,92,42.9,D,2017,11,autumn,medium
33.956,-4.9695,326.8,2017-11-01,77,15.5,D,2017,11,autumn,low
29.9014,-9.1082,321.7,2017-11-02,67,20.9,D,2017,11,autumn,medium
34.2438,-5.9306,336.2,2017-11-08,87,35.0,D,2017,11,autumn,medium
31.5363,-8.1107,317.3,2017-11-10,69,12.2,D,2017,11,autumn,low
35.1151,-6.0479,306.9,2017-11-10,59,5.2,D,2017,11,autumn,low
33.4088,-6.7463,311.7,2017-11-10,53,5.5,D,2017,11,autumn,low
35.3674,-5.6457,303.0,2017-11-10,39,3.3,D,2017,11,autumn,low
34.5159,-4.9957,308.5,2017-11-13,32,11.9,D,2017,11,autumn,low
34.5126,-4.9746,312.5,2017-11-13,66,24.9,D,2017,11,autumn,medium
34.518,-4.9702,309.3,2017-11-13,36,16.2,D,2017,11,autumn,low
30.3444,-9.2145,317.3,2017-11-20,63,11.5,D,2017,11,autumn,low
34.8416,-5.2262,307.9,2017-11-21,42,8.4,D,2017,11,autumn,low
34.8348,-5.218,306.1,2017-11-21,36,6.7,D,2017,11,autumn,low
33.7776,-5.3524,308.3,2017-11-22,44,7.0,D,2017,11,autumn,low
35.2252,-6.0373,316.0,2017-11-23,74,12.5,D,2017,11,autumn,low
35.2232,-6.0254,317.5,2017-11-23,76,13.9,D,2017,11,autumn,low
35.112,-5.4428,316.8,2017-11-24,70,13.7,D,2017,11,autumn,low
35.1156,-5.4376,313.8,2017-11-24,64,12.3,D,2017,11,autumn,low
33.6005,-7.0648,301.2,2017-12-03,44,3.6,D,2017,12,winter,low
35.8687,-5.462,315.4,2017-12-06,55,25.6,D,2017,12,winter,medium
33.197,-6.0102,306.5,2017-12-07,64,11.7,D,2017,12,winter,low
34.889,-2.4753,304.7,2017-12-14,60,5.2,D,2017,12,winter,low
30.6193,-9.0048,306.5,2017-12-16,60,5.0,D,2017,12,winter,low
30.3417,-9.0914,306.3,2017-12-25,62,5.2,D,2017,12,winter,low
32.361,-6.4431,307.9,2017-12-30,64,9.0,D,2017,12,winter,low
30.1818,-9.6147,313.7,2018-01-02,56,5.8,D,2018,1,winter,low
31.3645,-9.2208,311.0,2018-01-02,56,5.5,D,2018,1,winter,low
35.0513,-3.9969,305.9,2018-01-03,62,5.2,D,2018,1,winter,low
31.4736,-4.1956,329.1,2018-01-11,83,30.6,D,2018,1,winter,medium
34.8176,-3.4001,322.3,2018-01-16,82,32.7,D,2018,1,winter,medium
32.6415,-3.6905,303.0,2018-01-20,34,5.6,D,2018,1,winter,low
32.0962,-2.9027,307.8,2018-01-26,64,15.1,D,2018,1,winter,low
32.0926,-2.8843,310.5,2018-01-26,68,19.8,D,2018,1,winter,low
30.642,-8.446,307.4,2018-01-28,54,7.2,D,2018,1,winter,low
30.6088,-8.5418,300.8,2018-01-29,34,9.3,N,2018,1,winter,low
35.3747,-5.9679,306.9,2018-02-11,64,9.1,D,2018,2,winter,low
35.1087,-5.74,303.8,2018-02-16,57,7.1,D,2018,2,winter,low
31.5312,-9.6671,314.5,2018-02-19,50,7.4,D,2018,2,winter,low
31.5223,-9.6653,324.8,2018-02-19,79,17.4,D,2018,2,winter,low
35.0843,-5.5677,306.8,2018-02-23,60,7.1,D,2018,2,winter,low
35.0826,-5.5786,309.8,2018-02-23,66,9.5,D,2018,2,winter,low
35.2157,-2.9791,309.7,2018-03-02,54,6.5,D,2018,3,spring,low
30.8768,-6.9081,320.0,2018-03-25,56,5.5,D,2018,3,spring,low
32.696,-7.9078,325.2,2018-04-02,81,19.8,D,2018,4,spring,low
31.4854,-8.2295,307.7,2018-04-07,62,34.3,D,2018,4,spring,medium
35.1942,-5.4838,313.8,2018-04-18,63,7.1,D,2018,4,spring,low
34.739,-2.0925,302.7,2018-04-27,51,7.3,N,2018,4,spring,low
32.2981,-6.4207,315.6,2018-05-02,45,11.4,D,2018,5,spring,low
35.0799,-6.1179,313.1,2018-05-06,47,29.3,D,2018,5,spring,medium
33.9134,-5.3328,312.2,2018-05-13,41,6.3,D,2018,5,spring,low
34.2948,-6.3913,324.1,2018-05-14,54,9.0,D,2018,5,spring,low
31.4915,-8.271,322.6,2018-05-15,48,18.6,D,2018,5,spring,low
35.3241,-5.4489,319.6,2018-05-16,73,28.0,D,2018,5,spring,medium
35.3212,-5.444,315.5,2018-05-16,61,17.7,D,2018,5,spring,low
34.9772,-5.9258,304.6,2018-05-18,61,7.1,N,2018,5,spring,low
34.8002,-6.0535,345.1,2018-05-21,93,44.0,D,2018,5,spring,medium
34.7304,-6.15,318.6,2018-05-22,64,11.2,D,2018,5,spring,low
23.6028,-15.7829,314.8,2018-05-26,90,15.6,N,2018,5,spring,low
23.6492,-15.7566,301.9,2018-05-26,45,6.1,N,2018,5,spring,low
23.6402,-15.755,311.2,2018-05-26,82,12.1,N,2018,5,spring,low
23.6388,-15.7648,305.8,2018-05-26,66,8.4,N,2018,5,spring,low
34.477,-6.4413,311.7,2018-05-27,37,3.8,D,2018,5,spring,low
34.6045,-6.249,336.8,2018-05-27,88,32.8,D,2018,5,spring,medium
34.6028,-6.238,336.3,2018-05-27,83,32.3,D,2018,5,spring,medium
34.6902,-6.0282,315.2,2018-06-03,49,6.0,D,2018,6,summer,low
34.5557,-6.0989,318.3,2018-06-03,44,8.2,D,2018,6,summer,low
33.6406,-7.3702,318.1,2018-06-07,48,8.9,D,2018,6,summer,low
33.6389,-7.355,323.2,2018-06-07,68,17.0,D,2018,6,summer,low
23.7546,-15.6556,302.4,2018-06-09,49,8.8,N,2018,6,summer,low
35.0202,-5.8974,331.8,2018-06-14,80,21.8,D,2018,6,summer,medium
33.1133,-7.9517,337.2,2018-06-15,82,37.8,D,2018,6,summer,medium
33.103,-7.949,331.0,2018-06-15,73,23.9,D,2018,6,summer,medium
34.7742,-6.0691,320.5,2018-06-16,53,14.1,D,2018,6,summer,low
31.5352,-8.2548,354.2,2018-06-20,96,53.1,D,2018,6,summer,medium
34.8908,-6.2065,322.7,2018-06-22,52,8.8,D,2018,6,summer,low
34.4898,-5.5499,325.1,2018-06-23,68,13.0,D,2018,6,summer,low
33.1063,-7.1972,335.3,2018-06-29,73,12.8,D,2018,6,summer,low
35.7228,-5.8929,333.3,2018-07-02,85,37.7,D,2018,7,summer,medium
29.9039,-9.1368,332.2,2018-07-03,75,96.9,D,2018,7,summer,medium
29.9028,-9.1442,331.9,2018-07-03,75,95.2,D,2018,7,summer,medium
34.3664,-6.0104,322.5,2018-07-04,52,14.3,D,2018,7,summer,low
34.7481,-6.0723,320.9,2018-07-05,52,22.6,D,2018,7,summer,medium
34.7427,-6.0975,323.3,2018-07-05,63,32.5,D,2018,7,summer,medium
34.6218,-6.1695,310.4,2018-07-05,80,10.4,N,2018,7,summer,low
34.6234,-6.1587,308.3,2018-07-05,74,8.9,N,2018,7,summer,low
35.0517,-5.9767,323.1,2018-07-07,62,7.0,D,2018,7,summer,low
35.0994,-5.9891,326.6,2018-07-07,71,11.2,D,2018,7,summer,low
34.4262,-5.9724,328.4,2018-07-09,63,12.0,D,2018,7,summer,low
34.5462,-6.1453,330.1,2018-07-10,71,21.3,D,2018,7,summer,medium
34.5486,-6.1316,331.3,2018-07-10,73,23.7,D,2018,7,summer,medium
34.7099,-6.0544,323.1,2018-07-11,54,23.1,D,2018,7,summer,medium
34.7153,-6.0477,323.5,2018-07-11,58,25.1,D,2018,7,summer,medium
33.7462,-6.0506,327.4,2018-07-15,55,8.6,D,2018,7,summer,low
34.4989,-5.9433,343.0,2018-07-21,89,42.5,D,2018,7,summer,medium
34.501,-5.9556,332.9,2018-07-21,80,21.7,D,2018,7,summer,medium
35.1371,-6.0155,322.4,2018-07-21,64,10.1,D,2018,7,summer,low
34.496,-5.9499,336.6,2018-07-21,84,28.8,D,2018,7,summer,medium
35.8851,-5.3814,341.0,2018-07-21,90,101.8,D,2018,7,summer,high
35.1486,-5.9717,332.7,2018-07-22,77,20.0,D,2018,7,summer,medium
34.2491,-5.9117,328.3,2018-07-22,47,9.2,D,2018,7,summer,low
35.1471,-5.9841,331.3,2018-07-22,75,18.2,D,2018,7,summer,low
34.39,-5.9589,326.4,2018-07-23,59,8.5,D,2018,7,summer,low
35.0491,-5.9894,321.9,2018-07-23,39,5.7,D,2018,7,summer,low
34.7991,-6.0746,338.3,2018-07-25,84,32.1,D,2018,7,summer,medium
35.0908,-5.9653,351.0,2018-07-25,94,65.1,D,2018,7,summer,medium
35.0924,-5.9787,360.5,2018-07-25,100,97.1,D,2018,7,summer,medium
34.8007,-6.0881,334.5,2018-07-25,79,24.3,D,2018,7,summer,medium
31.5028,-8.2289,326.3,2018-07-25,32,14.2,D,2018,7,summer,low
35.0945,-5.9869,321.4,2018-07-25,53,41.0,D,2018,7,summer,medium
35.0912,-5.9945,319.4,2018-07-25,38,33.6,D,2018,7,summer,medium
33.8764,-4.9598,322.9,2018-07-26,30,24.7,D,2018,7,summer,medium
35.0583,-3.6818,303.6,2018-07-26,39,10.8,N,2018,7,summer,low
35.0631,-3.688,307.7,2018-07-26,72,18.6,N,2018,7,summer,low
32.5792,-6.8419,330.3,2018-07-28,71,12.3,D,2018,7,summer,low
34.7141,-6.1102,306.2,2018-07-28,67,7.0,N,2018,7,summer,low
35.4771,-5.2222,328.9,2018-07-29,82,20.1,D,2018,7,summer,medium
32.3158,-6.4968,325.8,2018-07-30,51,9.5,D,2018,7,summer,low
34.6153,-6.1188,334.2,2018-07-30,79,22.0,D,2018,7,summer,medium
34.4371,-6.4594,323.2,2018-07-30,36,8.1,D,2018,7,summer,low
35.1244,-5.0213,302.2,2018-07-30,47,4.7,N,2018,7,summer,low
35.1139,-5.03,348.4,2018-07-30,100,59.6,N,2018,7,summer,medium
35.1155,-5.0192,370.0,2018-07-30,100,117.9,N,2018,7,summer,high
35.1228,-5.0321,302.6,2018-07-30,50,5.0,N,2018,7,summer,low
35.123,-5.0302,321.1,2018-07-31,100,35.6,N,2018,7,summer,medium
35.1197,-5.013,316.9,2018-07-31,94,28.5,N,2018,7,summer,medium
35.0999,-5.0006,322.6,2018-07-31,75,125.6,D,2018,7,summer,high
35.114,-5.0639,313.2,2018-07-31,34,51.7,D,2018,7,summer,medium
35.0998,-5.0083,323.9,2018-07-31,77,137.9,D,2018,7,summer,high
35.1148,-5.0575,317.9,2018-07-31,69,86.9,D,2018,7,summer,medium
35.1153,-5.0295,327.3,2018-07-31,65,13.2,D,2018,7,summer,low
35.106,-5.0274,336.5,2018-07-31,81,24.8,D,2018,7,summer,medium
35.1138,-5.0415,327.0,2018-07-31,64,12.6,D,2018,7,summer,low
35.7775,-5.8789,327.7,2018-08-01,81,16.6,D,2018,8,summer,low
35.7759,-5.8672,320.3,2018-08-01,56,7.3,D,2018,8,summer,low
35.1119,-5.0401,326.0,2018-08-01,45,15.7,D,2018,8,summer,low
33.9395,-6.1553,336.4,2018-08-02,58,31.5,D,2018,8,summer,medium
29.9048,-9.1195,328.6,2018-08-03,61,47.6,D,2018,8,summer,medium
29.907,-9.1419,344.3,2018-08-03,89,117.1,D,2018,8,summer,high
35.1436,-5.9825,327.8,2018-08-04,69,24.2,D,2018,8,summer,medium
35.7419,-5.7112,316.3,2018-08-04,90,15.7,N,2018,8,summer,low
33.6879,-5.6291,335.1,2018-08-05,71,26.3,D,2018,8,summer,medium
33.6782,-5.6097,345.5,2018-08-05,88,65.5,D,2018,8,summer,medium
33.6897,-5.6111,346.6,2018-08-05,89,69.6,D,2018,8,summer,medium
34.5214,-5.9734,364.4,2018-08-06,100,96.9,D,2018,8,summer,medium
34.2391,-5.8938,337.0,2018-08-06,73,19.9,D,2018,8,summer,low
34.5193,-5.9611,353.0,2018-08-06,95,60.5,D,2018,8,summer,medium
33.8152,-7.1222,306.6,2018-08-06,62,6.2,N,2018,8,summer,low
35.678,-5.7027,336.8,2018-08-07,88,15.5,D,2018,8,summer,low
35.6878,-5.7046,337.8,2018-08-07,88,18.4,D,2018,8,summer,low
34.6688,-5.2063,307.1,2018-08-08,70,7.7,N,2018,8,summer,low
34.6707,-5.1949,306.8,2018-08-08,69,7.4,N,2018,8,summer,low
34.6745,-5.2016,304.2,2018-08-08,59,5.7,N,2018,8,summer,low
35.5262,-5.3278,349.7,2018-08-09,94,48.5,D,2018,8,summer,medium
35.6199,-5.3202,344.3,2018-08-09,92,35.8,D,2018,8,summer,medium
35.6112,-5.3117,327.7,2018-08-09,70,8.3,D,2018,8,summer,low
35.5336,-5.3406,322.2,2018-08-09,34,6.7,D,2018,8,summer,low
35.5247,-5.3388,357.4,2018-08-09,98,66.9,D,2018,8,summer,medium
35.7414,-5.7545,310.8,2018-08-11,72,8.5,N,2018,8,summer,low
34.5672,-6.0024,322.5,2018-08-11,45,16.2,D,2018,8,summer,low
34.9601,-4.6585,328.6,2018-08-11,61,18.6,D,2018,8,summer,low
33.8675,-4.695,337.7,2018-08-13,81,36.4,D,2018,8,summer,medium
35.6548,-5.9354,323.0,2018-08-14,53,10.7,D,2018,8,summer,low
33.9045,-4.687,335.0,2018-08-15,70,22.0,D,2018,8,summer,medium
34.1846,-4.7414,309.5,2018-08-18,78,15.2,N,2018,8,summer,low
31.7696,-7.4047,329.7,2018-08-24,67,8.8,D,2018,8,summer,low
33.511,-6.5607,334.0,2018-08-24,75,11.5,D,2018,8,summer,low
34.035,-5.6632,329.9,2018-08-24,65,8.3,D,2018,8,summer,low
34.0366,-5.6739,335.0,2018-08-24,76,15.2,D,2018,8,summer,low
35.2154,-4.8903,335.2,2018-08-25,80,17.1,D,2018,8,summer,low
33.9026,-4.6997,332.7,2018-08-26,73,11.6,D,2018,8,summer,low
34.0383,-5.6763,332.1,2018-08-26,71,14.5,D,2018,8,summer,low
34.041,-5.67,332.8,2018-08-26,72,14.2,D,2018,8,summer,low
33.7939,-5.3004,332.1,2018-08-31,77,16.9,D,2018,8,summer,low
31.4249,-9.0021,326.2,2018-09-03,62,16.0,D,2018,9,autumn,low
33.445,-7.77,325.9,2018-09-05,68,13.6,D,2018,9,autumn,low
33.4494,-7.7746,327.1,2018-09-05,69,15.9,D,2018,9,autumn,low
35.1354,-6.1608,318.7,2018-09-07,41,7.4,D,2018,9,autumn,low
33.7365,-6.824,323.5,2018-09-07,67,9.4,D,2018,9,autumn,low
33.7502,-6.8065,328.7,2018-09-08,77,16.8,D,2018,9,autumn,low
33.759,-6.8033,338.2,2018-09-08,76,30.4,D,2018,9,autumn,medium
34.6398,-6.1092,323.9,2018-09-09,72,9.6,D,2018,9,autumn,low
33.4826,-6.5899,324.0,2018-09-09,71,8.2,D,2018,9,autumn,low
33.769,-6.7912,353.9,2018-09-09,97,59.9,D,2018,9,autumn,medium
34.1194,-5.0925,317.4,2018-09-09,61,5.5,D,2018,9,autumn,low
33.5936,-6.2701,320.7,2018-09-09,66,6.2,D,2018,9,autumn,low
33.4349,-7.4757,320.2,2018-09-10,69,34.5,D,2018,9,autumn,medium
33.4321,-7.4816,319.1,2018-09-10,66,30.8,D,2018,9,autumn,medium
33.4253,-7.4841,328.4,2018-09-10,70,16.1,D,2018,9,autumn,low
33.6205,-6.2968,332.2,2018-09-10,79,13.7,D,2018,9,autumn,low
33.6221,-6.286,330.3,2018-09-10,77,11.7,D,2018,9,autumn,low
34.5452,-6.2266,323.8,2018-09-10,46,8.7,D,2018,9,autumn,low
33.9717,-5.5888,319.6,2018-09-16,61,29.1,D,2018,9,autumn,medium
33.5078,-7.2009,327.5,2018-09-17,69,9.7,D,2018,9,autumn,low
34.3356,-5.7638,343.0,2018-09-17,88,31.0,D,2018,9,autumn,medium
34.3341,-5.7748,330.4,2018-09-17,74,11.7,D,2018,9,autumn,low
34.0785,-5.6282,332.5,2018-09-17,77,14.7,D,2018,9,autumn,low
33.6745,-5.7612,323.7,2018-09-17,64,8.7,D,2018,9,autumn,low
33.9825,-5.7399,324.9,2018-09-18,72,8.5,D,2018,9,autumn,low
33.9581,-5.643,330.1,2018-09-19,71,10.6,D,2018,9,autumn,low
34.5928,-6.2407,332.2,2018-09-19,77,21.5,D,2018,9,autumn,medium
34.5909,-6.2525,347.6,2018-09-19,92,50.7,D,2018,9,autumn,medium
33.7054,-6.861,323.0,2018-09-21,67,11.9,D,2018,9,autumn,low
34.1911,-5.3585,323.2,2018-09-21,67,18.6,D,2018,9,autumn,low
33.5726,-5.6444,325.6,2018-09-22,74,31.0,D,2018,9,autumn,medium
33.7502,-5.7556,324.7,2018-09-22,72,25.2,D,2018,9,autumn,medium
35.8085,-5.7167,319.1,2018-09-22,68,18.2,D,2018,9,autumn,low
33.9186,-5.3261,326.7,2018-09-22,65,18.7,D,2018,9,autumn,low
32.6498,-6.1593,331.0,2018-09-23,53,17.9,D,2018,9,autumn,low
33.9596,-5.3207,327.0,2018-09-23,52,11.3,D,2018,9,autumn,low
34.765,-5.9885,328.8,2018-09-23,72,12.3,D,2018,9,autumn,low
32.6892,-8.3969,327.7,2018-09-23,49,9.3,D,2018,9,autumn,low
32.6477,-6.1468,332.9,2018-09-23,81,20.9,D,2018,9,autumn,medium
32.6399,-6.164,329.3,2018-09-23,71,38.9,D,2018,9,autumn,medium
34.8568,-5.8723,309.3,2018-09-23,77,6.5,N,2018,9,autumn,low
34.224,-4.7141,343.4,2018-09-25,89,31.5,D,2018,9,autumn,medium
34.8678,-5.8582,330.8,2018-09-25,76,13.8,D,2018,9,autumn,low
33.9115,-5.3268,327.1,2018-09-25,69,8.1,D,2018,9,autumn,low
34.4964,-5.9054,337.8,2018-09-25,83,27.4,D,2018,9,autumn,medium
33.7611,-5.3717,326.6,2018-09-25,71,9.2,D,2018,9,autumn,low
33.7239,-5.3687,325.0,2018-09-25,64,7.5,D,2018,9,autumn,low
33.6154,-6.3201,332.1,2018-09-25,78,13.8,D,2018,9,autumn,low
33.3742,-7.4928,335.3,2018-09-25,78,17.9,D,2018,9,autumn,low
33.7544,-6.5829,328.3,2018-09-25,64,10.5,D,2018,9,autumn,low
35.7345,-5.7537,322.8,2018-09-25,100,23.8,N,2018,9,autumn,medium
35.7367,-5.741,314.0,2018-09-25,84,13.8,N,2018,9,autumn,low
34.1297,-5.2086,327.9,2018-09-27,75,13.9,D,2018,9,autumn,low
35.3389,-5.937,337.9,2018-09-27,89,38.7,D,2018,9,autumn,medium
35.3373,-5.9235,323.3,2018-09-27,76,12.9,D,2018,9,autumn,low
35.7452,-5.8891,316.1,2018-09-27,62,45.3,D,2018,9,autumn,medium
35.7515,-5.8849,318.9,2018-09-27,66,59.7,D,2018,9,autumn,medium
34.2032,-5.4121,327.5,2018-09-29,74,29.9,D,2018,9,autumn,medium
34.3671,-5.9181,322.8,2018-09-29,61,17.8,D,2018,9,autumn,low
34.3466,-5.2341,323.3,2018-09-30,61,12.7,D,2018,9,autumn,low
33.5711,-5.6497,316.1,2018-09-30,51,18.8,D,2018,9,autumn,low
34.8034,-6.138,322.8,2018-10-01,76,11.2,D,2018,10,autumn,low
35.5314,-5.5052,334.5,2018-10-02,85,28.3,D,2018,10,autumn,medium
33.4822,-6.5406,320.2,2018-10-02,54,7.4,D,2018,10,autumn,low
33.7999,-5.4597,332.0,2018-10-02,83,24.5,D,2018,10,autumn,medium
33.7981,-5.4483,320.5,2018-10-02,69,9.9,D,2018,10,autumn,low
33.6931,-5.7382,330.9,2018-10-03,77,16.4,D,2018,10,autumn,low
33.725,-6.3146,333.6,2018-10-03,79,16.2,D,2018,10,autumn,low
34.8641,-5.9257,330.8,2018-10-03,79,13.2,D,2018,10,autumn,low
34.7769,-6.0189,322.9,2018-10-04,67,7.5,D,2018,10,autumn,low
33.7277,-6.8446,334.8,2018-10-04,83,22.6,D,2018,10,autumn,medium
33.7372,-6.8429,329.5,2018-10-04,77,15.1,D,2018,10,autumn,low
35.074,-6.0396,318.7,2018-10-04,51,5.9,D,2018,10,autumn,low
34.2151,-4.8015,319.9,2018-10-04,45,6.0,D,2018,10,autumn,low
34.1129,-4.7952,321.0,2018-10-04,55,6.5,D,2018,10,autumn,low
34.0935,-4.788,325.7,2018-10-04,74,11.8,D,2018,10,autumn,low
34.0846,-4.7898,328.7,2018-10-04,78,15.4,D,2018,10,autumn,low
35.0794,-5.066,312.5,2018-10-04,44,50.6,D,2018,10,autumn,medium
35.1996,-2.9999,302.2,2018-10-07,38,8.1,N,2018,10,autumn,low
35.1997,-3.0126,300.7,2018-10-07,30,7.1,N,2018,10,autumn,low
33.4168,-5.3355,318.9,2018-10-10,69,10.7,D,2018,10,autumn,low
32.6271,-6.2853,319.9,2018-10-10,66,5.6,D,2018,10,autumn,low
33.4183,-5.3231,315.6,2018-10-10,52,7.0,D,2018,10,autumn,low
33.2466,-5.9719,321.0,2018-10-10,73,11.3,D,2018,10,autumn,low
33.7745,-6.5755,306.6,2018-10-11,48,7.1,D,2018,10,autumn,low
33.6336,-7.3223,325.8,2018-10-12,76,16.4,D,2018,10,autumn,low
34.2977,-4.6626,320.0,2018-10-12,58,7.0,D,2018,10,autumn,low
33.7016,-5.5544,315.2,2018-10-12,54,5.7,D,2018,10,autumn,low
33.5402,-7.0319,321.8,2018-10-13,67,10.8,D,2018,10,autumn,low
30.6122,-8.4378,315.0,2018-10-20,56,8.9,D,2018,10,autumn,low
33.7437,-7.1855,316.7,2018-10-21,69,11.9,D,2018,10,autumn,low
33.7415,-7.1986,313.0,2018-10-21,61,7.7,D,2018,10,autumn,low
33.7412,-6.6696,321.5,2018-10-24,75,21.8,D,2018,10,autumn,medium
33.7428,-6.6542,314.1,2018-10-24,62,10.1,D,2018,10,autumn,low
30.599,-8.4409,302.2,2018-10-29,39,5.9,D,2018,10,autumn,low
32.5583,-6.6411,304.9,2018-11-05,60,6.1,D,2018,11,autumn,low
31.701,-7.8223,305.5,2018-11-06,34,3.6,D,2018,11,autumn,low
34.3954,-5.6111,302.1,2018-11-14,44,3.9,D,2018,11,autumn,low
33.9214,-5.3268,302.7,2018-11-14,53,4.3,D,2018,11,autumn,low
34.0749,-2.0502,300.9,2018-11-28,43,6.1,D,2018,11,autumn,low
34.5456,-3.054,306.1,2018-12-03,38,4.7,D,2018,12,winter,low
30.6945,-8.4171,306.2,2018-12-12,49,4.7,D,2018,12,winter,low
33.3076,-7.5765,307.2,2018-12-18,62,9.0,D,2018,12,winter,low
32.4416,-7.4232,304.8,2018-12-22,45,29.7,D,2018,12,winter,medium
33.4843,-7.7298,339.7,2018-12-29,92,42.1,D,2018,12,winter,medium
33.4858,-7.7192,317.1,2018-12-29,77,14.0,D,2018,12,winter,low
31.8395,-7.066,326.8,2018-12-30,80,24.3,D,2018,12,winter,medium
31.838,-7.0553,326.2,2018-12-30,84,23.5,D,2018,12,winter,medium
31.4433,-9.0015,311.5,2019-01-03,65,9.2,D,2019,1,winter,low
34.5119,-5.9567,304.8,2019-01-09,60,6.7,D,2019,1,winter,low
31.8399,-7.0581,301.5,2019-01-11,46,5.6,D,2019,1,winter,low
31.843,-7.0743,301.1,2019-01-11,43,5.4,D,2019,1,winter,low
34.3279,-6.3465,301.5,2019-01-13,42,3.8,D,2019,1,winter,low
30.0525,-9.5441,306.2,2019-01-29,43,3.5,D,2019,1,winter,low
32.4533,-6.0795,304.0,2019-02-07,49,6.1,D,2019,2,winter,low
34.5926,-2.3467,304.5,2019-02-11,52,4.2,D,2019,2,winter,low
30.0328,-9.5195,314.5,2019-02-14,58,4.8,D,2019,2,winter,low
35.8564,-5.5222,318.4,2019-02-24,66,17.0,D,2019,2,winter,low
35.8578,-5.5107,310.5,2019-02-24,39,10.0,D,2019,2,winter,low
34.4015,-5.4765,310.8,2019-02-26,60,6.7,D,2019,2,winter,low
34.3997,-5.4878,310.0,2019-02-26,58,6.1,D,2019,2,winter,low
33.5546,-4.9572,317.7,2019-03-02,75,19.1,D,2019,3,spring,low
34.2248,-3.9331,307.0,2019-03-09,56,8.1,D,2019,3,spring,low
30.2212,-9.5169,323.5,2019-03-11,73,13.3,D,2019,3,spring,low
30.0374,-9.5184,314.6,2019-03-11,35,4.5,D,2019,3,spring,low
35.0116,-4.067,313.8,2019-03-13,63,5.8,D,2019,3,spring,low
34.577,-6.2211,313.9,2019-03-14,59,9.2,D,2019,3,spring,low
34.9318,-4.0944,314.9,2019-03-16,61,21.2,D,2019,3,spring,medium
34.8003,-6.1402,315.4,2019-03-19,64,7.3,D,2019,3,spring,low
35.3148,-5.4733,304.5,2019-03-20,47,4.8,D,2019,3,spring,low
34.9837,-5.9262,310.8,2019-03-20,61,6.1,D,2019,3,spring,low
32.722,-5.6623,317.4,2019-03-20,68,11.8,D,2019,3,spring,low
34.6018,-6.1751,316.1,2019-03-21,70,10.7,D,2019,3,spring,low
34.6034,-6.1642,318.4,2019-03-21,74,12.6,D,2019,3,spring,low
28.9432,-9.9369,338.4,2019-03-25,86,30.2,D,2019,3,spring,medium
28.9415,-9.9262,356.0,2019-03-25,98,68.5,D,2019,3,spring,medium
35.0553,-5.9967,346.4,2019-03-27,93,54.3,D,2019,3,spring,medium
35.497,-5.5126,311.3,2019-03-28,48,8.0,D,2019,3,spring,low
34.9781,-5.9239,313.8,2019-03-29,60,6.4,D,2019,3,spring,low
30.3586,-9.2686,319.4,2019-04-10,47,6.4,D,2019,4,spring,low
34.5783,-6.1809,319.2,2019-04-11,74,18.0,D,2019,4,spring,low
33.9439,-5.0079,310.3,2019-04-12,60,6.5,D,2019,4,spring,low
35.2187,-5.5112,333.3,2019-04-13,85,32.4,D,2019,4,spring,medium
35.2173,-5.5223,326.5,2019-04-13,80,22.5,D,2019,4,spring,medium
34.5679,-5.9199,319.1,2019-04-14,68,11.2,D,2019,4,spring,low
34.5694,-5.9316,323.1,2019-04-14,74,15.5,D,2019,4,spring,low
33.629,-7.446,323.5,2019-04-27,65,10.6,D,2019,4,spring,low
34.3069,-6.0004,324.8,2019-04-27,72,16.7,D,2019,4,spring,low
32.3046,-6.4111,318.5,2019-05-05,48,10.0,D,2019,5,spring,low
35.0504,-5.9643,315.8,2019-05-07,48,5.3,D,2019,5,spring,low
31.0336,-6.8488,330.6,2019-05-08,76,54.4,D,2019,5,spring,medium
34.2048,-6.6919,337.5,2019-05-14,59,19.9,D,2019,5,spring,low
34.2032,-6.6812,345.4,2019-05-14,88,32.8,D,2019,5,spring,medium
34.6022,-6.1235,305.6,2019-05-14,65,8.0,N,2019,5,spring,low
33.03,-7.4213,304.4,2019-05-19,60,8.1,N,2019,5,spring,low
34.7029,-6.0584,323.0,2019-05-21,69,13.2,D,2019,5,spring,low
33.0552,-8.3696,325.3,2019-05-21,58,7.1,D,2019,5,spring,low
34.7721,-6.0731,318.3,2019-05-21,57,21.0,D,2019,5,spring,medium
34.7675,-6.0761,318.0,2019-05-21,60,21.0,D,2019,5,spring,medium
34.5369,-5.8964,328.7,2019-05-23,60,12.2,D,2019,5,spring,low
34.7216,-6.0302,330.0,2019-05-23,74,16.1,D,2019,5,spring,low
34.7232,-6.0411,327.9,2019-05-23,70,13.3,D,2019,5,spring,low
34.7496,-5.8964,322.7,2019-05-26,66,20.0,D,2019,5,spring,medium
33.9193,-5.3207,309.9,2019-05-26,79,15.9,N,2019,5,spring,low
33.9177,-5.3359,307.3,2019-05-26,71,12.9,N,2019,5,spring,low
35.2081,-5.1307,305.3,2019-05-28,64,10.8,N,2019,5,spring,low
34.3029,-6.1247,366.9,2019-05-30,100,87.1,D,2019,5,spring,medium
34.3292,-6.175,331.2,2019-05-30,72,9.5,D,2019,5,spring,low
34.3309,-6.1859,360.9,2019-05-30,100,69.5,D,2019,5,spring,medium
34.3046,-6.1356,350.2,2019-05-30,93,41.7,D,2019,5,spring,medium
34.3119,-6.1227,381.1,2019-05-30,100,140.2,D,2019,5,spring,high
34.3136,-6.1336,367.6,2019-05-30,100,89.1,D,2019,5,spring,medium
34.3006,-6.4108,348.2,2019-05-30,91,40.9,D,2019,5,spring,medium
34.0005,-6.2616,335.9,2019-05-30,75,13.5,D,2019,5,spring,low
34.2968,-6.1503,327.8,2019-05-30,65,45.1,D,2019,5,spring,medium
34.3317,-6.2051,364.3,2019-05-30,100,430.5,D,2019,5,spring,high
34.3042,-6.1182,327.4,2019-05-30,57,45.2,D,2019,5,spring,medium
34.3241,-6.2376,325.5,2019-05-30,56,39.5,D,2019,5,spring,medium
34.3173,-6.2,339.1,2019-05-30,87,128.0,D,2019,5,spring,high
34.3035,-6.1253,331.6,2019-05-30,80,74.2,D,2019,5,spring,medium
34.3183,-6.193,332.3,2019-05-30,67,71.5,D,2019,5,spring,medium
34.6066,-6.4068,327.6,2019-06-01,56,10.7,D,2019,6,summer,low
35.1836,-4.626,320.0,2019-06-06,40,9.0,D,2019,6,summer,low
35.1819,-4.6455,319.9,2019-06-06,60,17.7,D,2019,6,summer,low
35.0352,-5.8918,352.2,2019-06-08,95,53.2,D,2019,6,summer,medium
35.0336,-5.8809,337.2,2019-06-08,85,24.8,D,2019,6,summer,medium
33.773,-5.1825,345.4,2019-06-09,90,35.8,D,2019,6,summer,medium
33.7883,-3.1848,328.9,2019-06-11,64,13.1,D,2019,6,summer,low
33.1903,-8.0163,333.7,2019-06-18,70,18.2,D,2019,6,summer,low
34.9394,-4.8317,328.3,2019-06-19,76,76.9,D,2019,6,summer,medium
34.9394,-4.8231,326.5,2019-06-19,72,68.2,D,2019,6,summer,medium
34.2701,-5.6759,311.2,2019-06-22,82,10.1,N,2019,6,summer,low
34.5399,-4.6319,332.7,2019-06-23,71,17.1,D,2019,6,summer,low
33.7391,-5.5962,330.1,2019-06-24,69,11.6,D,2019,6,summer,low
31.6377,-7.5953,326.7,2019-06-25,100,28.3,N,2019,6,summer,medium
29.6,-9.233,332.1,2019-07-01,60,12.6,D,2019,7,summer,low
33.9257,-6.8054,330.3,2019-07-02,54,12.9,D,2019,7,summer,low
33.9168,-6.8036,331.4,2019-07-02,52,13.0,D,2019,7,summer,low
33.3101,-5.4083,326.5,2019-07-03,55,83.3,D,2019,7,summer,medium
33.3093,-5.4039,326.2,2019-07-03,46,80.5,D,2019,7,summer,medium
33.5819,-7.3515,307.2,2019-07-04,71,12.8,N,2019,7,summer,low
33.5703,-7.3636,337.6,2019-07-04,100,58.6,N,2019,7,summer,medium
33.5718,-7.3499,357.5,2019-07-04,100,117.3,N,2019,7,summer,high
33.5804,-7.3653,302.4,2019-07-04,49,8.5,N,2019,7,summer,low
34.6487,-3.1898,334.1,2019-07-08,81,40.4,D,2019,7,summer,medium
34.6497,-3.1966,324.5,2019-07-08,52,14.0,D,2019,7,summer,low
34.6498,-3.2015,324.3,2019-07-08,55,14.1,D,2019,7,summer,low
34.4394,-4.7296,340.6,2019-07-09,83,31.7,D,2019,7,summer,medium
34.3647,-5.7922,339.0,2019-07-09,81,25.9,D,2019,7,summer,medium
34.3552,-5.7905,329.4,2019-07-09,59,9.3,D,2019,7,summer,low
35.5478,-5.6014,325.7,2019-07-10,79,71.9,D,2019,7,summer,medium
35.5567,-5.5651,329.5,2019-07-10,82,95.1,D,2019,7,summer,medium
35.5513,-5.5952,326.7,2019-07-10,80,81.6,D,2019,7,summer,medium
35.5367,-5.589,320.8,2019-07-10,67,50.2,D,2019,7,summer,medium
34.0412,-5.6077,338.1,2019-07-18,77,18.5,D,2019,7,summer,low
24.0804,-15.5695,304.0,2019-07-23,58,8.1,N,2019,7,summer,low
35.0359,-3.5571,317.3,2019-07-26,95,32.8,N,2019,7,summer,medium
33.9046,-4.69,328.7,2019-07-26,42,10.0,D,2019,7,summer,low
34.3998,-5.5224,331.6,2019-07-26,75,12.8,D,2019,7,summer,low
35.4729,-5.5337,324.4,2019-07-27,57,7.6,D,2019,7,summer,low
33.6663,-5.5884,332.2,2019-07-27,67,8.2,D,2019,7,summer,low
35.4714,-5.5446,325.9,2019-07-27,67,9.4,D,2019,7,summer,low
30.134,-9.5294,306.5,2019-07-27,68,9.5,N,2019,7,summer,low
33.888,-3.9732,305.2,2019-07-28,63,32.1,N,2019,7,summer,medium
33.8898,-3.966,307.2,2019-07-28,71,36.3,N,2019,7,summer,medium
33.89,-4.0004,322.8,2019-07-28,44,60.9,D,2019,7,summer,medium
33.894,-3.9779,308.9,2019-07-28,32,12.8,N,2019,7,summer,low
33.8643,-3.976,347.4,2019-07-29,90,44.3,D,2019,7,summer,medium
33.8735,-3.978,347.8,2019-07-29,90,43.8,D,2019,7,summer,medium
33.8916,-3.9829,331.0,2019-07-29,55,14.4,D,2019,7,summer,low
34.1304,-5.4475,326.4,2019-07-30,58,19.6,D,2019,7,summer,low
33.8729,-3.9848,303.4,2019-07-31,55,5.9,N,2019,7,summer,low
33.8696,-3.9752,330.8,2019-07-31,67,50.4,D,2019,7,summer,medium
33.8733,-3.9939,358.8,2019-07-31,99,173.3,D,2019,7,summer,high
35.7024,-5.7262,328.3,2019-08-03,81,8.4,D,2019,8,summer,low
33.9045,-4.7076,331.8,2019-08-04,71,9.6,D,2019,8,summer,low
33.9467,-5.7399,332.0,2019-08-05,65,10.2,D,2019,8,summer,low
33.7255,-6.6526,327.3,2019-08-07,64,19.7,D,2019,8,summer,low
35.0277,-3.6383,327.5,2019-08-09,68,21.3,D,2019,8,summer,medium
35.0141,-3.624,321.9,2019-08-09,33,18.2,N,2019,8,summer,low
35.0125,-3.6363,350.2,2019-08-09,100,66.5,N,2019,8,summer,medium
35.0248,-3.6139,326.0,2019-08-09,65,22.7,N,2019,8,summer,medium
35.0232,-3.6259,333.6,2019-08-09,92,31.6,N,2019,8,summer,medium
35.0217,-3.6379,367.8,2019-08-09,100,114.6,N,2019,8,summer,high
35.0202,-3.6495,339.0,2019-08-09,100,42.2,N,2019,8,summer,medium
35.0339,-3.6162,332.9,2019-08-09,79,31.9,N,2019,8,summer,medium
35.0324,-3.6278,342.0,2019-08-09,100,46.4,N,2019,8,summer,medium
34.9993,-3.6017,312.6,2019-08-10,85,34.3,N,2019,8,summer,medium
35.0207,-3.644,306.4,2019-08-10,57,21.3,N,2019,8,summer,medium
35.0147,-3.6162,315.3,2019-08-10,91,41.8,N,2019,8,summer,medium
35.0053,-3.6306,313.0,2019-08-10,86,36.2,N,2019,8,summer,medium
35.0025,-3.6221,315.7,2019-08-10,92,42.7,N,2019,8,summer,medium
35.0174,-3.6243,315.2,2019-08-10,91,41.6,N,2019,8,summer,medium
35.0358,-3.6126,331.3,2019-08-10,72,64.4,D,2019,8,summer,medium
35.0054,-3.6463,351.9,2019-08-10,95,218.4,D,2019,8,summer,high
35.0179,-3.6208,332.1,2019-08-10,77,67.8,D,2019,8,summer,medium
35.032,-3.6185,331.9,2019-08-10,77,69.7,D,2019,8,summer,medium
35.0234,-3.641,336.7,2019-08-10,83,99.2,D,2019,8,summer,medium
35.0036,-3.6211,340.8,2019-08-10,87,121.3,D,2019,8,summer,high
35.0074,-3.616,335.6,2019-08-10,82,83.4,D,2019,8,summer,medium
35.0197,-3.6461,361.7,2019-08-10,100,328.2,D,2019,8,summer,high
35.009,-3.6403,377.8,2019-08-10,100,555.8,D,2019,8,summer,high
34.9909,-3.6372,381.8,2019-08-10,77,248.4,D,2019,8,summer,high
34.0886,-5.4773,334.3,2019-08-10,70,19.0,D,2019,8,summer,low
34.9927,-3.6191,366.2,2019-08-10,74,144.4,D,2019,8,summer,high
35.0433,-3.5984,318.4,2019-08-11,97,34.4,N,2019,8,summer,medium
35.0011,-3.6113,324.0,2019-08-11,100,45.1,N,2019,8,summer,medium
35.0177,-3.6617,307.9,2019-08-11,73,16.7,N,2019,8,summer,low
35.1685,-5.4109,338.7,2019-08-13,89,196.5,D,2019,8,summer,high
35.177,-5.4038,303.4,2019-08-13,50,11.1,N,2019,8,summer,low
35.1761,-5.3999,323.2,2019-08-14,100,21.2,N,2019,8,summer,medium
34.9294,-4.6913,326.4,2019-08-16,62,23.0,D,2019,8,summer,medium
34.9381,-4.6955,323.6,2019-08-16,36,17.2,D,2019,8,summer,low
33.7967,-3.9835,334.5,2019-08-16,74,53.8,D,2019,8,summer,medium
33.8008,-4.0037,333.6,2019-08-16,72,50.9,D,2019,8,summer,medium
34.0034,-4.2793,333.8,2019-08-17,66,32.1,D,2019,8,summer,medium
34.0018,-4.296,341.1,2019-08-17,81,54.2,D,2019,8,summer,medium
34.8093,-4.5816,337.8,2019-08-18,82,32.2,D,2019,8,summer,medium
34.782,-4.5475,338.0,2019-08-19,77,27.1,D,2019,8,summer,medium
34.6903,-4.4762,334.1,2019-08-19,57,17.0,D,2019,8,summer,low
34.0603,-4.9209,335.3,2019-08-21,64,13.5,D,2019,8,summer,low
35.7169,-5.7553,311.8,2019-08-21,76,20.2,N,2019,8,summer,medium
35.7576,-5.6277,317.2,2019-08-22,66,29.7,D,2019,8,summer,medium
31.9759,-6.7685,336.3,2019-08-24,70,22.2,D,2019,8,summer,medium
31.9769,-6.7774,347.6,2019-08-24,89,53.8,D,2019,8,summer,medium
31.9741,-6.7844,335.2,2019-08-24,62,19.1,D,2019,8,summer,low
35.5379,-5.9414,324.2,2019-08-25,70,8.7,D,2019,8,summer,low
35.3536,-5.4534,328.8,2019-08-25,76,18.9,D,2019,8,summer,low
31.9878,-6.7211,326.9,2019-08-27,55,94.7,D,2019,8,summer,medium
31.99,-6.6786,338.6,2019-08-27,82,235.1,D,2019,8,summer,high
31.9927,-6.6873,342.4,2019-08-27,86,288.9,D,2019,8,summer,high
35.0577,-5.9044,328.3,2019-08-28,56,6.7,D,2019,8,summer,low
35.2323,-5.1192,302.6,2019-08-30,50,6.0,N,2019,8,summer,low
35.2399,-5.1216,308.5,2019-08-30,75,15.0,N,2019,8,summer,low
35.229,-5.1213,314.4,2019-08-30,89,22.3,N,2019,8,summer,medium
35.2349,-5.1131,308.7,2019-08-31,75,59.0,N,2019,8,summer,medium
35.2389,-5.1145,306.8,2019-08-31,69,50.6,N,2019,8,summer,medium
32.4551,-8.5826,304.7,2019-08-31,61,21.3,N,2019,8,summer,medium
32.4559,-8.6042,307.5,2019-08-31,72,27.6,N,2019,8,summer,medium
32.4504,-8.5791,311.7,2019-08-31,83,38.6,N,2019,8,summer,medium
32.4419,-8.5866,307.7,2019-08-31,72,28.8,N,2019,8,summer,medium
35.2292,-5.1243,361.2,2019-08-31,100,276.7,D,2019,8,summer,high
35.3531,-5.3936,336.7,2019-08-31,88,81.7,D,2019,8,summer,medium
35.3553,-5.3667,331.5,2019-08-31,84,59.2,D,2019,8,summer,medium
35.221,-5.1196,328.9,2019-08-31,75,63.8,D,2019,8,summer,medium
35.2343,-5.1207,376.4,2019-08-31,100,450.9,D,2019,8,summer,high
35.2426,-5.124,334.5,2019-08-31,86,90.5,D,2019,8,summer,medium
35.247,-5.1185,320.0,2019-09-01,99,22.3,N,2019,9,autumn,medium
35.2435,-5.1255,320.2,2019-09-01,100,22.1,N,2019,9,autumn,medium
35.2321,-5.1127,302.1,2019-09-01,47,6.2,N,2019,9,autumn,low
35.2417,-5.1114,323.9,2019-09-01,100,27.1,N,2019,9,autumn,medium
35.2453,-5.104,308.9,2019-09-01,76,11.4,N,2019,9,autumn,low
35.2348,-5.1333,321.5,2019-09-01,51,20.5,D,2019,9,autumn,medium
35.2374,-5.1467,326.4,2019-09-01,69,28.6,D,2019,9,autumn,medium
35.2281,-5.1173,309.5,2019-09-01,58,9.1,N,2019,9,autumn,low
35.2175,-5.1264,316.7,2019-09-01,94,15.0,N,2019,9,autumn,low
35.2295,-5.1061,333.5,2019-09-01,100,36.5,N,2019,9,autumn,medium
35.2437,-5.1426,311.7,2019-09-01,49,9.6,N,2019,9,autumn,low
35.2147,-5.1098,340.7,2019-09-02,100,143.9,N,2019,9,autumn,high
35.2189,-5.1293,321.9,2019-09-02,100,63.3,N,2019,9,autumn,medium
35.2434,-5.1911,306.3,2019-09-02,44,60.6,N,2019,9,autumn,medium
35.2521,-5.13,317.6,2019-09-02,94,126.9,N,2019,9,autumn,high
35.2389,-5.1828,311.9,2019-09-02,77,88.5,N,2019,9,autumn,medium
35.2576,-5.1358,320.6,2019-09-02,100,149.4,N,2019,9,autumn,high
35.2525,-5.171,307.0,2019-09-02,51,71.5,N,2019,9,autumn,medium
35.2542,-5.1318,319.4,2019-09-02,98,162.7,N,2019,9,autumn,high
35.2538,-5.1353,319.4,2019-09-02,98,167.4,N,2019,9,autumn,high
35.2352,-5.087,334.3,2019-09-03,83,26.8,D,2019,9,autumn,medium
35.228,-5.1003,360.5,2019-09-03,100,84.2,D,2019,9,autumn,medium
35.2261,-5.0889,324.7,2019-09-03,56,13.5,D,2019,9,autumn,low
35.2371,-5.0984,347.6,2019-09-03,93,51.4,D,2019,9,autumn,medium
30.699,-9.4669,302.6,2019-09-03,50,13.7,N,2019,9,autumn,low
30.702,-9.4734,303.0,2019-09-03,52,14.1,N,2019,9,autumn,low
35.2131,-5.1145,303.8,2019-09-03,57,6.7,N,2019,9,autumn,low
35.2078,-5.1193,337.6,2019-09-04,84,30.0,D,2019,9,autumn,medium
35.217,-5.1213,325.3,2019-09-04,42,10.9,D,2019,9,autumn,low
35.5929,-5.7325,324.5,2019-09-06,78,11.0,D,2019,9,autumn,low
35.5911,-5.7439,329.6,2019-09-06,82,18.1,D,2019,9,autumn,low
33.849,-6.2237,324.8,2019-09-09,73,30.0,D,2019,9,autumn,medium
35.7226,-5.5705,320.1,2019-09-11,52,7.1,D,2019,9,autumn,low
33.9794,-5.3645,319.7,2019-09-12,58,8.2,D,2019,9,autumn,low
34.5923,-5.8955,335.8,2019-09-12,84,25.1,D,2019,9,autumn,medium
33.1647,-8.1888,326.3,2019-09-12,66,8.9,D,2019,9,autumn,low
33.9746,-4.9625,321.2,2019-09-12,67,7.1,D,2019,9,autumn,low
34.8557,-5.171,318.9,2019-09-12,69,7.4,D,2019,9,autumn,low
34.8468,-5.1729,319.2,2019-09-12,69,8.1,D,2019,9,autumn,low
34.5896,-5.8962,305.3,2019-09-12,64,9.5,N,2019,9,autumn,low
34.9008,-5.7849,328.0,2019-09-13,75,11.9,D,2019,9,autumn,low
35.1301,-5.3819,339.3,2019-09-14,88,45.4,D,2019,9,autumn,medium
35.1286,-5.37,329.4,2019-09-14,79,25.5,D,2019,9,autumn,medium
35.1246,-5.3567,317.1,2019-09-14,56,41.3,D,2019,9,autumn,medium
35.1282,-5.3871,311.5,2019-09-14,83,25.0,N,2019,9,autumn,medium
35.1313,-5.3713,310.3,2019-09-14,80,23.1,N,2019,9,autumn,medium
35.1363,-5.3968,303.7,2019-09-14,57,13.9,N,2019,9,autumn,low
35.1397,-5.3797,312.3,2019-09-14,85,26.7,N,2019,9,autumn,medium
33.5823,-7.273,326.4,2019-09-17,68,13.6,D,2019,9,autumn,low
33.5844,-7.2666,322.9,2019-09-17,40,8.5,D,2019,9,autumn,low
34.1913,-5.7516,325.6,2019-09-19,57,11.0,D,2019,9,autumn,low
35.1519,-6.1152,309.6,2019-09-19,78,11.4,N,2019,9,autumn,low
35.531,-5.4632,317.8,2019-09-22,48,11.0,D,2019,9,autumn,low
33.7654,-5.5619,321.1,2019-09-23,63,9.5,D,2019,9,autumn,low
33.8918,-5.7884,324.8,2019-09-23,72,16.4,D,2019,9,autumn,low
32.7204,-5.2853,325.5,2019-09-24,49,18.0,D,2019,9,autumn,low
35.7219,-5.5224,319.6,2019-09-25,70,17.3,D,2019,9,autumn,low
34.6564,-6.0685,324.8,2019-09-26,60,7.3,D,2019,9,autumn,low
35.4371,-5.859,322.9,2019-09-26,68,7.5,D,2019,9,autumn,low
35.1635,-5.6125,324.8,2019-09-27,47,11.1,D,2019,9,autumn,low
35.162,-5.6255,366.2,2019-09-27,100,116.0,D,2019,9,autumn,high
33.3945,-6.0857,330.1,2019-09-27,71,10.4,D,2019,9,autumn,low
34.7391,-4.5515,324.4,2019-09-29,34,7.4,D,2019,9,autumn,low
35.6476,-5.7006,323.3,2019-09-29,72,7.8,D,2019,9,autumn,low
34.7406,-4.5405,326.1,2019-09-29,53,9.6,D,2019,9,autumn,low
35.6632,-5.5918,322.6,2019-09-29,65,8.9,D,2019,9,autumn,low
35.3492,-5.4607,317.4,2019-09-30,50,74.6,D,2019,9,autumn,medium
35.3578,-5.4509,330.8,2019-10-01,80,25.1,D,2019,10,autumn,medium
34.5029,-6.3791,331.7,2019-10-01,79,31.0,D,2019,10,autumn,medium
34.7537,-5.6517,331.3,2019-10-01,78,23.0,D,2019,10,autumn,medium
34.7515,-5.6644,323.9,2019-10-01,66,12.0,D,2019,10,autumn,low
35.5233,-5.6791,318.0,2019-10-03,63,17.7,D,2019,10,autumn,low
35.3442,-5.4498,324.8,2019-10-04,72,19.5,D,2019,10,autumn,low
35.0817,-4.4942,317.2,2019-10-05,63,13.6,D,2019,10,autumn,low
35.7535,-5.3708,317.8,2019-10-05,40,29.4,D,2019,10,autumn,medium
35.7471,-5.3751,320.0,2019-10-05,54,40.8,D,2019,10,autumn,medium
29.8744,-9.1175,325.2,2019-10-06,58,14.5,D,2019,10,autumn,low
29.8722,-9.1303,331.9,2019-10-06,75,25.1,D,2019,10,autumn,medium
34.9763,-5.0054,325.9,2019-10-06,70,9.9,D,2019,10,autumn,low
34.0412,-5.0614,325.2,2019-10-06,58,9.0,D,2019,10,autumn,low
35.7458,-5.3736,319.9,2019-10-06,72,8.5,D,2019,10,autumn,low
35.7569,-5.6429,319.2,2019-10-06,70,7.0,D,2019,10,autumn,low
35.8145,-5.6923,316.2,2019-10-07,46,7.0,D,2019,10,autumn,low
35.6841,-5.599,316.6,2019-10-07,66,63.9,D,2019,10,autumn,medium
35.6799,-5.5936,314.6,2019-10-07,62,49.3,D,2019,10,autumn,medium
35.6542,-5.5679,316.7,2019-10-08,66,5.5,D,2019,10,autumn,low
34.9231,-4.9634,326.2,2019-10-08,70,9.7,D,2019,10,autumn,low
35.6525,-5.5791,328.9,2019-10-08,82,19.6,D,2019,10,autumn,low
34.7676,-4.4,342.7,2019-10-08,89,36.6,D,2019,10,autumn,medium
34.9214,-4.9743,328.3,2019-10-08,74,12.4,D,2019,10,autumn,low
33.7293,-4.2786,328.3,2019-10-09,75,23.3,D,2019,10,autumn,medium
33.7318,-4.2909,325.3,2019-10-09,74,78.6,D,2019,10,autumn,medium
33.7338,-4.2577,317.0,2019-10-09,51,36.3,D,2019,10,autumn,medium
33.7208,-4.287,324.4,2019-10-09,73,74.3,D,2019,10,autumn,medium
35.4468,-6.0032,330.3,2019-10-12,82,23.0,D,2019,10,autumn,medium
35.4375,-6.0055,319.8,2019-10-12,70,10.3,D,2019,10,autumn,low
35.4356,-5.9937,319.9,2019-10-12,70,10.3,D,2019,10,autumn,low
35.4448,-5.9913,329.1,2019-10-12,81,21.1,D,2019,10,autumn,medium
35.8062,-5.4942,310.8,2019-10-12,42,6.7,D,2019,10,autumn,low
35.8041,-5.4819,313.9,2019-10-12,59,10.0,D,2019,10,autumn,low
35.4385,-6.0019,320.8,2019-10-12,73,31.4,D,2019,10,autumn,medium
35.1766,-5.6282,323.1,2019-10-13,49,10.7,D,2019,10,autumn,low
33.6935,-5.4778,318.2,2019-10-15,49,6.5,D,2019,10,autumn,low
33.4357,-5.3508,320.9,2019-10-15,70,7.5,D,2019,10,autumn,low
33.4342,-5.3614,322.1,2019-10-15,72,8.8,D,2019,10,autumn,low
33.9991,-5.6609,318.6,2019-10-15,58,5.5,D,2019,10,autumn,low
33.4326,-5.3613,319.8,2019-10-16,68,8.1,D,2019,10,autumn,low
34.7747,-4.5189,321.1,2019-10-16,72,14.3,D,2019,10,autumn,low
34.7731,-4.5068,335.5,2019-10-16,86,34.7,D,2019,10,autumn,medium
34.5726,-5.2616,320.3,2019-10-16,67,11.2,D,2019,10,autumn,low
35.8199,-5.6226,312.1,2019-10-17,46,21.0,D,2019,10,autumn,medium
32.5741,-6.1976,323.7,2019-10-17,70,12.7,D,2019,10,autumn,low
34.8234,-5.5596,301.6,2019-10-21,43,7.9,N,2019,10,autumn,low
33.4161,-6.0391,312.6,2019-10-27,61,19.1,D,2019,10,autumn,low
33.7587,-5.4595,317.6,2019-10-30,73,7.6,D,2019,10,autumn,low
33.7923,-6.6495,313.4,2019-10-30,65,5.1,D,2019,10,autumn,low
33.7676,-5.4576,318.6,2019-10-30,75,8.4,D,2019,10,autumn,low
33.3767,-5.4477,323.4,2019-11-01,78,18.4,D,2019,11,autumn,low
33.7642,-5.4578,313.1,2019-11-01,47,7.6,D,2019,11,autumn,low
33.3752,-5.4354,313.0,2019-11-01,52,6.2,D,2019,11,autumn,low
35.0881,-6.0987,309.6,2019-11-06,69,7.6,D,2019,11,autumn,low
35.2908,-3.0508,305.0,2019-11-13,42,7.8,D,2019,11,autumn,low
29.8512,-9.1114,311.2,2019-11-15,54,42.5,D,2019,11,autumn,medium
30.1089,-9.4852,315.2,2019-12-13,72,14.6,D,2019,12,winter,low
30.1064,-9.4794,310.3,2019-12-13,58,9.0,D,2019,12,winter,low
32.7237,-4.7227,305.1,2019-12-16,61,6.4,D,2019,12,winter,low
31.5126,-4.2674,306.0,2019-12-17,63,4.5,D,2019,12,winter,low
33.1981,-4.8766,300.3,2019-12-27,35,5.3,D,2019,12,winter,low
31.4858,-8.2525,319.6,2020-01-02,79,16.8,D,2020,1,winter,low
32.8036,-4.0325,300.4,2020-01-04,36,3.2,D,2020,1,winter,low
31.0266,-8.63,307.1,2020-01-05,64,16.1,D,2020,1,winter,low
35.425,-5.3271,310.6,2020-01-08,40,17.2,D,2020,1,winter,low
33.7895,-5.4536,305.7,2020-01-12,61,5.4,D,2020,1,winter,low
30.4946,-8.9168,314.0,2020-01-15,72,9.1,D,2020,1,winter,low
33.3819,-7.4711,310.2,2020-01-15,64,9.0,D,2020,1,winter,low
30.672,-8.4386,308.3,2020-01-16,54,5.0,D,2020,1,winter,low
32.8073,-4.0242,303.4,2020-01-18,56,3.8,D,2020,1,winter,low
30.0444,-9.533,310.1,2020-01-18,64,6.2,D,2020,1,winter,low
30.8606,-6.8863,309.6,2020-01-19,58,5.0,D,2020,1,winter,low
34.3612,-3.2366,328.8,2020-01-19,86,28.1,D,2020,1,winter,medium
31.9898,-3.7628,309.6,2020-01-29,64,6.8,D,2020,1,winter,low
34.8577,-6.1018,301.1,2020-01-30,44,6.8,D,2020,1,winter,low
34.8545,-6.085,301.3,2020-01-30,46,7.3,D,2020,1,winter,low
30.6484,-8.246,314.4,2020-02-01,41,5.9,D,2020,2,winter,low
30.1831,-9.3455,324.9,2020-02-02,73,11.5,D,2020,2,winter,low
35.2962,-5.8381,317.0,2020-02-03,76,13.0,D,2020,2,winter,low
35.2947,-5.8271,313.1,2020-02-03,72,9.8,D,2020,2,winter,low
34.8521,-6.0847,318.6,2020-02-03,78,14.9,D,2020,2,winter,low
35.1665,-5.4521,307.3,2020-02-04,55,4.8,D,2020,2,winter,low
35.3018,-5.8281,310.9,2020-02-06,45,9.6,D,2020,2,winter,low
34.8512,-6.0931,308.6,2020-02-09,61,7.9,D,2020,2,winter,low
31.154,-8.7567,314.7,2020-02-11,51,6.7,D,2020,2,winter,low
34.8525,-6.0879,318.3,2020-02-11,75,12.8,D,2020,2,winter,low
34.851,-6.0988,306.9,2020-02-11,49,3.8,D,2020,2,winter,low
34.859,-6.0902,305.9,2020-02-14,59,9.1,D,2020,2,winter,low
35.3076,-5.8425,303.8,2020-02-16,51,13.0,D,2020,2,winter,low
35.3056,-5.8166,303.7,2020-02-16,50,13.1,D,2020,2,winter,low
35.3034,-5.8373,314.8,2020-02-16,62,20.7,D,2020,2,winter,medium
30.6518,-8.241,341.4,2020-02-17,90,38.7,D,2020,2,winter,medium
35.573,-5.6656,302.9,2020-02-20,52,9.3,N,2020,2,winter,low
34.8603,-6.1039,310.2,2020-02-21,66,7.4,D,2020,2,winter,low
34.8125,-5.5058,310.0,2020-02-22,79,12.3,N,2020,2,winter,low
34.8032,-5.5189,316.3,2020-02-22,73,38.5,D,2020,2,winter,medium
34.7984,-5.4965,315.4,2020-02-22,72,37.0,D,2020,2,winter,medium
34.7997,-5.5079,318.8,2020-02-22,74,16.5,D,2020,2,winter,low
34.3023,-6.0153,316.2,2020-02-24,59,13.7,D,2020,2,winter,low
35.1557,-5.706,310.2,2020-02-24,64,16.0,D,2020,2,winter,low
30.8668,-6.8977,318.8,2020-02-25,57,7.6,D,2020,2,winter,low
34.8692,-6.1118,312.3,2020-02-27,52,4.6,D,2020,2,winter,low
34.8665,-6.1108,312.4,2020-02-28,64,7.1,D,2020,2,winter,low
29.8734,-9.1889,327.8,2020-02-28,74,51.0,D,2020,2,winter,medium
29.8712,-9.2125,334.5,2020-02-28,82,76.6,D,2020,2,winter,medium
33.6465,-5.3616,318.0,2020-02-29,70,9.9,D,2020,2,winter,low
34.8664,-6.1067,316.8,2020-03-04,74,11.5,D,2020,3,spring,low
35.147,-3.6477,310.9,2020-03-06,66,8.3,D,2020,3,spring,low
33.8876,-5.3334,314.7,2020-03-07,60,5.7,D,2020,3,spring,low
35.4491,-5.2646,311.0,2020-03-09,64,7.6,D,2020,3,spring,low
35.3026,-5.2956,318.3,2020-03-10,96,70.3,N,2020,3,spring,medium
35.2946,-5.332,324.8,2020-03-10,100,96.5,N,2020,3,spring,medium
35.2955,-5.3012,327.4,2020-03-10,100,107.3,N,2020,3,spring,high
35.2876,-5.3358,315.0,2020-03-10,87,59.6,N,2020,3,spring,medium
23.9717,-15.6712,302.7,2020-03-28,51,6.7,N,2020,3,spring,low
32.7201,-4.9369,313.3,2020-03-31,50,73.3,D,2020,3,spring,medium
35.3021,-5.8279,309.0,2020-04-16,66,6.3,D,2020,4,spring,low
30.776,-8.8976,335.1,2020-04-21,86,30.1,D,2020,4,spring,medium
30.7744,-8.8871,331.0,2020-04-21,82,24.0,D,2020,4,spring,medium
33.8262,-5.5243,317.1,2020-04-30,61,6.8,D,2020,4,spring,low
32.3015,-6.4243,323.8,2020-05-07,52,11.1,D,2020,5,spring,low
34.1807,-2.499,325.3,2020-05-08,44,39.1,D,2020,5,spring,medium
34.8465,-6.2316,322.3,2020-05-11,65,14.8,D,2020,5,spring,low
34.1799,-2.4819,317.1,2020-05-12,61,8.8,D,2020,5,spring,low
35.6969,-5.6803,315.3,2020-05-16,63,9.9,D,2020,5,spring,low
35.6569,-5.6612,311.6,2020-05-16,33,6.0,D,2020,5,spring,low
34.2973,-6.3882,331.2,2020-05-19,61,12.4,D,2020,5,spring,low
34.534,-6.1342,333.6,2020-05-25,72,11.5,D,2020,5,spring,low
23.7538,-15.66,303.9,2020-05-30,58,65.5,N,2020,5,spring,medium
23.7533,-15.6648,303.7,2020-05-30,57,65.0,N,2020,5,spring,medium
23.7529,-15.6544,302.3,2020-05-31,48,6.5,N,2020,5,spring,low
23.7495,-15.6477,305.1,2020-05-31,63,7.2,N,2020,5,spring,low
23.7481,-15.6575,302.8,2020-05-31,52,5.9,N,2020,5,spring,low
33.8004,-7.1714,311.7,2020-06-06,83,11.0,N,2020,6,summer,low
34.284,-2.3126,324.1,2020-06-07,70,18.5,D,2020,6,summer,low
30.7657,-6.4487,335.8,2020-06-07,78,28.4,D,2020,6,summer,medium
30.7641,-6.4631,335.4,2020-06-07,77,27.8,D,2020,6,summer,medium
35.712,-5.9227,318.2,2020-06-11,66,5.9,D,2020,6,summer,low
35.6944,-5.6858,319.0,2020-06-13,70,11.7,D,2020,6,summer,low
35.7493,-5.7547,320.8,2020-06-22,45,12.7,D,2020,6,summer,low
34.5322,-6.2999,332.0,2020-06-27,60,16.7,D,2020,6,summer,low
33.4774,-5.2404,334.4,2020-07-01,74,25.4,D,2020,7,summer,medium
33.4745,-5.225,355.9,2020-07-01,97,102.1,D,2020,7,summer,high
35.5204,-5.8926,327.9,2020-07-03,71,8.6,D,2020,7,summer,low
34.2786,-6.2346,332.1,2020-07-03,59,11.4,D,2020,7,summer,low
34.3285,-4.2521,334.3,2020-07-04,67,16.7,D,2020,7,summer,low
34.8584,-5.8544,308.2,2020-07-08,70,6.2,N,2020,7,summer,low
33.9197,-5.146,342.8,2020-07-17,85,38.9,D,2020,7,summer,medium
30.696,-9.3413,342.4,2020-07-19,83,23.9,D,2020,7,summer,medium
30.6946,-9.3304,347.6,2020-07-19,89,34.2,D,2020,7,summer,medium
30.7052,-9.34,334.8,2020-07-19,68,11.7,D,2020,7,summer,low
30.7037,-9.3291,335.9,2020-07-19,72,12.8,D,2020,7,summer,low
35.7555,-5.4232,314.7,2020-08-02,86,14.5,N,2020,8,summer,low
35.7539,-5.4172,324.8,2020-08-02,100,26.8,N,2020,8,summer,medium
35.7456,-5.4315,311.8,2020-08-02,72,11.3,N,2020,8,summer,low
35.744,-5.4186,332.3,2020-08-02,100,39.0,N,2020,8,summer,medium
35.7425,-5.4056,313.0,2020-08-02,54,11.8,N,2020,8,summer,low
35.1531,-6.1047,305.1,2020-08-02,63,8.9,N,2020,8,summer,low
35.7554,-5.43,311.7,2020-08-02,70,11.1,N,2020,8,summer,low
35.7468,-5.427,342.5,2020-08-02,91,52.8,D,2020,8,summer,medium
35.7243,-5.3813,363.7,2020-08-02,100,102.2,N,2020,8,summer,high
35.7228,-5.3929,323.4,2020-08-02,100,19.4,N,2020,8,summer,low
35.735,-5.3716,310.3,2020-08-02,70,7.2,N,2020,8,summer,low
35.7335,-5.3833,313.8,2020-08-02,83,10.0,N,2020,8,summer,low
35.732,-5.3948,313.1,2020-08-02,81,8.9,N,2020,8,summer,low
35.7305,-5.4063,311.0,2020-08-02,73,7.3,N,2020,8,summer,low
35.729,-5.418,317.7,2020-08-02,94,13.6,N,2020,8,summer,low
35.7441,-5.3738,378.0,2020-08-02,100,154.9,N,2020,8,summer,high
35.7426,-5.3853,351.6,2020-08-02,100,68.2,N,2020,8,summer,medium
35.7411,-5.3966,336.1,2020-08-02,100,36.4,N,2020,8,summer,medium
35.7397,-5.4081,310.7,2020-08-02,72,6.9,N,2020,8,summer,low
35.7381,-5.4198,309.0,2020-08-02,45,6.1,N,2020,8,summer,low
35.7366,-5.4316,325.2,2020-08-02,100,22.4,N,2020,8,summer,medium
35.7458,-5.4334,322.8,2020-08-02,100,19.3,N,2020,8,summer,low
35.7434,-5.418,310.0,2020-08-03,32,22.9,N,2020,8,summer,medium
35.734,-5.3739,351.3,2020-08-03,100,179.8,N,2020,8,summer,high
35.7217,-5.3773,322.6,2020-08-03,100,52.4,N,2020,8,summer,medium
35.7147,-5.375,326.5,2020-08-03,60,19.2,D,2020,8,summer,low
35.7397,-5.4474,322.1,2020-08-03,58,16.0,D,2020,8,summer,low
35.7562,-5.4112,314.7,2020-08-04,86,29.9,N,2020,8,summer,medium
35.7579,-5.4298,343.7,2020-08-04,100,118.7,N,2020,8,summer,high
35.7395,-5.4372,330.9,2020-08-04,76,20.2,D,2020,8,summer,medium
35.6448,-5.8839,324.7,2020-08-13,61,7.2,D,2020,8,summer,low
35.1806,-5.1185,314.7,2020-08-13,90,16.5,N,2020,8,summer,low
33.62,-7.4098,334.6,2020-08-17,76,37.7,D,2020,8,summer,medium
35.3424,-5.1294,338.8,2020-08-22,83,28.7,D,2020,8,summer,medium
34.9957,-4.8696,349.3,2020-08-25,100,81.7,N,2020,8,summer,medium
34.9941,-4.8829,328.9,2020-08-25,100,35.2,N,2020,8,summer,medium
34.9968,-4.862,321.7,2020-08-25,100,24.5,N,2020,8,summer,medium
34.9953,-4.8755,338.2,2020-08-25,100,53.9,N,2020,8,summer,medium
34.9938,-4.8887,312.7,2020-08-25,85,13.2,N,2020,8,summer,low
35.2565,-5.551,348.4,2020-08-26,92,153.3,D,2020,8,summer,high
35.247,-5.5597,355.4,2020-08-26,97,205.9,D,2020,8,summer,high
34.9944,-4.8682,339.1,2020-08-26,81,80.1,D,2020,8,summer,medium
35.3351,-5.7392,334.7,2020-08-27,78,21.4,D,2020,8,summer,medium
35.2536,-5.5461,330.7,2020-08-27,45,17.9,D,2020,8,summer,low
35.0098,-4.8683,386.0,2020-08-27,100,222.9,D,2020,8,summer,high
35.0075,-4.8552,424.3,2020-08-27,100,566.9,D,2020,8,summer,high
35.0052,-4.8422,338.0,2020-08-27,77,36.9,D,2020,8,summer,medium
35.0002,-4.8718,349.1,2020-08-27,93,60.4,D,2020,8,summer,medium
34.9979,-4.8589,369.1,2020-08-27,100,132.6,D,2020,8,summer,high
35.2199,-5.5042,342.2,2020-08-27,100,46.1,N,2020,8,summer,medium
35.2184,-5.5151,343.7,2020-08-27,100,48.6,N,2020,8,summer,medium
35.2288,-5.5061,368.9,2020-08-27,100,111.1,N,2020,8,summer,high
35.2272,-5.517,380.8,2020-08-27,100,155.2,N,2020,8,summer,high
35.2377,-5.5081,324.3,2020-08-27,100,20.8,N,2020,8,summer,medium
35.2361,-5.5189,336.0,2020-08-27,100,35.6,N,2020,8,summer,medium
35.2465,-5.51,307.5,2020-08-27,72,6.7,N,2020,8,summer,low
35.245,-5.5208,336.3,2020-08-27,100,36.4,N,2020,8,summer,medium
35.2435,-5.5317,325.8,2020-08-27,100,22.2,N,2020,8,summer,medium
35.2539,-5.5228,319.9,2020-08-27,99,16.3,N,2020,8,summer,low
35.2523,-5.5336,310.5,2020-08-27,80,8.4,N,2020,8,summer,low
35.2511,-5.4933,322.0,2020-08-28,32,83.5,D,2020,8,summer,medium
35.235,-5.4964,333.5,2020-08-28,75,168.7,D,2020,8,summer,high
35.2432,-5.5016,336.2,2020-08-28,82,200.5,D,2020,8,summer,high
35.2111,-5.5073,303.8,2020-08-29,38,8.1,N,2020,8,summer,low
35.2294,-5.4772,308.1,2020-08-29,61,11.7,N,2020,8,summer,low
35.2273,-5.4892,311.0,2020-08-29,81,14.2,N,2020,8,summer,low
35.2323,-5.518,328.3,2020-08-29,100,35.5,N,2020,8,summer,medium
35.23,-5.5316,319.9,2020-08-29,99,23.8,N,2020,8,summer,medium
31.7044,-4.1959,308.4,2020-08-30,65,27.0,N,2020,8,summer,medium
35.211,-5.4933,311.9,2020-08-30,83,34.7,N,2020,8,summer,medium
35.2092,-5.5147,315.8,2020-08-30,92,44.6,N,2020,8,summer,medium
35.2348,-5.5202,339.2,2020-08-30,100,132.1,N,2020,8,summer,high
35.233,-5.5406,330.2,2020-08-30,100,90.8,N,2020,8,summer,medium
35.2097,-5.4981,320.0,2020-08-30,99,56.8,N,2020,8,summer,medium
35.2081,-5.5193,307.8,2020-08-30,73,26.0,N,2020,8,summer,medium
35.2337,-5.5246,341.3,2020-08-30,100,142.5,N,2020,8,summer,high
35.2321,-5.5454,315.0,2020-08-30,90,40.8,N,2020,8,summer,medium
35.2465,-5.5262,308.3,2020-08-30,74,28.6,N,2020,8,summer,medium
35.2321,-5.4789,307.5,2020-08-31,72,17.7,N,2020,8,summer,low
35.2952,-5.6874,383.6,2020-09-03,100,234.7,D,2020,9,autumn,high
35.3001,-5.7063,368.1,2020-09-03,100,147.3,D,2020,9,autumn,high
35.2976,-5.6924,399.4,2020-09-03,100,356.5,D,2020,9,autumn,high
35.2295,-5.5497,346.2,2020-09-03,92,64.5,D,2020,9,autumn,medium
35.227,-5.5361,344.4,2020-09-03,91,59.8,D,2020,9,autumn,medium
35.2978,-5.7012,409.0,2020-09-03,100,447.5,D,2020,9,autumn,high
33.4798,-5.2193,335.2,2020-09-03,73,31.9,D,2020,9,autumn,medium
33.4728,-5.2334,338.3,2020-09-03,82,46.6,D,2020,9,autumn,medium
33.4723,-5.2201,344.6,2020-09-03,89,77.1,D,2020,9,autumn,medium
33.4761,-5.2011,337.6,2020-09-03,67,52.8,D,2020,9,autumn,medium
33.4766,-5.2142,356.0,2020-09-03,97,134.5,D,2020,9,autumn,high
35.3076,-5.6906,389.5,2020-09-03,100,412.9,D,2020,9,autumn,high
35.2961,-5.6877,379.8,2020-09-03,100,314.2,D,2020,9,autumn,high
35.2924,-5.7065,434.5,2020-09-03,100,1173.1,D,2020,9,autumn,high
35.2887,-5.7252,324.4,2020-09-03,66,24.1,D,2020,9,autumn,medium
35.3038,-5.7098,437.2,2020-09-03,100,1237.3,D,2020,9,autumn,high
35.2022,-5.5385,325.3,2020-09-03,100,22.9,N,2020,9,autumn,medium
35.1966,-5.5199,361.6,2020-09-03,100,93.9,N,2020,9,autumn,medium
35.1847,-5.5401,372.6,2020-09-03,100,129.6,N,2020,9,autumn,high
35.1861,-5.529,401.9,2020-09-03,100,277.2,N,2020,9,autumn,high
35.1876,-5.5179,375.1,2020-09-03,100,139.6,N,2020,9,autumn,high
35.1756,-5.5381,316.0,2020-09-03,92,12.1,N,2020,9,autumn,low
35.1952,-5.5311,336.3,2020-09-03,100,36.7,N,2020,9,autumn,medium
35.1937,-5.5423,346.0,2020-09-03,100,54.5,N,2020,9,autumn,medium
35.2051,-5.5162,312.4,2020-09-03,85,11.0,N,2020,9,autumn,low
35.2036,-5.5273,355.2,2020-09-03,100,77.3,N,2020,9,autumn,medium
35.4365,-5.789,310.0,2020-09-04,79,22.8,N,2020,9,autumn,medium
35.2041,-5.5126,307.0,2020-09-04,67,20.8,N,2020,9,autumn,medium
35.1914,-5.5144,305.7,2020-09-04,57,17.3,N,2020,9,autumn,low
35.4323,-5.769,317.8,2020-09-04,96,40.1,N,2020,9,autumn,medium
35.1926,-5.5162,324.4,2020-09-04,57,49.5,D,2020,9,autumn,medium
35.2103,-5.5329,367.3,2020-09-04,100,151.1,D,2020,9,autumn,high
35.1998,-5.5306,340.3,2020-09-04,79,43.1,D,2020,9,autumn,medium
35.1854,-5.5215,336.9,2020-09-04,78,33.4,D,2020,9,autumn,medium
35.5664,-5.8158,313.0,2020-09-04,81,91.8,N,2020,9,autumn,medium
35.5684,-5.8239,306.9,2020-09-04,50,56.0,N,2020,9,autumn,medium
35.5809,-5.7758,307.8,2020-09-04,57,60.9,N,2020,9,autumn,medium
35.5785,-5.7677,307.1,2020-09-04,52,57.7,N,2020,9,autumn,medium
35.5875,-5.7898,307.2,2020-09-04,52,53.2,N,2020,9,autumn,medium
35.5848,-5.7827,309.3,2020-09-04,65,68.4,N,2020,9,autumn,medium
35.2194,-5.5063,314.1,2020-09-05,88,29.8,N,2020,9,autumn,medium
35.5847,-5.7896,329.4,2020-09-05,100,70.0,N,2020,9,autumn,medium
35.5827,-5.7677,313.5,2020-09-05,82,29.2,N,2020,9,autumn,medium
35.2215,-5.5285,316.4,2020-09-05,93,34.4,N,2020,9,autumn,medium
35.2199,-5.5115,386.1,2020-09-05,100,173.1,D,2020,9,autumn,high
35.2126,-5.5242,333.1,2020-09-05,71,17.1,D,2020,9,autumn,low
35.2109,-5.5133,334.3,2020-09-05,59,20.1,D,2020,9,autumn,medium
35.5794,-5.7978,335.5,2020-09-05,87,27.7,D,2020,9,autumn,medium
35.5777,-5.787,354.1,2020-09-05,97,63.3,D,2020,9,autumn,medium
35.5671,-5.7783,341.3,2020-09-05,91,37.5,D,2020,9,autumn,medium
35.2216,-5.5223,367.0,2020-09-05,100,95.1,D,2020,9,autumn,medium
35.5749,-5.7806,327.4,2020-09-05,70,72.0,D,2020,9,autumn,medium
29.8827,-9.1325,329.7,2020-09-06,66,15.5,D,2020,9,autumn,low
34.2505,-2.4608,303.2,2020-09-07,54,5.5,N,2020,9,autumn,low
34.2487,-2.4722,305.5,2020-09-07,64,7.0,N,2020,9,autumn,low
34.2597,-2.4627,312.2,2020-09-07,84,11.9,N,2020,9,autumn,low
34.2578,-2.4742,316.1,2020-09-07,93,15.3,N,2020,9,autumn,low
34.2655,-2.4445,305.4,2020-09-08,64,12.4,N,2020,9,autumn,low
34.0432,-6.3928,331.1,2020-09-08,54,7.8,D,2020,9,autumn,low
35.6469,-5.7032,336.6,2020-09-08,76,27.1,D,2020,9,autumn,medium
35.6577,-5.6941,323.8,2020-09-08,77,9.9,D,2020,9,autumn,low
35.6559,-5.7053,337.0,2020-09-08,83,28.1,D,2020,9,autumn,medium
35.7794,-5.7408,321.3,2020-09-09,70,19.2,D,2020,9,autumn,low
35.7776,-5.723,326.8,2020-09-09,80,31.0,D,2020,9,autumn,medium
35.7725,-5.7353,325.0,2020-09-09,74,60.7,D,2020,9,autumn,medium
35.1279,-5.6818,359.5,2020-09-09,99,325.8,D,2020,9,autumn,high
35.1306,-5.687,355.1,2020-09-09,97,280.3,D,2020,9,autumn,high
34.6806,-4.5713,326.9,2020-09-22,72,10.6,D,2020,9,autumn,low
35.5476,-5.6978,329.7,2020-09-22,78,15.4,D,2020,9,autumn,low
35.5461,-5.7093,322.9,2020-09-22,42,7.8,D,2020,9,autumn,low
32.6945,-5.5265,322.5,2020-09-23,46,8.9,D,2020,9,autumn,low
32.4013,-6.3531,342.4,2020-09-23,89,32.6,D,2020,9,autumn,medium
35.2392,-6.0822,323.4,2020-09-24,67,8.8,D,2020,9,autumn,low
35.2411,-6.0705,321.7,2020-09-24,61,7.2,D,2020,9,autumn,low
35.8462,-5.5197,325.8,2020-09-24,79,12.9,D,2020,9,autumn,low
32.087,-6.0049,305.2,2020-09-24,63,13.0,N,2020,9,autumn,low
35.4026,-6.0573,319.4,2020-09-26,54,12.1,D,2020,9,autumn,low
35.7527,-5.5625,317.7,2020-09-26,57,13.3,D,2020,9,autumn,low
33.6717,-3.7894,312.3,2020-09-26,84,21.9,N,2020,9,autumn,medium
33.6734,-3.7741,313.8,2020-09-26,88,23.4,N,2020,9,autumn,medium
33.669,-3.7793,323.5,2020-09-26,100,38.1,N,2020,9,autumn,medium
35.4726,-5.3827,304.2,2020-09-28,59,7.3,N,2020,9,autumn,low
35.4742,-5.3719,301.7,2020-09-28,44,5.7,N,2020,9,autumn,low
31.6671,-7.0261,343.5,2020-09-29,89,36.2,D,2020,9,autumn,medium
31.6656,-7.0367,352.1,2020-09-29,95,53.1,D,2020,9,autumn,medium
31.6745,-7.0385,368.6,2020-09-29,100,98.3,D,2020,9,autumn,medium
34.3608,-2.2568,332.3,2020-09-29,78,38.5,D,2020,9,autumn,medium
34.3559,-2.2613,336.2,2020-09-29,83,48.5,D,2020,9,autumn,medium
35.4691,-5.5864,315.0,2020-09-30,67,8.8,D,2020,9,autumn,low
35.4675,-5.5755,310.8,2020-09-30,40,5.4,D,2020,9,autumn,low
35.1764,-6.0385,349.4,2020-10-01,94,51.3,D,2020,10,autumn,medium
35.1748,-6.0493,325.5,2020-10-01,76,13.7,D,2020,10,autumn,low
35.3993,-5.9655,319.5,2020-10-01,66,7.1,D,2020,10,autumn,low
35.3977,-5.9764,363.8,2020-10-01,100,87.3,D,2020,10,autumn,medium
34.953,-5.7681,316.5,2020-10-04,50,20.5,D,2020,10,autumn,medium
35.4636,-5.5258,315.9,2020-10-06,65,10.6,D,2020,10,autumn,low
35.7866,-5.616,316.9,2020-10-06,60,12.7,D,2020,10,autumn,low
34.1224,-4.0975,335.8,2020-10-07,100,38.7,N,2020,10,autumn,medium
34.1208,-4.1083,323.9,2020-10-07,100,23.3,N,2020,10,autumn,medium
35.7438,-5.6484,305.9,2020-10-07,39,8.1,N,2020,10,autumn,low
32.4645,-6.0625,328.3,2020-10-08,75,18.5,D,2020,10,autumn,low
32.4631,-6.0731,320.1,2020-10-08,43,9.8,D,2020,10,autumn,low
35.5753,-5.4257,326.8,2020-10-08,80,18.5,D,2020,10,autumn,low
35.5738,-5.4373,317.4,2020-10-08,57,8.1,D,2020,10,autumn,low
35.6945,-5.7964,324.3,2020-10-08,77,10.7,D,2020,10,autumn,low
35.7856,-5.6067,312.9,2020-10-09,37,6.2,D,2020,10,autumn,low
34.7238,-3.9145,314.2,2020-10-09,45,5.6,D,2020,10,autumn,low
34.9295,-5.2142,323.2,2020-10-12,74,17.6,D,2020,10,autumn,low
34.6203,-4.3988,332.7,2020-10-14,86,40.8,D,2020,10,autumn,medium
33.5141,-5.3222,319.5,2020-10-14,70,12.0,D,2020,10,autumn,low
33.5119,-5.3098,319.4,2020-10-14,70,12.9,D,2020,10,autumn,low
35.7753,-5.6162,313.4,2020-10-14,58,25.7,D,2020,10,autumn,medium
35.8334,-5.5465,313.1,2020-10-15,57,10.3,D,2020,10,autumn,low
35.192,-5.0684,311.8,2020-10-16,52,9.1,D,2020,10,autumn,low
35.185,-5.0736,342.6,2020-10-16,91,247.6,D,2020,10,autumn,high
35.1834,-5.0765,340.9,2020-10-16,90,233.8,D,2020,10,autumn,high
35.2962,-5.7852,311.9,2020-10-16,43,36.5,D,2020,10,autumn,medium
32.3945,-5.9707,316.8,2020-10-17,56,8.4,D,2020,10,autumn,low
35.2393,-5.3224,320.3,2020-10-17,71,10.0,D,2020,10,autumn,low
35.25,-5.3201,369.5,2020-10-17,100,106.3,D,2020,10,autumn,high
35.2484,-5.331,327.1,2020-10-17,81,16.9,D,2020,10,autumn,low
35.2166,-5.8715,319.7,2020-10-17,72,6.1,D,2020,10,autumn,low
35.7778,-5.6274,315.0,2020-10-17,63,7.0,D,2020,10,autumn,low
34.8803,-2.2065,363.1,2020-10-20,100,208.0,N,2020,10,autumn,high
34.8911,-2.2122,332.0,2020-10-20,100,67.1,N,2020,10,autumn,medium
34.7731,-1.8589,309.4,2020-10-27,49,3.4,D,2020,10,autumn,low
30.6473,-8.2592,315.0,2020-10-27,48,13.4,D,2020,10,autumn,low
34.1258,-4.1927,312.1,2020-10-29,60,21.1,D,2020,10,autumn,medium
34.9918,-4.9517,307.7,2020-11-03,37,4.8,D,2020,11,autumn,low
33.6729,-5.5121,312.3,2020-11-03,61,6.0,D,2020,11,autumn,low
30.3365,-9.5487,328.8,2020-11-09,81,30.0,D,2020,11,autumn,medium
35.3532,-5.7419,310.8,2020-11-15,67,7.8,D,2020,11,autumn,low
35.1116,-6.035,308.4,2020-11-17,48,4.8,D,2020,11,autumn,low
33.9645,-4.9744,320.3,2020-11-18,73,10.9,D,2020,11,autumn,low
34.8207,-6.2047,323.6,2020-11-20,79,21.0,D,2020,11,autumn,medium
34.8223,-6.1975,316.2,2020-11-20,65,10.9,D,2020,11,autumn,low
34.8199,-6.2112,314.9,2020-11-20,62,9.5,D,2020,11,autumn,low
33.9406,-4.1117,304.7,2020-11-21,47,9.1,D,2020,11,autumn,low
30.1894,-9.3568,312.5,2020-11-22,45,4.6,D,2020,11,autumn,low
33.9006,-5.6263,315.2,2020-11-22,69,22.1,D,2020,11,autumn,medium
33.7887,-6.9516,317.6,2020-11-23,68,11.5,D,2020,11,autumn,low
33.7906,-6.9574,313.9,2020-11-23,58,8.1,D,2020,11,autumn,low
34.9203,-5.1628,310.9,2020-11-23,63,10.9,D,2020,11,autumn,low
35.251,-5.4148,302.3,2020-11-24,43,5.5,D,2020,11,autumn,low
34.4796,-5.3396,307.2,2020-11-24,32,4.1,D,2020,11,autumn,low
34.8305,-5.1538,308.9,2020-11-25,62,5.8,D,2020,11,autumn,low
33.7106,-6.9398,309.4,2020-12-02,56,5.5,D,2020,12,winter,low
32.8046,-4.034,311.6,2020-12-06,54,13.2,D,2020,12,winter,low
30.019,-9.4947,319.2,2020-12-15,75,15.2,D,2020,12,winter,low
32.8102,-4.034,324.3,2020-12-19,83,24.2,D,2020,12,winter,medium
30.0606,-9.4144,308.1,2020-12-19,64,6.1,D,2020,12,winter,low
31.4806,-4.7855,311.2,2020-12-20,63,5.2,D,2020,12,winter,low
35.0987,-6.0969,303.2,2020-12-20,55,4.9,D,2020,12,winter,low
35.015,-2.8363,307.8,2020-12-21,66,7.9,D,2020,12,winter,low
32.7995,-4.0271,310.2,2020-12-22,70,8.7,D,2020,12,winter,low
32.8068,-4.0153,302.8,2021-01-04,50,5.6,D,2021,1,winter,low
31.8242,-2.9432,326.0,2021-01-15,84,23.3,D,2021,1,winter,medium
31.4838,-8.9958,307.8,2021-01-23,62,12.6,D,2021,1,winter,low
34.5961,-2.9396,312.9,2021-01-25,72,12.4,D,2021,1,winter,low
31.9622,-4.4669,316.4,2021-01-30,66,7.9,D,2021,1,winter,low
34.302,-2.7941,323.9,2021-02-05,81,61.8,D,2021,2,winter,medium
34.3114,-2.8029,337.6,2021-02-05,90,127.2,D,2021,2,winter,high
34.3165,-2.7799,314.9,2021-02-05,72,35.4,D,2021,2,winter,medium
34.3152,-2.7969,333.2,2021-02-05,88,99.3,D,2021,2,winter,medium
31.1743,-4.2454,323.0,2021-02-06,76,14.6,D,2021,2,winter,low
28.6264,-9.4636,314.1,2021-02-10,59,5.9,D,2021,2,winter,low
35.2092,-2.9254,306.7,2021-02-14,34,4.0,D,2021,2,winter,low
35.3694,-5.9784,305.3,2021-02-15,61,4.9,D,2021,2,winter,low
34.8299,-6.2171,314.9,2021-02-15,73,9.4,D,2021,2,winter,low
32.6864,-7.9142,324.6,2021-02-18,79,18.4,D,2021,2,winter,low
35.3559,-5.2055,302.9,2021-02-19,43,5.9,D,2021,2,winter,low
32.3858,-6.9644,319.9,2021-02-20,74,13.9,D,2021,2,winter,low
32.1046,-7.418,310.0,2021-03-16,39,3.7,D,2021,3,spring,low
32.3619,-8.4219,302.6,2021-03-17,50,9.3,N,2021,3,spring,low
32.6366,-7.792,324.7,2021-03-24,72,9.8,D,2021,3,spring,low
34.9818,-5.2488,318.0,2021-03-31,68,13.4,D,2021,3,spring,low
30.4766,-8.8549,320.9,2021-04-01,61,7.7,D,2021,4,spring,low
30.0364,-9.5981,320.1,2021-04-01,58,5.2,D,2021,4,spring,low
34.7777,-6.3255,314.7,2021-04-05,45,10.2,D,2021,4,spring,low
33.4395,-5.9742,316.9,2021-04-19,66,10.9,D,2021,4,spring,low
31.7742,-4.2265,326.2,2021-04-22,56,15.9,D,2021,4,spring,low
34.5993,-6.2468,317.2,2021-05-12,52,6.2,D,2021,5,spring,low
32.9317,-7.0346,328.9,2021-05-12,73,12.4,D,2021,5,spring,low
35.0378,-5.9608,319.8,2021-05-15,65,9.6,D,2021,5,spring,low
35.2985,-5.8202,352.6,2021-05-15,96,74.3,D,2021,5,spring,medium
35.2963,-5.8332,354.9,2021-05-15,97,81.5,D,2021,5,spring,medium
33.2558,-7.9149,324.4,2021-05-17,64,11.2,D,2021,5,spring,low
33.2538,-7.9031,324.2,2021-05-17,63,11.0,D,2021,5,spring,low
33.0993,-7.7757,342.7,2021-05-19,87,35.0,D,2021,5,spring,medium
33.1008,-7.7863,337.6,2021-05-19,81,25.8,D,2021,5,spring,medium
33.0299,-7.9701,324.4,2021-05-20,55,38.1,D,2021,5,spring,medium
33.0325,-7.9744,326.9,2021-05-20,64,54.3,D,2021,5,spring,medium
33.04,-8.0075,335.9,2021-05-20,81,120.8,D,2021,5,spring,high
33.0376,-8.003,339.4,2021-05-20,85,149.9,D,2021,5,spring,high
32.9345,-7.8898,340.0,2021-05-20,80,21.3,D,2021,5,spring,medium
32.9328,-7.9007,333.2,2021-05-20,63,10.5,D,2021,5,spring,low
34.1538,-5.8442,352.9,2021-05-20,95,46.4,D,2021,5,spring,medium
34.1553,-5.8333,369.9,2021-05-20,100,95.0,D,2021,5,spring,medium
34.232,-5.784,325.4,2021-06-16,74,18.0,D,2021,6,summer,low
33.8515,-5.8438,328.5,2021-06-27,64,35.5,D,2021,6,summer,medium
34.7898,-4.4069,337.3,2021-06-29,84,27.4,D,2021,6,summer,medium
34.7345,-6.0936,331.2,2021-06-29,72,13.7,D,2021,6,summer,low
33.6268,-5.64,330.9,2021-07-04,70,23.4,D,2021,7,summer,medium
35.0198,-5.321,324.7,2021-07-04,57,15.2,D,2021,7,summer,low
32.9131,-8.8081,301.8,2021-07-04,44,6.5,N,2021,7,summer,low
35.0542,-5.9696,325.9,2021-07-07,79,104.8,D,2021,7,summer,high
35.0638,-5.9729,327.4,2021-07-07,80,118.2,D,2021,7,summer,high
35.0736,-6.0128,321.0,2021-07-07,73,73.2,D,2021,7,summer,medium
35.0643,-6.0094,325.9,2021-07-07,79,107.9,D,2021,7,summer,high
35.0696,-5.9537,331.9,2021-07-07,78,15.9,D,2021,7,summer,low
35.0681,-5.9648,331.9,2021-07-07,78,16.8,D,2021,7,summer,low
35.173,-6.0705,310.0,2021-07-08,79,14.4,N,2021,7,summer,low
35.1867,-6.057,335.8,2021-07-08,100,63.6,N,2021,7,summer,medium
35.1974,-6.0599,322.8,2021-07-08,100,33.2,N,2021,7,summer,medium
35.1944,-6.0765,317.5,2021-07-08,95,23.9,N,2021,7,summer,medium
35.1919,-6.0469,306.0,2021-07-08,43,8.3,N,2021,7,summer,low
35.1888,-6.0631,341.2,2021-07-08,100,79.4,N,2021,7,summer,medium
35.1856,-6.0797,317.1,2021-07-08,94,22.7,N,2021,7,summer,medium
35.1837,-6.0734,330.7,2021-07-08,100,50.7,N,2021,7,summer,medium
35.19,-6.0561,332.1,2021-07-09,100,31.1,N,2021,7,summer,medium
35.1811,-6.058,315.7,2021-07-09,92,12.8,N,2021,7,summer,low
35.1883,-6.0451,308.8,2021-07-09,72,7.7,N,2021,7,summer,low
35.1989,-6.0541,306.0,2021-07-09,32,5.5,N,2021,7,summer,low
31.5738,-7.2571,308.6,2021-07-09,75,6.7,N,2021,7,summer,low
31.5724,-7.2693,313.4,2021-07-09,87,11.8,N,2021,7,summer,low
31.5822,-7.271,306.9,2021-07-09,61,5.4,N,2021,7,summer,low
33.7984,-6.6614,309.4,2021-07-10,66,56.3,N,2021,7,summer,medium
33.8083,-6.6654,309.1,2021-07-10,64,54.6,N,2021,7,summer,medium
33.7909,-4.3059,338.0,2021-07-10,66,18.1,D,2021,7,summer,low
33.587,-4.8983,347.1,2021-07-10,90,54.8,D,2021,7,summer,medium
33.5886,-4.9119,356.0,2021-07-10,97,85.0,D,2021,7,summer,medium
33.5971,-4.8971,365.3,2021-07-10,100,120.8,D,2021,7,summer,high
33.5988,-4.911,381.0,2021-07-10,100,204.3,D,2021,7,summer,high
33.5956,-4.8912,330.5,2021-07-10,58,16.6,D,2021,7,summer,low
33.5972,-4.9051,412.2,2021-07-10,100,462.6,D,2021,7,summer,high
33.5987,-4.9187,342.3,2021-07-10,84,43.6,D,2021,7,summer,medium
33.8043,-4.8489,339.7,2021-07-10,80,31.3,D,2021,7,summer,medium
33.1473,-5.944,360.1,2021-07-10,100,109.1,D,2021,7,summer,high
34.8189,-4.3969,331.5,2021-07-10,50,18.4,D,2021,7,summer,low
33.7811,-4.3076,339.6,2021-07-10,80,22.8,D,2021,7,summer,medium
33.7857,-4.2835,347.7,2021-07-10,88,198.4,D,2021,7,summer,high
33.7728,-4.3112,340.0,2021-07-10,81,123.9,D,2021,7,summer,high
33.7903,-4.2791,339.8,2021-07-10,68,121.0,D,2021,7,summer,high
33.7881,-4.3128,355.2,2021-07-10,96,284.5,D,2021,7,summer,high
33.7837,-4.3172,354.5,2021-07-10,96,271.8,D,2021,7,summer,high
33.7991,-4.3182,334.9,2021-07-10,71,79.4,D,2021,7,summer,medium
33.5956,-4.9317,333.0,2021-07-10,48,67.3,D,2021,7,summer,medium
33.5975,-4.9042,332.2,2021-07-10,62,65.1,D,2021,7,summer,medium
33.5953,-4.9369,331.5,2021-07-10,59,63.7,D,2021,7,summer,medium
33.6123,-4.9036,358.5,2021-07-10,99,306.2,D,2021,7,summer,high
33.6101,-4.937,366.0,2021-07-10,100,408.5,D,2021,7,summer,high
34.6975,-4.5055,312.3,2021-07-10,82,18.4,N,2021,7,summer,low
33.6295,-4.9127,310.3,2021-07-11,51,6.9,N,2021,7,summer,low
33.628,-4.9021,341.6,2021-07-11,100,43.9,N,2021,7,summer,medium
33.6175,-4.8933,307.3,2021-07-11,31,4.9,N,2021,7,summer,low
33.6206,-4.9145,307.3,2021-07-11,31,5.3,N,2021,7,summer,low
33.6191,-4.9039,343.3,2021-07-11,100,47.5,N,2021,7,summer,medium
34.1343,-4.832,305.6,2021-07-13,65,6.2,N,2021,7,summer,low
30.7044,-6.2474,332.5,2021-07-14,69,91.9,D,2021,7,summer,medium
30.7019,-6.2095,328.2,2021-07-14,51,54.5,D,2021,7,summer,medium
34.5884,-5.8906,333.1,2021-07-14,67,12.1,D,2021,7,summer,low
34.5869,-5.9028,336.5,2021-07-14,75,18.7,D,2021,7,summer,low
33.6793,-6.7106,328.8,2021-07-15,36,7.3,D,2021,7,summer,low
33.8735,-5.6158,333.5,2021-07-15,70,10.6,D,2021,7,summer,low
33.6701,-6.7077,329.6,2021-07-15,38,8.1,D,2021,7,summer,low
35.1005,-4.4591,336.0,2021-07-18,75,20.6,D,2021,7,summer,medium
35.065,-3.6301,339.1,2021-07-18,81,20.4,D,2021,7,summer,medium
35.0633,-3.641,334.9,2021-07-18,70,13.8,D,2021,7,summer,low
35.0988,-4.4701,363.3,2021-07-18,100,86.4,D,2021,7,summer,medium
35.0949,-4.4498,308.3,2021-07-19,74,54.0,N,2021,7,summer,medium
35.0992,-4.4365,306.5,2021-07-19,68,45.3,N,2021,7,summer,medium
34.8264,-3.0302,331.8,2021-07-19,68,15.6,D,2021,7,summer,low
34.985,-4.7419,302.7,2021-07-24,38,5.7,N,2021,7,summer,low
33.7943,-5.236,344.9,2021-07-28,89,97.2,D,2021,7,summer,medium
33.8982,-4.6839,334.9,2021-07-28,42,26.0,D,2021,7,summer,medium
35.3248,-5.1267,333.2,2021-07-30,77,26.1,D,2021,7,summer,medium
35.3234,-5.1398,327.8,2021-07-30,67,17.0,D,2021,7,summer,low
33.9019,-4.6936,332.8,2021-07-31,76,14.4,D,2021,7,summer,low
35.0298,-3.4,332.1,2021-07-31,75,10.9,D,2021,7,summer,low
35.1332,-3.6406,327.9,2021-07-31,63,9.8,D,2021,7,summer,low
35.2192,-5.3183,330.9,2021-08-01,71,12.0,D,2021,8,summer,low
34.5944,-6.2461,330.4,2021-08-01,68,15.2,D,2021,8,summer,low
35.8063,-5.7229,318.8,2021-08-01,62,6.0,D,2021,8,summer,low
35.8047,-5.7338,321.0,2021-08-01,64,8.4,D,2021,8,summer,low
35.525,-5.4671,363.0,2021-08-06,100,132.1,D,2021,8,summer,high
35.5233,-5.4836,346.0,2021-08-06,93,62.8,D,2021,8,summer,medium
33.7972,-4.857,328.0,2021-08-13,60,22.2,D,2021,8,summer,medium
35.1112,-5.4004,433.3,2021-08-14,100,512.3,N,2021,8,summer,high
35.1142,-5.3788,341.3,2021-08-14,100,40.2,N,2021,8,summer,medium
35.1127,-5.3896,454.0,2021-08-14,100,759.2,N,2021,8,summer,high
35.1107,-5.3769,320.1,2021-08-15,100,31.8,N,2021,8,summer,medium
35.1149,-5.3976,359.1,2021-08-15,100,177.7,N,2021,8,summer,high
35.1223,-5.375,351.4,2021-08-15,100,137.7,N,2021,8,summer,high
35.1261,-5.3944,366.2,2021-08-15,100,222.1,N,2021,8,summer,high
35.118,-5.3865,333.9,2021-08-15,77,121.8,D,2021,8,summer,high
35.1109,-5.3826,332.6,2021-08-15,76,109.2,D,2021,8,summer,high
35.119,-5.4012,333.4,2021-08-15,52,19.8,D,2021,8,summer,low
35.108,-5.4107,339.4,2021-08-15,69,28.0,D,2021,8,summer,medium
35.1094,-5.3983,338.2,2021-08-15,63,25.9,D,2021,8,summer,medium
35.1203,-5.4106,310.5,2021-08-15,49,37.9,N,2021,8,summer,medium
35.1327,-5.4718,311.1,2021-08-15,74,37.3,N,2021,8,summer,medium
35.1169,-5.4707,315.5,2021-08-15,88,59.4,N,2021,8,summer,medium
35.1126,-5.4438,319.7,2021-08-15,99,85.1,N,2021,8,summer,medium
35.13,-5.4149,318.8,2021-08-15,97,82.2,N,2021,8,summer,medium
35.1284,-5.4455,328.6,2021-08-15,100,144.1,N,2021,8,summer,high
35.1267,-5.4776,315.1,2021-08-15,87,59.3,N,2021,8,summer,medium
35.1187,-5.4393,328.5,2021-08-15,100,140.6,N,2021,8,summer,high
35.1365,-5.4079,312.1,2021-08-15,56,45.0,N,2021,8,summer,medium
35.1346,-5.4393,318.5,2021-08-15,96,75.2,N,2021,8,summer,medium
35.1141,-5.4149,310.7,2021-08-15,72,40.4,N,2021,8,summer,medium
35.1373,-5.4557,334.3,2021-08-16,100,104.0,N,2021,8,summer,high
35.135,-5.4278,322.3,2021-08-16,100,55.2,N,2021,8,summer,medium
35.1325,-5.3979,316.7,2021-08-16,94,38.1,N,2021,8,summer,medium
35.1218,-5.4268,312.2,2021-08-16,84,26.7,N,2021,8,summer,medium
35.1243,-5.4571,326.2,2021-08-16,100,71.0,N,2021,8,summer,medium
35.1176,-5.3751,313.3,2021-08-16,87,29.3,N,2021,8,summer,medium
35.116,-5.3556,311.3,2021-08-16,82,24.5,N,2021,8,summer,medium
35.1283,-5.4538,335.5,2021-08-16,78,17.6,D,2021,8,summer,low
35.1299,-5.4646,335.5,2021-08-16,78,18.0,D,2021,8,summer,low
35.1253,-5.389,341.4,2021-08-16,100,55.6,N,2021,8,summer,medium
35.1325,-5.4052,304.8,2021-08-16,37,5.3,N,2021,8,summer,low
35.1198,-5.3634,350.1,2021-08-16,100,76.5,N,2021,8,summer,medium
35.1178,-5.3748,327.0,2021-08-16,100,28.8,N,2021,8,summer,medium
35.1371,-5.4027,320.6,2021-08-17,100,23.2,N,2021,8,summer,medium
35.1211,-5.3671,309.8,2021-08-17,78,12.1,N,2021,8,summer,low
35.135,-5.3908,328.8,2021-08-17,100,34.1,N,2021,8,summer,medium
35.1328,-5.3778,324.4,2021-08-17,100,27.3,N,2021,8,summer,medium
35.138,-5.3841,312.2,2021-08-17,84,13.4,N,2021,8,summer,low
35.1188,-5.3533,302.4,2021-08-17,49,6.3,N,2021,8,summer,low
30.1915,-9.4439,303.4,2021-08-17,55,3.8,N,2021,8,summer,low
35.1259,-5.3684,328.0,2021-08-17,74,86.5,D,2021,8,summer,medium
35.1314,-5.4018,331.7,2021-08-17,79,109.4,D,2021,8,summer,high
35.1222,-5.364,326.5,2021-08-17,70,73.9,D,2021,8,summer,medium
35.1344,-5.4041,325.6,2021-08-17,70,68.6,D,2021,8,summer,medium
35.1349,-5.3915,353.7,2021-08-17,96,54.3,D,2021,8,summer,medium
35.1333,-5.4023,339.6,2021-08-17,84,25.6,D,2021,8,summer,medium
34.3519,-2.6934,332.9,2021-08-17,64,15.6,D,2021,8,summer,low
35.1104,-5.3695,342.2,2021-08-17,86,28.3,D,2021,8,summer,medium
35.1448,-5.3927,308.6,2021-08-17,74,24.2,N,2021,8,summer,medium
35.1314,-5.4091,303.6,2021-08-17,56,15.7,N,2021,8,summer,low
35.1332,-5.3862,303.4,2021-08-17,55,15.4,N,2021,8,summer,low
35.1458,-5.3731,302.0,2021-08-18,46,29.4,N,2021,8,summer,medium
35.1043,-6.129,306.1,2021-08-18,41,16.4,N,2021,8,summer,low
34.9046,-4.6205,334.5,2021-08-20,80,80.4,D,2021,8,summer,medium
34.9104,-4.6245,330.4,2021-08-20,75,60.5,D,2021,8,summer,medium
34.8263,-6.311,325.4,2021-08-30,48,14.9,D,2021,8,summer,low
30.1742,-9.3865,327.6,2021-08-30,58,9.1,D,2021,8,summer,low
32.4195,-6.3797,325.3,2021-09-01,40,7.3,D,2021,9,autumn,low
35.2622,-5.3205,329.7,2021-09-02,69,10.8,D,2021,9,autumn,low
35.2548,-5.3077,340.6,2021-09-02,87,26.8,D,2021,9,autumn,medium
35.2637,-5.3097,363.7,2021-09-02,100,79.6,D,2021,9,autumn,medium
34.89,-6.169,326.2,2021-09-03,58,18.5,D,2021,9,autumn,low
34.2424,-4.8256,335.4,2021-09-04,73,14.4,D,2021,9,autumn,low
34.2444,-4.8137,339.3,2021-09-04,80,21.0,D,2021,9,autumn,medium
35.7182,-5.6926,333.4,2021-09-04,85,19.9,D,2021,9,autumn,low
34.1391,-2.456,331.2,2021-09-05,68,16.6,D,2021,9,autumn,low
34.1406,-2.4685,335.0,2021-09-05,76,23.7,D,2021,9,autumn,medium
31.9625,-4.4522,328.3,2021-09-08,69,13.2,D,2021,9,autumn,low
33.5564,-6.7334,343.8,2021-09-09,88,30.4,D,2021,9,autumn,medium
33.5548,-6.744,329.8,2021-09-09,52,9.7,D,2021,9,autumn,low
35.7098,-5.7594,330.8,2021-09-10,83,17.7,D,2021,9,autumn,low
34.8894,-6.1688,321.2,2021-09-17,37,8.1,D,2021,9,autumn,low
34.8265,-6.1819,318.4,2021-09-18,48,29.3,D,2021,9,autumn,medium
34.8264,-6.1765,319.9,2021-09-18,61,34.7,D,2021,9,autumn,medium
35.1936,-5.0057,319.5,2021-09-20,40,9.9,D,2021,9,autumn,low
34.8797,-6.1634,322.8,2021-09-20,40,12.9,D,2021,9,autumn,low
33.7747,-5.687,323.0,2021-09-24,69,9.2,D,2021,9,autumn,low
33.9236,-5.7503,326.9,2021-09-25,68,11.1,D,2021,9,autumn,low
35.7997,-5.5399,322.6,2021-09-25,75,15.2,D,2021,9,autumn,low
33.9597,-5.6302,322.3,2021-09-26,61,7.6,D,2021,9,autumn,low
34.6774,-5.9275,324.4,2021-09-29,100,25.8,N,2021,9,autumn,medium
34.6788,-5.9154,305.2,2021-09-29,63,7.1,N,2021,9,autumn,low
34.8859,-6.1574,317.7,2021-09-30,41,25.1,D,2021,9,autumn,medium
34.682,-3.9167,322.1,2021-09-30,64,20.8,D,2021,9,autumn,medium
29.7642,-9.1673,348.7,2021-09-30,92,42.2,D,2021,9,autumn,medium
29.7656,-9.157,356.3,2021-09-30,97,61.2,D,2021,9,autumn,medium
29.7732,-9.1688,380.7,2021-09-30,100,143.4,D,2021,9,autumn,high
29.767,-9.1466,337.2,2021-09-30,80,23.5,D,2021,9,autumn,medium
29.7746,-9.1584,383.8,2021-09-30,100,158.4,D,2021,9,autumn,high
29.776,-9.1483,333.3,2021-09-30,71,18.3,D,2021,9,autumn,low
33.916,-5.749,322.5,2021-10-01,62,8.1,D,2021,10,autumn,low
34.883,-6.2456,318.5,2021-10-01,35,7.1,D,2021,10,autumn,low
35.6642,-5.7092,328.5,2021-10-03,62,25.3,D,2021,10,autumn,medium
34.745,-3.9549,320.1,2021-10-03,69,12.4,D,2021,10,autumn,low
35.0227,-5.9465,316.3,2021-10-04,49,4.4,D,2021,10,autumn,low
31.3781,-7.6764,324.7,2021-10-06,80,37.7,D,2021,10,autumn,medium
34.7424,-4.4121,318.3,2021-10-07,53,11.9,D,2021,10,autumn,low
32.4576,-5.9219,325.0,2021-10-08,69,41.1,D,2021,10,autumn,medium
32.2603,-6.1638,338.6,2021-10-08,86,97.8,D,2021,10,autumn,medium
32.2652,-6.1407,322.8,2021-10-08,57,32.4,D,2021,10,autumn,medium
32.2616,-6.1592,350.4,2021-10-08,95,165.5,D,2021,10,autumn,high
32.6624,-6.1335,326.0,2021-10-10,71,8.1,D,2021,10,autumn,low
35.1857,-5.5943,334.4,2021-10-11,88,27.4,D,2021,10,autumn,medium
34.0867,-5.8905,317.9,2021-10-12,57,7.9,D,2021,10,autumn,low
35.7359,-5.7147,315.5,2021-10-13,66,23.1,D,2021,10,autumn,medium
33.8012,-5.4421,314.6,2021-10-13,63,27.9,D,2021,10,autumn,medium
35.7303,-5.711,316.9,2021-10-13,67,28.4,D,2021,10,autumn,medium
33.8032,-5.4361,314.2,2021-10-13,62,26.3,D,2021,10,autumn,medium
35.1613,-5.6229,326.4,2021-10-14,80,68.5,D,2021,10,autumn,medium
35.5415,-5.7432,328.8,2021-10-14,71,95.6,D,2021,10,autumn,medium
35.1591,-5.618,323.9,2021-10-14,75,55.6,D,2021,10,autumn,medium
35.7924,-5.6522,313.1,2021-10-16,57,12.8,D,2021,10,autumn,low
33.7396,-5.5272,304.9,2021-10-17,52,7.9,D,2021,10,autumn,low
35.8826,-5.4371,328.3,2021-10-19,81,23.5,D,2021,10,autumn,medium
35.174,-5.6105,314.4,2021-10-19,52,32.5,D,2021,10,autumn,medium
33.7879,-6.2313,320.1,2021-10-20,64,33.0,D,2021,10,autumn,medium
34.5175,-4.3943,348.9,2021-10-20,94,52.4,D,2021,10,autumn,medium
34.5161,-4.405,329.7,2021-10-20,77,19.5,D,2021,10,autumn,low
35.1845,-5.6155,330.9,2021-10-20,82,18.7,D,2021,10,autumn,low
35.3475,-5.4472,315.1,2021-10-21,59,7.5,D,2021,10,autumn,low
35.7824,-5.6932,330.6,2021-10-21,83,33.5,D,2021,10,autumn,medium
35.7118,-5.6074,319.0,2021-10-21,70,13.4,D,2021,10,autumn,low
35.7105,-5.6003,313.8,2021-10-21,46,7.4,D,2021,10,autumn,low
34.5445,-6.1724,310.3,2021-10-22,47,13.9,D,2021,10,autumn,low
33.727,-5.4222,324.9,2021-10-23,79,34.5,D,2021,10,autumn,medium
33.5959,-6.224,315.6,2021-10-23,66,15.4,D,2021,10,autumn,low
35.1519,-5.6066,321.0,2021-10-23,76,40.3,D,2021,10,autumn,medium
34.5042,-6.2149,317.0,2021-10-24,65,12.0,D,2021,10,autumn,low
35.4392,-5.4941,315.2,2021-10-27,60,8.5,D,2021,10,autumn,low
35.4378,-5.5053,344.3,2021-10-27,92,49.2,D,2021,10,autumn,medium
34.1591,-6.3287,321.4,2021-10-27,69,9.3,D,2021,10,autumn,low
34.1606,-6.3179,321.1,2021-10-27,68,9.0,D,2021,10,autumn,low
35.4286,-5.5037,325.8,2021-10-27,79,19.8,D,2021,10,autumn,low
34.326,-6.354,322.6,2021-10-28,72,13.5,D,2021,10,autumn,low
33.7714,-6.8165,317.7,2021-10-28,64,8.5,D,2021,10,autumn,low
34.8242,-4.6476,312.9,2021-10-28,39,8.2,D,2021,10,autumn,low
33.7761,-6.8215,318.6,2021-10-28,66,8.8,D,2021,10,autumn,low
34.5963,-6.1649,313.4,2021-10-28,36,6.4,D,2021,10,autumn,low
34.7307,-4.4518,310.3,2021-10-30,42,9.5,D,2021,10,autumn,low
33.7675,-6.8568,312.4,2021-10-30,56,14.2,D,2021,10,autumn,low
30.284,-9.4204,326.7,2021-10-31,72,15.1,D,2021,10,autumn,low
30.2864,-9.427,328.2,2021-10-31,73,17.8,D,2021,10,autumn,low
35.6012,-5.3031,312.3,2021-10-31,53,8.4,D,2021,10,autumn,low
33.6807,-7.2398,304.3,2021-11-06,42,4.6,D,2021,11,autumn,low
30.2809,-9.1538,301.2,2021-11-07,39,7.8,N,2021,11,autumn,low
30.4873,-8.9951,315.9,2021-11-08,65,8.9,D,2021,11,autumn,low
30.6897,-8.3947,316.2,2021-11-08,65,11.5,D,2021,11,autumn,low
33.1304,-5.8509,309.5,2021-11-09,38,11.1,D,2021,11,autumn,low
31.599,-7.1579,332.4,2021-11-09,86,44.0,D,2021,11,autumn,medium
31.6012,-7.1702,346.1,2021-11-09,94,75.9,D,2021,11,autumn,medium
33.2488,-5.9998,310.1,2021-11-09,59,13.4,D,2021,11,autumn,low
35.0417,-5.5145,307.0,2021-11-13,60,5.2,D,2021,11,autumn,low
33.8412,-5.7756,318.6,2021-11-14,71,12.5,D,2021,11,autumn,low
35.2714,-5.3918,309.4,2021-11-14,44,6.8,D,2021,11,autumn,low
35.1411,-5.6949,312.0,2021-11-14,67,8.9,D,2021,11,autumn,low
35.1429,-5.6833,309.4,2021-11-14,58,7.2,D,2021,11,autumn,low
35.0214,-2.9136,306.7,2021-11-15,55,3.7,D,2021,11,autumn,low
30.5114,-9.0667,315.1,2021-11-15,59,8.4,D,2021,11,autumn,low
33.7969,-5.4477,325.7,2021-11-18,83,26.0,D,2021,11,autumn,medium
33.7978,-5.441,339.7,2021-11-18,91,52.4,D,2021,11,autumn,medium
33.7947,-5.4349,325.3,2021-11-18,82,25.6,D,2021,11,autumn,medium
35.4354,-5.4896,301.8,2021-11-18,43,3.2,D,2021,11,autumn,low
32.1222,-7.0408,310.5,2021-11-18,60,5.8,D,2021,11,autumn,low
34.8782,-6.256,317.9,2021-11-19,52,16.0,D,2021,11,autumn,low
30.2272,-6.4727,300.4,2021-11-21,33,15.7,D,2021,11,autumn,low
30.1862,-9.3484,308.2,2021-11-25,67,5.7,D,2021,11,autumn,low
30.0393,-9.5271,300.6,2021-11-25,40,3.0,D,2021,11,autumn,low
30.041,-9.538,302.2,2021-11-25,51,3.9,D,2021,11,autumn,low
32.3533,-8.478,304.6,2021-11-29,58,4.7,D,2021,11,autumn,low
32.3559,-8.4837,305.2,2021-11-29,61,5.2,D,2021,11,autumn,low
33.86,-4.0157,306.3,2021-12-07,63,7.5,D,2021,12,winter,low
33.7269,-5.5504,318.1,2021-12-12,76,19.6,D,2021,12,winter,low
33.7285,-5.5357,306.8,2021-12-12,57,5.5,D,2021,12,winter,low
33.7545,-5.7161,307.3,2021-12-13,65,5.7,D,2021,12,winter,low
33.8241,-5.5544,303.6,2021-12-13,49,14.5,D,2021,12,winter,low
30.6927,-6.3018,316.9,2021-12-14,75,12.7,D,2021,12,winter,low
30.6534,-8.2266,309.0,2021-12-16,64,19.7,D,2021,12,winter,low
30.1712,-9.5031,308.6,2021-12-18,67,5.6,D,2021,12,winter,low
30.2008,-9.3722,326.5,2021-12-18,84,27.8,D,2021,12,winter,medium
30.1737,-9.5089,313.2,2021-12-18,73,10.0,D,2021,12,winter,low
33.0271,-5.6383,314.9,2021-12-18,73,21.2,D,2021,12,winter,medium
33.0243,-5.6534,307.2,2021-12-18,51,10.0,D,2021,12,winter,low
33.029,-5.6446,318.6,2021-12-18,77,25.9,D,2021,12,winter,medium
34.2538,-6.4846,308.5,2021-12-18,66,14.5,D,2021,12,winter,low
31.5137,-4.2652,305.9,2021-12-22,55,5.0,D,2021,12,winter,low
30.6918,-8.3809,308.6,2021-12-26,48,9.5,D,2021,12,winter,low
29.1237,-8.9402,330.0,2022-01-01,84,76.5,D,2022,1,winter,medium
29.1271,-8.9367,313.6,2022-01-01,54,17.0,D,2022,1,winter,low
29.1152,-8.9576,311.7,2022-01-01,41,13.4,D,2022,1,winter,low
29.1188,-8.9394,315.0,2022-01-01,60,20.0,D,2022,1,winter,medium
29.1234,-8.9557,319.9,2022-01-01,70,31.6,D,2022,1,winter,medium
34.9019,-2.4898,308.3,2022-01-02,67,8.2,D,2022,1,winter,low
30.3197,-9.1033,321.7,2022-01-02,75,20.9,D,2022,1,winter,medium
30.3181,-9.118,314.0,2022-01-02,62,9.2,D,2022,1,winter,low
31.6294,-4.2196,309.5,2022-01-06,56,9.0,D,2022,1,winter,low
32.8048,-4.0218,300.9,2022-01-07,43,4.3,D,2022,1,winter,low
34.9835,-3.2902,303.0,2022-01-16,54,3.8,D,2022,1,winter,low
32.4196,-6.9159,300.9,2022-01-20,41,11.9,D,2022,1,winter,low
34.862,-6.1049,304.9,2022-01-21,60,6.6,D,2022,1,winter,low
33.7837,-6.857,314.0,2022-01-28,60,15.0,D,2022,1,winter,low
33.7815,-6.8441,311.2,2022-01-28,47,12.0,D,2022,1,winter,low
35.423,-5.5127,345.9,2022-01-29,93,89.2,D,2022,1,winter,medium
33.7775,-5.7573,306.1,2022-02-01,62,5.0,D,2022,2,winter,low
33.776,-5.7461,306.0,2022-02-01,62,4.8,D,2022,2,winter,low
35.1477,-5.747,305.1,2022-02-02,53,5.0,D,2022,2,winter,low
34.9734,-3.0542,309.4,2022-02-05,69,12.6,D,2022,2,winter,low
33.9294,-5.6305,314.2,2022-02-09,61,5.5,D,2022,2,winter,low
33.9278,-5.6412,313.1,2022-02-09,58,4.7,D,2022,2,winter,low
32.3715,-6.9515,314.5,2022-02-10,48,20.8,D,2022,2,winter,medium
32.3781,-6.9602,313.7,2022-02-10,38,17.5,D,2022,2,winter,low
33.8387,-4.2623,306.5,2022-02-13,56,14.6,D,2022,2,winter,low
33.8178,-5.4478,318.7,2022-02-15,78,14.9,D,2022,2,winter,low
34.5923,-6.1535,305.9,2022-02-17,46,6.2,D,2022,2,winter,low
34.8051,-4.3268,310.1,2022-02-18,42,4.1,D,2022,2,winter,low
34.2221,-6.6131,315.2,2022-02-21,56,10.2,D,2022,2,winter,low
34.8363,-4.4636,317.6,2022-02-21,49,39.2,D,2022,2,winter,medium
34.3011,-6.3846,310.9,2022-02-22,41,5.8,D,2022,2,winter,low
32.5195,-6.2983,317.8,2022-03-01,72,14.7,D,2022,3,spring,low
32.5214,-6.2893,314.2,2022-03-01,50,9.5,D,2022,3,spring,low
32.5179,-6.302,322.9,2022-03-02,55,15.2,D,2022,3,spring,low
32.5213,-6.2944,318.3,2022-03-03,73,11.9,D,2022,3,spring,low
31.2796,-8.4502,315.0,2022-03-04,72,9.4,D,2022,3,spring,low
32.5293,-6.307,309.0,2022-03-08,60,12.8,D,2022,3,spring,low
31.5345,-8.252,312.2,2022-03-10,60,7.0,D,2022,3,spring,low
33.8068,-7.1731,310.7,2022-03-21,37,7.4,D,2022,3,spring,low
34.2091,-6.6312,315.8,2022-04-11,50,6.8,D,2022,4,spring,low
34.2072,-6.6197,326.6,2022-04-11,80,19.1,D,2022,4,spring,low
31.475,-4.2082,331.6,2022-04-18,81,62.0,D,2022,4,spring,medium
31.4707,-4.2297,321.3,2022-04-18,61,27.1,D,2022,4,spring,medium
31.4758,-4.213,330.6,2022-04-18,79,56.5,D,2022,4,spring,medium
35.5273,-5.4064,322.1,2022-04-19,75,21.0,D,2022,4,spring,medium
33.9133,-5.6887,312.5,2022-04-22,45,4.0,D,2022,4,spring,low
31.9846,-2.9727,320.7,2022-04-23,69,49.3,D,2022,4,spring,medium
31.9846,-2.9776,320.0,2022-04-23,64,42.9,D,2022,4,spring,medium
31.9925,-2.9769,329.6,2022-04-23,68,8.5,D,2022,4,spring,low
31.4885,-8.2623,327.4,2022-04-26,67,8.4,D,2022,4,spring,low
34.7658,-6.342,308.2,2022-04-27,74,10.8,N,2022,4,spring,low
35.7101,-5.9174,315.5,2022-04-30,58,6.3,D,2022,4,spring,low
33.8244,-5.5257,316.6,2022-05-06,57,7.5,D,2022,5,spring,low
30.1285,-9.4698,326.2,2022-05-07,45,19.5,D,2022,5,spring,low
35.4,-5.7437,318.9,2022-05-08,38,7.6,D,2022,5,spring,low
35.2839,-5.7079,320.7,2022-05-10,73,27.7,D,2022,5,spring,medium
35.2733,-5.6859,328.3,2022-05-10,81,49.9,D,2022,5,spring,medium
35.2715,-5.7069,317.5,2022-05-10,61,19.7,D,2022,5,spring,low
35.2857,-5.6869,328.3,2022-05-10,81,49.9,D,2022,5,spring,medium
23.714,-15.7797,306.9,2022-05-12,69,8.7,N,2022,5,spring,low
35.1477,-5.1156,316.4,2022-05-14,43,7.7,D,2022,5,spring,low
34.4375,-5.9466,319.6,2022-05-15,37,8.1,D,2022,5,spring,low
33.9631,-6.494,328.0,2022-05-16,61,13.5,D,2022,5,spring,low
33.9729,-6.4966,349.3,2022-05-16,93,61.1,D,2022,5,spring,medium
33.9706,-6.5099,331.4,2022-05-16,71,19.5,D,2022,5,spring,low
35.5646,-5.8482,318.2,2022-05-18,54,8.5,D,2022,5,spring,low
30.6912,-6.2621,339.1,2022-05-19,78,20.5,D,2022,5,spring,medium
34.8737,-6.0422,327.9,2022-05-20,79,24.0,D,2022,5,spring,medium
34.8712,-6.0283,320.3,2022-05-20,55,11.7,D,2022,5,spring,low
34.8875,-6.0751,352.1,2022-05-20,96,225.2,D,2022,5,spring,high
34.876,-6.0331,333.7,2022-05-20,84,85.3,D,2022,5,spring,medium
34.8695,-6.0621,343.5,2022-05-20,92,153.3,D,2022,5,spring,high
34.8897,-6.0377,340.2,2022-05-20,87,124.9,D,2022,5,spring,high
34.8832,-6.0668,373.1,2022-05-20,100,482.8,D,2022,5,spring,high
34.8804,-6.0416,344.1,2022-05-20,92,154.5,D,2022,5,spring,high
34.8738,-6.0706,342.8,2022-05-20,91,145.6,D,2022,5,spring,high
34.8941,-6.046,346.6,2022-05-20,85,172.8,D,2022,5,spring,high
33.6347,-6.2891,329.0,2022-05-25,70,16.8,D,2022,5,spring,low
35.0472,-6.1694,329.8,2022-05-26,77,19.1,D,2022,5,spring,low
35.0466,-6.1755,328.7,2022-05-26,75,18.2,D,2022,5,spring,low
33.8322,-5.7509,333.8,2022-05-26,79,28.9,D,2022,5,spring,medium
33.8262,-5.7429,328.0,2022-05-26,70,16.1,D,2022,5,spring,low
33.239,-7.6057,344.6,2022-06-07,88,31.8,D,2022,6,summer,medium
33.2375,-7.5951,330.5,2022-06-07,64,9.7,D,2022,6,summer,low
34.0458,-4.3156,329.4,2022-06-08,54,12.4,D,2022,6,summer,low
33.881,-4.8242,340.4,2022-06-14,84,29.2,D,2022,6,summer,medium
31.7199,-8.1044,320.1,2022-06-17,100,25.2,N,2022,6,summer,medium
31.7184,-8.1186,313.0,2022-06-17,86,15.6,N,2022,6,summer,low
34.9238,-6.2327,328.6,2022-06-22,73,12.6,D,2022,6,summer,low
32.2697,-7.0607,333.0,2022-06-24,73,16.7,D,2022,6,summer,low
33.0288,-4.9256,303.0,2022-06-30,53,5.6,N,2022,6,summer,low
33.0303,-4.9151,303.9,2022-06-30,57,6.0,N,2022,6,summer,low
34.7508,-4.67,329.9,2022-07-09,39,51.1,D,2022,7,summer,medium
34.7535,-4.6616,309.3,2022-07-09,75,6.9,N,2022,7,summer,low
34.9221,-4.7873,319.3,2022-07-10,67,61.7,D,2022,7,summer,medium
34.7625,-4.6636,390.9,2022-07-10,100,221.4,D,2022,7,summer,high
34.7531,-4.6612,397.2,2022-07-10,100,262.2,D,2022,7,summer,high
34.7511,-4.6734,398.3,2022-07-10,100,267.8,D,2022,7,summer,high
34.7605,-4.6759,417.2,2022-07-10,100,426.8,D,2022,7,summer,high
34.9188,-4.7802,332.1,2022-07-10,58,15.9,D,2022,7,summer,low
34.9283,-4.7819,346.9,2022-07-10,89,45.8,D,2022,7,summer,medium
35.681,-5.8676,383.9,2022-07-10,100,212.3,D,2022,7,summer,high
35.6786,-5.8814,374.8,2022-07-10,100,161.2,D,2022,7,summer,high
32.3999,-6.113,346.0,2022-07-11,88,72.3,D,2022,7,summer,medium
34.885,-5.3356,342.4,2022-07-13,85,45.1,D,2022,7,summer,medium
34.8834,-5.3212,331.4,2022-07-13,64,17.7,D,2022,7,summer,low
34.8939,-5.3192,329.4,2022-07-13,48,13.1,D,2022,7,summer,low
34.8955,-5.334,345.7,2022-07-13,88,54.9,D,2022,7,summer,medium
34.8901,-5.3363,344.3,2022-07-13,86,41.8,D,2022,7,summer,medium
35.0482,-5.6599,361.0,2022-07-13,100,263.4,N,2022,7,summer,high
35.0439,-5.6798,401.4,2022-07-13,100,824.1,N,2022,7,summer,high
35.0388,-5.7034,364.6,2022-07-13,100,302.6,N,2022,7,summer,high
35.0329,-5.7311,320.8,2022-07-13,100,39.5,N,2022,7,summer,medium
35.0274,-5.7566,314.7,2022-07-13,31,28.0,N,2022,7,summer,medium
35.0654,-5.6421,341.6,2022-07-13,100,124.1,N,2022,7,summer,high
35.0607,-5.6641,420.4,2022-07-13,100,1260.3,N,2022,7,summer,high
35.0564,-5.6842,500.0,2022-07-13,100,5173.7,N,2022,7,summer,high
35.0514,-5.7078,440.3,2022-07-13,100,1911.7,N,2022,7,summer,high
35.0457,-5.7346,330.1,2022-07-13,100,78.3,N,2022,7,summer,medium
35.0401,-5.7609,326.2,2022-07-13,85,67.8,N,2022,7,summer,medium
35.078,-5.6459,361.8,2022-07-13,100,269.2,N,2022,7,summer,high
35.0733,-5.6685,451.4,2022-07-13,100,2324.0,N,2022,7,summer,high
35.0689,-5.6889,500.0,2022-07-13,100,5172.6,N,2022,7,summer,high
35.0637,-5.7136,445.0,2022-07-13,100,2086.6,N,2022,7,summer,high
35.0582,-5.7391,335.0,2022-07-13,100,98.9,N,2022,7,summer,medium
35.0908,-5.6491,367.1,2022-07-13,100,319.6,N,2022,7,summer,high
35.0857,-5.6731,425.8,2022-07-13,100,1413.9,N,2022,7,summer,high
35.0814,-5.6936,347.3,2022-07-13,100,161.2,N,2022,7,summer,high
35.0762,-5.7181,328.9,2022-07-13,91,67.3,N,2022,7,summer,medium
35.0708,-5.7438,324.5,2022-07-13,81,54.7,N,2022,7,summer,medium
35.0983,-5.6776,315.9,2022-07-13,77,21.4,N,2022,7,summer,medium
35.0938,-5.6987,316.6,2022-07-13,91,23.3,N,2022,7,summer,medium
35.0498,-5.6545,355.2,2022-07-13,100,216.9,N,2022,7,summer,high
34.8926,-5.3177,310.3,2022-07-13,78,19.5,N,2022,7,summer,low
34.8881,-5.3391,312.3,2022-07-13,83,23.8,N,2022,7,summer,medium
35.028,-5.6944,314.6,2022-07-13,84,22.3,N,2022,7,summer,medium
35.033,-5.6705,315.8,2022-07-13,91,25.3,N,2022,7,summer,medium
35.0456,-5.6744,397.6,2022-07-13,100,752.1,N,2022,7,summer,high
35.041,-5.6968,388.7,2022-07-13,100,603.0,N,2022,7,summer,high
35.0353,-5.7241,321.6,2022-07-13,92,42.1,N,2022,7,summer,medium
35.0298,-5.7505,314.8,2022-07-13,70,25.8,N,2022,7,summer,medium
35.0312,-5.6762,315.2,2022-07-13,88,21.3,N,2022,7,summer,medium
35.0258,-5.7013,314.0,2022-07-13,84,18.2,N,2022,7,summer,low
35.0528,-5.6381,322.5,2022-07-13,100,42.9,N,2022,7,summer,medium
35.0839,-5.7148,332.3,2022-07-14,100,82.0,N,2022,7,summer,medium
35.0964,-5.7129,309.5,2022-07-14,50,19.0,N,2022,7,summer,low
34.8941,-5.331,308.7,2022-07-14,75,16.3,N,2022,7,summer,low
35.0507,-5.6587,317.5,2022-07-14,95,35.7,N,2022,7,summer,medium
35.0524,-5.6777,314.8,2022-07-14,53,27.6,N,2022,7,summer,medium
35.0632,-5.6579,308.4,2022-07-14,30,15.2,N,2022,7,summer,low
35.0692,-5.7237,305.3,2022-07-14,46,12.4,N,2022,7,summer,low
35.0777,-5.6775,316.8,2022-07-14,49,28.8,N,2022,7,summer,medium
35.0794,-5.6974,338.7,2022-07-14,100,106.0,N,2022,7,summer,high
35.0816,-5.7213,316.3,2022-07-14,61,32.8,N,2022,7,summer,medium
35.0534,-5.6539,313.9,2022-07-14,57,25.5,N,2022,7,summer,medium
35.082,-5.6928,343.3,2022-07-14,100,129.5,N,2022,7,summer,high
34.8895,-5.3254,333.6,2022-07-14,76,40.8,D,2022,7,summer,medium
34.0354,-4.2859,350.5,2022-07-14,93,152.3,D,2022,7,summer,high
34.0308,-4.2641,365.3,2022-07-14,100,268.4,D,2022,7,summer,high
34.0263,-4.2425,349.3,2022-07-14,92,148.5,D,2022,7,summer,high
34.0184,-4.268,369.4,2022-07-14,100,308.4,D,2022,7,summer,high
34.0141,-4.2474,352.8,2022-07-14,95,172.4,D,2022,7,summer,high
34.0095,-4.2256,327.4,2022-07-14,54,46.3,D,2022,7,summer,medium
35.0874,-5.736,385.7,2022-07-14,100,334.5,D,2022,7,summer,high
35.0909,-5.7541,342.4,2022-07-14,87,74.4,D,2022,7,summer,medium
35.088,-5.679,358.3,2022-07-14,93,116.2,D,2022,7,summer,high
35.0953,-5.717,403.5,2022-07-14,100,520.4,D,2022,7,summer,high
35.0985,-5.7335,419.3,2022-07-14,100,772.9,D,2022,7,summer,high
35.102,-5.7514,378.0,2022-07-14,100,271.7,D,2022,7,summer,high
35.1063,-5.7133,379.5,2022-07-14,100,267.5,D,2022,7,summer,high
35.1098,-5.7317,463.0,2022-07-14,100,1813.6,D,2022,7,summer,high
35.1131,-5.7486,418.2,2022-07-14,100,752.4,D,2022,7,summer,high
35.1049,-5.7067,341.7,2022-07-14,87,52.4,D,2022,7,summer,medium
35.1088,-5.7261,447.8,2022-07-14,100,1373.5,D,2022,7,summer,high
35.1121,-5.7428,454.0,2022-07-14,100,1542.1,D,2022,7,summer,high
35.0841,-5.7192,368.1,2022-07-14,97,171.8,D,2022,7,summer,high
35.0809,-5.7027,347.3,2022-07-14,75,52.3,D,2022,7,summer,medium
35.0762,-5.7387,380.1,2022-07-14,100,285.6,D,2022,7,summer,high
35.0728,-5.7214,432.8,2022-07-14,100,1013.8,D,2022,7,summer,high
35.0697,-5.7053,352.7,2022-07-14,86,73.1,D,2022,7,summer,medium
35.0651,-5.7413,357.1,2022-07-14,98,127.7,D,2022,7,summer,high
35.0619,-5.7253,377.9,2022-07-14,100,258.0,D,2022,7,summer,high
35.0478,-5.6533,355.4,2022-07-14,88,104.2,D,2022,7,summer,high
35.0509,-5.7289,348.1,2022-07-14,89,77.3,D,2022,7,summer,medium
35.0477,-5.7127,377.6,2022-07-14,100,250.7,D,2022,7,summer,high
35.0408,-5.6776,381.8,2022-07-14,100,286.3,D,2022,7,summer,high
35.0369,-5.6574,374.2,2022-07-14,100,226.8,D,2022,7,summer,high
35.2738,-6.0611,398.1,2022-07-14,100,1206.0,D,2022,7,summer,high
34.0174,-4.2257,359.1,2022-07-14,99,298.5,D,2022,7,summer,high
34.0109,-4.2553,396.4,2022-07-14,100,910.1,D,2022,7,summer,high
34.0041,-4.2866,337.5,2022-07-14,74,101.7,D,2022,7,summer,high
34.0246,-4.2592,349.7,2022-07-14,92,203.7,D,2022,7,summer,high
34.0179,-4.2898,336.9,2022-07-14,73,97.1,D,2022,7,summer,medium
34.0087,-4.2269,372.2,2022-07-14,100,461.7,D,2022,7,summer,high
34.0018,-4.2572,383.8,2022-07-14,100,648.9,D,2022,7,summer,high
34.0156,-4.2609,345.8,2022-07-14,89,170.9,D,2022,7,summer,high
34.0083,-4.293,335.1,2022-07-14,74,85.5,D,2022,7,summer,medium
34.0289,-4.2663,348.2,2022-07-14,91,189.3,D,2022,7,summer,high
34.0224,-4.2951,338.5,2022-07-14,80,108.9,D,2022,7,summer,high
34.8834,-5.3188,338.5,2022-07-14,82,116.6,D,2022,7,summer,high
34.8768,-5.3477,325.6,2022-07-14,37,31.4,D,2022,7,summer,medium
34.8842,-5.3229,341.7,2022-07-14,86,142.2,D,2022,7,summer,high
35.0386,-5.664,357.3,2022-07-14,98,285.5,D,2022,7,summer,high
35.0373,-5.736,343.9,2022-07-14,63,128.8,D,2022,7,summer,high
35.0813,-5.6811,372.4,2022-07-14,100,512.9,D,2022,7,summer,high
35.0742,-5.7117,385.8,2022-07-14,100,788.5,D,2022,7,summer,high
35.081,-5.75,341.3,2022-07-14,56,117.6,D,2022,7,summer,high
35.1034,-5.7205,347.1,2022-07-14,83,190.4,D,2022,7,summer,high
35.0954,-5.755,424.3,2022-07-14,100,2131.1,D,2022,7,summer,high
35.0812,-5.687,386.0,2022-07-14,100,803.5,D,2022,7,summer,high
35.0735,-5.7192,374.6,2022-07-14,100,562.3,D,2022,7,summer,high
35.0881,-5.7239,335.9,2022-07-14,36,82.7,D,2022,7,summer,medium
35.0801,-5.7572,336.6,2022-07-14,60,86.0,D,2022,7,summer,medium
35.1029,-5.7272,382.1,2022-07-14,100,743.7,D,2022,7,summer,high
35.0945,-5.7627,416.9,2022-07-14,100,1820.8,D,2022,7,summer,high
35.1174,-5.7318,397.2,2022-07-14,100,1135.3,D,2022,7,summer,high
35.1093,-5.7663,422.5,2022-07-14,100,2071.3,D,2022,7,summer,high
35.284,-6.0246,337.5,2022-07-14,80,106.2,D,2022,7,summer,high
35.2762,-6.0576,402.5,2022-07-14,100,1352.7,D,2022,7,summer,high
35.2818,-6.0278,348.2,2022-07-14,94,208.9,D,2022,7,summer,high
35.2885,-6.0659,340.1,2022-07-14,85,132.6,D,2022,7,summer,high
35.0439,-5.7504,318.4,2022-07-14,79,11.7,N,2022,7,summer,low
35.0453,-5.7384,320.4,2022-07-14,93,13.9,N,2022,7,summer,low
35.0467,-5.7267,317.3,2022-07-14,54,10.7,N,2022,7,summer,low
35.0481,-5.7147,314.2,2022-07-14,55,9.3,N,2022,7,summer,low
35.0574,-5.6375,385.0,2022-07-14,100,210.6,N,2022,7,summer,high
35.0589,-5.6255,355.4,2022-07-14,100,86.4,N,2022,7,summer,medium
35.0344,-5.7487,336.2,2022-07-14,100,37.0,N,2022,7,summer,medium
35.0358,-5.7365,333.6,2022-07-14,100,31.1,N,2022,7,summer,medium
35.0372,-5.7247,370.9,2022-07-14,100,138.0,N,2022,7,summer,high
35.0386,-5.713,434.8,2022-07-14,100,647.9,N,2022,7,summer,high
35.0401,-5.7008,386.2,2022-07-14,100,214.7,N,2022,7,summer,high
35.0463,-5.6487,317.9,2022-07-14,95,13.1,N,2022,7,summer,low
35.0256,-5.6586,312.6,2022-07-14,83,7.3,N,2022,7,summer,low
34.8915,-5.3253,311.9,2022-07-14,81,10.3,N,2022,7,summer,low
34.0242,-4.2929,331.1,2022-07-14,100,38.5,N,2022,7,summer,medium
34.0142,-4.2905,320.9,2022-07-14,100,21.0,N,2022,7,summer,medium
34.0157,-4.2769,316.8,2022-07-14,93,15.9,N,2022,7,summer,low
34.0171,-4.2642,317.6,2022-07-14,95,18.2,N,2022,7,summer,low
34.001,-4.3161,312.0,2022-07-14,66,9.6,N,2022,7,summer,low
34.0025,-4.3023,323.4,2022-07-14,100,24.6,N,2022,7,summer,medium
34.0041,-4.2886,321.4,2022-07-14,100,21.9,N,2022,7,summer,medium
34.0056,-4.275,316.3,2022-07-14,92,15.8,N,2022,7,summer,low
35.024,-5.6721,342.9,2022-07-14,100,52.5,N,2022,7,summer,medium
34.0099,-4.2355,316.1,2022-07-14,92,18.0,N,2022,7,summer,low
35.0479,-5.6358,314.9,2022-07-14,89,9.8,N,2022,7,summer,low
35.0248,-5.7471,318.2,2022-07-14,60,10.9,N,2022,7,summer,low
35.0263,-5.7347,338.7,2022-07-14,100,40.7,N,2022,7,summer,medium
35.0277,-5.7227,387.4,2022-07-14,100,217.4,N,2022,7,summer,high
35.0291,-5.7108,385.4,2022-07-14,100,207.1,N,2022,7,summer,high
35.0306,-5.6988,360.1,2022-07-14,100,97.7,N,2022,7,summer,medium
35.0321,-5.6864,325.6,2022-07-14,100,21.2,N,2022,7,summer,medium
35.0335,-5.6739,332.4,2022-07-14,100,32.1,N,2022,7,summer,medium
35.0352,-5.6604,333.8,2022-07-14,100,35.3,N,2022,7,summer,medium
35.0367,-5.6471,326.2,2022-07-14,100,23.4,N,2022,7,summer,medium
35.0197,-5.7085,385.9,2022-07-14,100,210.6,N,2022,7,summer,high
35.0211,-5.6962,409.2,2022-07-14,100,376.1,N,2022,7,summer,high
35.0226,-5.6843,366.8,2022-07-14,100,122.5,N,2022,7,summer,high
35.0852,-5.7651,328.8,2022-07-14,100,25.1,N,2022,7,summer,medium
35.091,-5.7157,327.2,2022-07-14,100,24.0,N,2022,7,summer,medium
35.0925,-5.7027,337.7,2022-07-14,100,42.2,N,2022,7,summer,medium
35.0941,-5.6894,327.2,2022-07-14,100,25.5,N,2022,7,summer,medium
35.0956,-5.6764,314.1,2022-07-14,86,10.1,N,2022,7,summer,low
35.0553,-5.7712,311.3,2022-07-14,52,5.3,N,2022,7,summer,low
35.0567,-5.7588,325.5,2022-07-14,100,20.6,N,2022,7,summer,medium
35.0519,-5.7644,325.2,2022-07-14,100,20.8,N,2022,7,summer,medium
35.0534,-5.752,319.7,2022-07-14,88,12.9,N,2022,7,summer,low
35.1565,-5.7703,325.0,2022-07-14,85,19.5,N,2022,7,summer,low
35.1551,-5.7822,335.9,2022-07-14,100,37.3,N,2022,7,summer,medium
35.1536,-5.7952,346.8,2022-07-14,100,60.4,N,2022,7,summer,medium
35.1675,-5.7596,339.9,2022-07-14,100,45.7,N,2022,7,summer,medium
35.1661,-5.7719,372.4,2022-07-14,100,143.9,N,2022,7,summer,high
35.1647,-5.7839,349.0,2022-07-14,100,64.8,N,2022,7,summer,medium
35.1632,-5.7967,321.5,2022-07-14,100,15.4,N,2022,7,summer,low
35.1757,-5.7732,343.4,2022-07-14,100,53.3,N,2022,7,summer,medium
35.1742,-5.7855,380.3,2022-07-14,100,181.3,N,2022,7,summer,high
35.1727,-5.7982,407.5,2022-07-14,100,359.6,N,2022,7,summer,high
35.1712,-5.8113,313.6,2022-07-14,81,7.5,N,2022,7,summer,low
35.2729,-6.0499,321.7,2022-07-14,100,18.5,N,2022,7,summer,low
35.2714,-6.0621,312.0,2022-07-14,75,8.1,N,2022,7,summer,low
35.2823,-6.0517,315.6,2022-07-14,90,11.4,N,2022,7,summer,low
35.2808,-6.0639,312.2,2022-07-14,65,7.5,N,2022,7,summer,low
35.2918,-6.0533,387.7,2022-07-14,100,216.0,N,2022,7,summer,high
35.2902,-6.0657,386.1,2022-07-14,100,206.3,N,2022,7,summer,high
35.2973,-6.0475,313.6,2022-07-14,85,10.1,N,2022,7,summer,low
35.2958,-6.0599,411.0,2022-07-14,100,380.0,N,2022,7,summer,high
35.2944,-6.0723,337.6,2022-07-14,100,41.5,N,2022,7,summer,medium
35.3969,-5.698,314.5,2022-07-14,83,9.5,N,2022,7,summer,low
35.4065,-5.7003,349.3,2022-07-14,100,69.2,N,2022,7,summer,medium
35.4051,-5.7122,373.7,2022-07-14,100,153.3,N,2022,7,summer,high
35.4036,-5.7242,315.6,2022-07-14,90,9.5,N,2022,7,summer,low
35.1037,-5.6909,335.2,2022-07-14,100,38.7,N,2022,7,summer,medium
35.1021,-5.7041,323.6,2022-07-14,100,20.0,N,2022,7,summer,medium
35.1277,-5.7353,315.5,2022-07-14,70,10.6,N,2022,7,summer,low
35.1357,-5.7493,321.2,2022-07-14,97,16.1,N,2022,7,summer,low
35.1453,-5.7509,336.5,2022-07-14,100,38.7,N,2022,7,summer,medium
35.1439,-5.7627,320.9,2022-07-14,62,12.8,N,2022,7,summer,low
35.1424,-5.7748,326.5,2022-07-14,100,20.6,N,2022,7,summer,medium
35.1484,-5.7569,331.4,2022-07-14,100,31.2,N,2022,7,summer,medium
35.147,-5.7687,321.6,2022-07-14,100,16.0,N,2022,7,summer,low
35.1456,-5.7807,329.5,2022-07-14,100,26.8,N,2022,7,summer,medium
35.1579,-5.7584,322.2,2022-07-14,100,17.2,N,2022,7,summer,low
35.0243,-5.6927,322.4,2022-07-15,100,23.2,N,2022,7,summer,medium
35.4066,-5.6924,328.6,2022-07-15,100,32.1,N,2022,7,summer,medium
35.2823,-6.043,322.2,2022-07-15,100,24.4,N,2022,7,summer,medium
35.1473,-5.7501,311.1,2022-07-15,30,9.5,N,2022,7,summer,low
35.1039,-5.6772,319.0,2022-07-15,98,19.0,N,2022,7,summer,low
35.104,-5.6841,310.4,2022-07-15,32,9.1,N,2022,7,summer,low
35.1017,-5.6708,317.3,2022-07-15,95,17.3,N,2022,7,summer,low
35.0634,-5.6263,320.3,2022-07-15,100,21.4,N,2022,7,summer,medium
35.0365,-5.647,314.5,2022-07-15,89,14.1,N,2022,7,summer,low
35.0365,-5.7042,311.4,2022-07-15,82,10.5,N,2022,7,summer,low
35.0342,-5.691,320.9,2022-07-15,100,21.2,N,2022,7,summer,medium
35.0319,-5.678,324.7,2022-07-15,100,26.0,N,2022,7,summer,medium
35.0294,-5.6639,339.3,2022-07-15,100,53.6,N,2022,7,summer,medium
35.0221,-5.6801,332.9,2022-07-15,100,39.8,N,2022,7,summer,medium
35.0197,-5.6666,323.8,2022-07-15,100,25.4,N,2022,7,summer,medium
35.411,-5.7171,315.4,2022-07-15,91,14.4,N,2022,7,summer,low
35.4089,-5.705,339.2,2022-07-15,100,52.2,N,2022,7,summer,medium
34.006,-4.2278,308.5,2022-07-15,75,12.7,N,2022,7,summer,low
34.8853,-5.3198,329.1,2022-07-15,62,31.6,D,2022,7,summer,medium
35.0179,-5.668,342.6,2022-07-15,86,98.8,D,2022,7,summer,medium
35.031,-5.6662,369.3,2022-07-15,100,318.2,D,2022,7,summer,high
35.028,-5.6614,374.3,2022-07-15,100,375.5,D,2022,7,summer,high
35.0297,-5.6846,352.5,2022-07-15,95,160.3,D,2022,7,summer,high
34.0203,-4.2995,333.5,2022-07-15,64,37.8,D,2022,7,summer,medium
35.2812,-5.1121,429.0,2022-07-15,100,1404.9,D,2022,7,summer,high
35.405,-5.6946,328.4,2022-07-15,53,45.8,D,2022,7,summer,medium
35.2794,-5.0908,377.7,2022-07-15,100,399.5,D,2022,7,summer,high
34.0255,-4.2875,373.9,2022-07-15,100,109.1,D,2022,7,summer,high
34.0052,-4.2268,337.1,2022-07-15,65,18.5,D,2022,7,summer,low
34.024,-4.299,355.1,2022-07-15,76,49.3,D,2022,7,summer,medium
35.2668,-5.1199,335.2,2022-07-15,77,25.5,D,2022,7,summer,medium
35.408,-5.7044,368.0,2022-07-15,97,90.6,D,2022,7,summer,medium
35.3991,-5.7024,340.9,2022-07-15,55,25.1,D,2022,7,summer,medium
35.2758,-6.051,357.7,2022-07-15,98,61.2,D,2022,7,summer,medium
35.2773,-6.0401,373.1,2022-07-15,100,106.8,D,2022,7,summer,high
35.2758,-5.1217,334.3,2022-07-15,75,24.9,D,2022,7,summer,medium
35.2773,-5.1102,365.3,2022-07-15,100,95.3,D,2022,7,summer,medium
35.2683,-5.1087,358.3,2022-07-15,98,74.1,D,2022,7,summer,medium
35.1516,-5.7618,340.2,2022-07-15,69,20.5,D,2022,7,summer,medium
35.101,-5.7223,396.0,2022-07-15,100,206.7,D,2022,7,summer,high
35.1026,-5.7113,361.4,2022-07-15,100,65.9,D,2022,7,summer,medium
35.0921,-5.7204,356.0,2022-07-15,97,51.4,D,2022,7,summer,medium
35.0937,-5.7095,348.9,2022-07-15,92,35.8,D,2022,7,summer,medium
35.0893,-5.6746,345.6,2022-07-15,89,32.4,D,2022,7,summer,medium
35.0592,-5.6292,370.0,2022-07-15,100,99.4,D,2022,7,summer,medium
35.0607,-5.6185,364.1,2022-07-15,100,80.6,D,2022,7,summer,medium
35.0488,-5.6382,353.5,2022-07-15,77,51.8,D,2022,7,summer,medium
35.0503,-5.6274,484.0,2022-07-15,94,1258.1,D,2022,7,summer,high
34.8478,-5.3603,347.3,2022-07-15,89,31.7,D,2022,7,summer,medium
34.8807,-5.3217,335.6,2022-07-15,61,14.5,D,2022,7,summer,low
34.8912,-5.3126,367.2,2022-07-15,100,86.4,D,2022,7,summer,medium
34.8897,-5.3237,373.7,2022-07-15,100,109.1,D,2022,7,summer,high
35.0085,-5.6636,334.8,2022-07-15,74,16.7,D,2022,7,summer,low
35.007,-5.6745,347.3,2022-07-15,90,37.8,D,2022,7,summer,medium
35.019,-5.6546,338.5,2022-07-15,80,22.5,D,2022,7,summer,medium
35.0174,-5.6656,423.7,2022-07-15,100,412.4,D,2022,7,summer,high
35.0159,-5.6765,477.8,2022-07-15,100,1134.7,D,2022,7,summer,high
35.0144,-5.6873,355.7,2022-07-15,97,56.6,D,2022,7,summer,medium
35.0294,-5.6455,365.2,2022-07-15,100,82.9,D,2022,7,summer,medium
35.0279,-5.6565,408.6,2022-07-15,100,293.4,D,2022,7,summer,high
35.0263,-5.6676,439.3,2022-07-15,100,570.6,D,2022,7,summer,high
35.0248,-5.6785,363.2,2022-07-15,100,78.1,D,2022,7,summer,medium
35.0414,-5.6254,376.4,2022-07-15,94,121.3,D,2022,7,summer,high
35.0399,-5.6363,369.5,2022-07-15,100,96.0,D,2022,7,summer,medium
35.0384,-5.6473,391.5,2022-07-15,100,188.6,D,2022,7,summer,high
35.0368,-5.6583,335.3,2022-07-15,73,17.7,D,2022,7,summer,low
35.0518,-5.6166,486.2,2022-07-15,94,1304.7,D,2022,7,summer,high
35.4139,-5.7278,389.9,2022-07-15,100,179.5,D,2022,7,summer,high
35.4154,-5.717,440.2,2022-07-15,100,580.3,D,2022,7,summer,high
35.405,-5.726,347.0,2022-07-15,79,32.7,D,2022,7,summer,medium
35.4065,-5.7151,407.1,2022-07-15,100,278.6,D,2022,7,summer,high
35.0667,-5.6107,321.8,2022-07-15,100,97.4,N,2022,7,summer,medium
35.0509,-5.6084,321.0,2022-07-15,100,91.8,N,2022,7,summer,medium
35.0184,-5.6748,316.6,2022-07-15,91,70.9,N,2022,7,summer,medium
35.0263,-5.6423,328.8,2022-07-15,100,144.7,N,2022,7,summer,high
35.035,-5.6061,365.7,2022-07-15,100,602.3,N,2022,7,summer,high
34.0102,-4.2277,311.8,2022-07-15,83,47.0,N,2022,7,summer,medium
34.0099,-4.2342,311.5,2022-07-15,83,45.7,N,2022,7,summer,medium
35.0608,-5.6159,325.2,2022-07-15,100,119.5,N,2022,7,summer,high
35.2771,-5.1122,316.7,2022-07-15,92,76.0,N,2022,7,summer,medium
35.2792,-5.1072,318.5,2022-07-15,96,84.9,N,2022,7,summer,medium
35.4352,-5.6946,322.0,2022-07-15,100,103.0,N,2022,7,summer,high
35.4101,-5.73,328.5,2022-07-15,100,142.5,N,2022,7,summer,high
35.4208,-5.6864,312.4,2022-07-15,58,51.4,N,2022,7,summer,medium
35.4307,-5.7305,337.3,2022-07-15,100,217.6,N,2022,7,summer,high
35.4254,-5.7348,357.6,2022-07-15,100,465.0,N,2022,7,summer,high
35.4153,-5.7264,356.8,2022-07-15,100,450.9,N,2022,7,summer,high
35.4256,-5.6831,312.0,2022-07-15,56,47.7,N,2022,7,summer,medium
35.0633,-5.6036,307.6,2022-07-16,72,38.8,N,2022,7,summer,medium
35.4241,-5.6873,309.3,2022-07-16,52,43.7,N,2022,7,summer,medium
35.4274,-5.6923,309.4,2022-07-16,77,48.0,N,2022,7,summer,medium
35.286,-5.0986,304.4,2022-07-16,60,31.2,N,2022,7,summer,medium
35.0609,-5.5997,308.5,2022-07-16,75,40.5,N,2022,7,summer,medium
34.9012,-5.3198,342.3,2022-07-16,86,38.1,D,2022,7,summer,medium
35.0717,-5.5991,376.9,2022-07-16,100,152.9,D,2022,7,summer,high
35.4124,-5.7061,350.1,2022-07-16,91,53.9,D,2022,7,summer,medium
35.0178,-5.655,330.3,2022-07-16,60,16.1,D,2022,7,summer,low
34.8989,-5.3068,340.0,2022-07-16,84,34.0,D,2022,7,summer,medium
35.02,-5.6683,344.1,2022-07-16,88,41.7,D,2022,7,summer,medium
35.0336,-5.6061,345.9,2022-07-16,90,38.8,D,2022,7,summer,medium
35.0431,-5.6043,337.1,2022-07-16,57,20.8,D,2022,7,summer,medium
35.0622,-5.601,356.1,2022-07-16,97,70.6,D,2022,7,summer,medium
35.0161,-5.6406,339.9,2022-07-16,90,255.0,D,2022,7,summer,high
35.0176,-5.6383,336.7,2022-07-16,88,212.9,D,2022,7,summer,high
35.0654,-5.5973,323.6,2022-07-16,64,55.8,D,2022,7,summer,medium
35.051,-5.6517,325.0,2022-07-16,52,72.5,D,2022,7,summer,medium
34.9948,-5.4236,325.7,2022-07-16,76,44.0,D,2022,7,summer,medium
35.003,-5.4559,328.4,2022-07-16,81,69.9,D,2022,7,summer,medium
35.0436,-5.6275,338.5,2022-07-16,89,178.0,D,2022,7,summer,high
35.0407,-5.6765,324.3,2022-07-16,44,46.9,D,2022,7,summer,medium
34.993,-5.4635,328.5,2022-07-16,81,70.9,D,2022,7,summer,medium
35.0181,-5.6332,328.0,2022-07-16,81,81.5,D,2022,7,summer,medium
35.0158,-5.6792,343.9,2022-07-16,92,248.4,D,2022,7,summer,high
35.0346,-5.6347,339.1,2022-07-16,89,184.2,D,2022,7,summer,high
35.0674,-5.6383,324.7,2022-07-16,54,47.2,D,2022,7,summer,medium
35.425,-5.7383,327.2,2022-07-16,80,90.5,D,2022,7,summer,medium
35.4197,-5.732,338.2,2022-07-16,89,193.3,D,2022,7,summer,high
35.4267,-5.7017,319.7,2022-07-16,39,39.9,D,2022,7,summer,medium
35.4215,-5.6971,332.2,2022-07-16,85,138.9,D,2022,7,summer,high
35.4292,-5.7085,308.8,2022-07-16,75,6.0,N,2022,7,summer,low
35.0837,-5.6091,314.3,2022-07-16,89,9.7,N,2022,7,summer,low
35.0764,-5.5964,365.8,2022-07-16,100,100.0,N,2022,7,summer,high
35.0748,-5.6072,432.0,2022-07-16,100,502.4,N,2022,7,summer,high
35.0733,-5.6181,316.5,2022-07-16,93,11.2,N,2022,7,summer,low
35.0843,-5.5945,306.9,2022-07-17,41,5.3,N,2022,7,summer,low
35.0787,-5.618,333.4,2022-07-17,100,31.3,N,2022,7,summer,medium
35.0771,-5.6073,351.7,2022-07-17,100,64.2,N,2022,7,summer,medium
35.0754,-5.5965,306.4,2022-07-17,39,5.0,N,2022,7,summer,low
35.0859,-5.6053,344.1,2022-07-17,100,48.7,N,2022,7,summer,medium
35.0876,-5.6161,336.1,2022-07-17,100,35.1,N,2022,7,summer,medium
35.0437,-5.627,335.7,2022-07-17,47,12.2,D,2022,7,summer,low
34.5788,-4.1335,341.3,2022-07-17,82,24.1,D,2022,7,summer,medium
35.0191,-5.6577,339.3,2022-07-17,61,23.4,D,2022,7,summer,medium
35.0263,-5.929,329.0,2022-07-18,67,9.6,D,2022,7,summer,low
34.3115,-5.9981,324.3,2022-07-19,57,46.6,D,2022,7,summer,medium
34.3143,-6.0042,323.9,2022-07-19,56,45.9,D,2022,7,summer,medium
35.0114,-5.696,341.6,2022-07-23,100,42.6,N,2022,7,summer,medium
35.0023,-5.6941,321.1,2022-07-23,100,13.8,N,2022,7,summer,low
35.3225,-5.5451,388.2,2022-07-25,100,807.6,D,2022,7,summer,high
33.827,-3.2257,340.3,2022-07-25,82,173.6,D,2022,7,summer,high
33.8246,-3.2664,337.3,2022-07-25,78,138.3,D,2022,7,summer,high
33.8435,-3.2275,340.3,2022-07-25,82,176.3,D,2022,7,summer,high
33.8411,-3.2688,335.7,2022-07-25,75,123.1,D,2022,7,summer,high
33.8314,-3.231,357.3,2022-07-25,98,434.0,D,2022,7,summer,high
33.8292,-3.2718,341.0,2022-07-25,83,185.2,D,2022,7,summer,high
35.3209,-5.5706,354.2,2022-07-25,97,254.8,D,2022,7,summer,high
35.3371,-5.5466,433.4,2022-07-25,100,2336.8,D,2022,7,summer,high
35.3354,-5.572,406.6,2022-07-25,100,1281.5,D,2022,7,summer,high
35.3517,-5.5457,334.9,2022-07-25,87,87.3,D,2022,7,summer,medium
35.3498,-5.5746,327.4,2022-07-25,70,41.2,D,2022,7,summer,medium
33.5873,-4.0557,301.8,2022-07-25,44,4.9,N,2022,7,summer,low
34.7032,-4.5003,321.6,2022-07-25,100,16.4,N,2022,7,summer,low
34.6123,-4.9217,323.8,2022-07-25,100,16.9,N,2022,7,summer,low
34.6107,-4.9328,321.5,2022-07-25,100,14.2,N,2022,7,summer,low
35.3332,-5.5832,357.2,2022-07-25,100,79.7,N,2022,7,summer,medium
35.335,-5.5715,380.2,2022-07-25,100,159.1,N,2022,7,summer,high
35.3369,-5.5597,319.7,2022-07-25,57,13.0,N,2022,7,summer,low
35.3242,-5.581,316.4,2022-07-25,83,10.8,N,2022,7,summer,low
35.3151,-5.5787,311.4,2022-07-25,38,6.8,N,2022,7,summer,low
35.3066,-5.5823,320.2,2022-07-25,76,13.3,N,2022,7,summer,low
35.2848,-5.5409,330.6,2022-07-25,100,26.0,N,2022,7,summer,medium
35.8764,-5.4843,313.7,2022-07-25,83,9.3,N,2022,7,summer,low
35.355,-5.5638,310.1,2022-07-25,47,6.4,N,2022,7,summer,low
35.3441,-5.5736,322.9,2022-07-25,100,17.3,N,2022,7,summer,low
35.3459,-5.5618,349.9,2022-07-25,100,62.3,N,2022,7,summer,medium
35.2866,-5.5291,356.1,2022-07-25,100,77.5,N,2022,7,summer,medium
35.2775,-5.5272,323.8,2022-07-25,100,19.5,N,2022,7,summer,low
35.2757,-5.5388,327.3,2022-07-25,100,22.2,N,2022,7,summer,medium
35.2939,-5.5429,324.0,2022-07-25,78,17.0,N,2022,7,summer,low
35.2957,-5.531,334.6,2022-07-25,100,32.7,N,2022,7,summer,medium
35.2795,-5.5255,316.3,2022-07-26,92,13.2,N,2022,7,summer,low
35.357,-5.5629,335.7,2022-07-26,100,37.2,N,2022,7,summer,medium
35.3556,-5.5516,324.6,2022-07-26,100,21.7,N,2022,7,summer,medium
35.3479,-5.5649,319.7,2022-07-26,99,16.3,N,2022,7,summer,low
35.3422,-5.5732,313.2,2022-07-26,85,10.6,N,2022,7,summer,low
35.3405,-5.5613,311.2,2022-07-26,71,8.6,N,2022,7,summer,low
35.333,-5.5752,314.5,2022-07-26,88,11.8,N,2022,7,summer,low
35.2993,-5.533,321.4,2022-07-26,100,18.0,N,2022,7,summer,low
35.2977,-5.5213,314.7,2022-07-26,89,11.9,N,2022,7,summer,low
35.2902,-5.535,313.3,2022-07-26,86,9.9,N,2022,7,summer,low
35.2886,-5.5234,319.0,2022-07-26,98,15.7,N,2022,7,summer,low
35.2811,-5.5372,315.7,2022-07-26,91,12.2,N,2022,7,summer,low
34.6078,-4.9238,308.1,2022-07-26,71,5.7,N,2022,7,summer,low
33.8256,-3.2501,313.4,2022-07-26,87,11.4,N,2022,7,summer,low
33.8239,-3.2394,314.6,2022-07-26,90,12.6,N,2022,7,summer,low
33.8088,-3.2441,328.9,2022-07-26,59,63.0,D,2022,7,summer,medium
35.287,-5.5279,330.2,2022-07-26,65,159.1,D,2022,7,summer,high
35.2872,-5.522,331.4,2022-07-26,70,167.2,D,2022,7,summer,high
33.8239,-3.2426,331.5,2022-07-26,68,81.4,D,2022,7,summer,medium
35.304,-5.5661,340.5,2022-07-26,90,225.7,D,2022,7,summer,high
35.2986,-5.5719,332.3,2022-07-26,51,133.5,D,2022,7,summer,high
35.3149,-5.567,332.1,2022-07-26,32,130.3,D,2022,7,summer,high
33.7914,-3.2369,400.2,2022-07-26,100,274.7,D,2022,7,summer,high
33.7894,-3.2489,439.6,2022-07-26,100,671.4,D,2022,7,summer,high
33.7801,-3.2468,338.3,2022-07-26,73,19.9,D,2022,7,summer,low
35.2812,-5.4869,417.7,2022-07-26,100,579.6,D,2022,7,summer,high
35.2784,-5.5022,504.6,2022-07-26,100,2700.2,D,2022,7,summer,high
35.2756,-5.5178,496.7,2022-07-26,100,2398.2,D,2022,7,summer,high
35.3038,-5.583,357.6,2022-07-26,96,83.8,D,2022,7,summer,medium
35.2953,-5.5133,436.8,2022-07-26,100,844.1,D,2022,7,summer,high
35.2821,-5.5264,401.7,2022-07-26,100,367.1,D,2022,7,summer,high
35.285,-5.5111,465.6,2022-07-26,100,1445.3,D,2022,7,summer,high
35.2878,-5.4958,439.3,2022-07-26,100,900.6,D,2022,7,summer,high
35.2719,-5.5237,410.1,2022-07-26,100,454.8,D,2022,7,summer,high
35.2711,-5.4837,325.4,2022-07-26,30,22.0,D,2022,7,summer,medium
35.2684,-5.4982,358.5,2022-07-26,99,110.6,D,2022,7,summer,high
35.2656,-5.5137,346.8,2022-07-26,76,60.6,D,2022,7,summer,medium
35.3373,-5.576,347.6,2022-07-26,86,58.3,D,2022,7,summer,medium
35.2924,-5.5285,466.1,2022-07-26,100,1451.9,D,2022,7,summer,high
35.2728,-5.5333,355.6,2022-07-26,81,79.3,D,2022,7,summer,medium
35.2777,-5.4927,453.4,2022-07-26,100,1180.5,D,2022,7,summer,high
35.2748,-5.5082,477.9,2022-07-26,100,1782.8,D,2022,7,summer,high
35.3505,-5.5623,345.6,2022-07-26,85,57.1,D,2022,7,summer,medium
30.2297,-9.5125,308.3,2022-07-26,65,9.7,N,2022,7,summer,low
30.2281,-9.5261,312.1,2022-07-26,80,13.8,N,2022,7,summer,low
34.6852,-4.4733,305.5,2022-07-26,65,28.5,N,2022,7,summer,medium
35.2514,-5.4506,322.8,2022-07-26,100,85.9,N,2022,7,summer,medium
35.2682,-5.4147,362.7,2022-07-26,100,410.2,N,2022,7,summer,high
35.2658,-5.4505,377.4,2022-07-26,100,625.9,N,2022,7,summer,high
35.3072,-5.4781,339.7,2022-07-26,100,180.3,N,2022,7,summer,high
35.2708,-5.4202,363.9,2022-07-26,100,424.0,N,2022,7,summer,high
35.2687,-5.4554,356.0,2022-07-26,100,328.6,N,2022,7,summer,high
35.3124,-5.4493,325.3,2022-07-26,100,95.9,N,2022,7,summer,medium
35.31,-5.4848,338.6,2022-07-26,100,175.2,N,2022,7,summer,high
35.2537,-5.4151,334.1,2022-07-26,100,148.4,N,2022,7,summer,high
34.6803,-4.4641,315.7,2022-07-27,92,75.1,N,2022,7,summer,medium
34.6828,-4.4707,313.7,2022-07-27,88,67.0,N,2022,7,summer,medium
34.674,-4.4325,307.8,2022-07-27,72,44.1,N,2022,7,summer,medium
35.3165,-5.4476,313.5,2022-07-27,87,49.0,N,2022,7,summer,medium
35.2609,-5.4215,308.4,2022-07-27,52,34.8,N,2022,7,summer,medium
35.3115,-5.4537,370.3,2022-07-27,100,106.8,D,2022,7,summer,high
35.3099,-5.4422,340.3,2022-07-27,85,27.4,D,2022,7,summer,medium
35.2519,-5.428,336.9,2022-07-27,63,27.4,D,2022,7,summer,medium
35.2504,-5.417,338.1,2022-07-27,80,29.7,D,2022,7,summer,medium
35.2427,-5.4293,341.0,2022-07-27,76,36.3,D,2022,7,summer,medium
35.2412,-5.4185,342.1,2022-07-27,86,38.9,D,2022,7,summer,medium
35.082,-4.7773,330.1,2022-07-27,66,14.5,D,2022,7,summer,low
34.6886,-4.4662,328.8,2022-07-27,54,10.5,D,2022,7,summer,low
35.3206,-5.4521,336.1,2022-07-27,69,21.7,D,2022,7,summer,medium
35.3221,-5.4633,333.5,2022-07-27,56,18.3,D,2022,7,summer,low
35.2513,-5.4165,358.9,2022-07-27,99,165.5,D,2022,7,summer,high
35.2491,-5.439,331.0,2022-07-27,39,40.7,D,2022,7,summer,medium
35.249,-5.4015,349.1,2022-07-27,95,107.9,D,2022,7,summer,high
35.2469,-5.4249,370.9,2022-07-27,100,249.6,D,2022,7,summer,high
35.3045,-5.4463,422.4,2022-07-27,100,936.9,D,2022,7,summer,high
35.3026,-5.467,367.1,2022-07-27,100,206.9,D,2022,7,summer,high
35.3164,-5.4466,342.2,2022-07-27,85,72.4,D,2022,7,summer,medium
35.3038,-5.5812,353.6,2022-07-27,97,111.4,D,2022,7,summer,high
35.2907,-5.4669,350.3,2022-07-27,95,100.7,D,2022,7,summer,high
35.2926,-5.4461,417.3,2022-07-27,100,835.8,D,2022,7,summer,high
35.2395,-5.4285,313.7,2022-07-27,88,19.6,N,2022,7,summer,low
35.2419,-5.4154,314.2,2022-07-27,89,19.7,N,2022,7,summer,low
35.2521,-5.4184,304.8,2022-07-27,62,10.3,N,2022,7,summer,low
35.2694,-5.5013,307.2,2022-07-27,71,13.2,N,2022,7,summer,low
35.2341,-5.4216,306.8,2022-07-27,69,12.8,N,2022,7,summer,low
35.2676,-5.5026,302.2,2022-07-28,47,10.1,N,2022,7,summer,low
35.247,-5.4111,301.3,2022-07-28,35,8.3,N,2022,7,summer,low
35.2601,-5.5064,305.7,2022-07-31,56,7.2,N,2022,7,summer,low
32.7764,-5.4211,392.7,2022-08-02,100,287.8,D,2022,8,summer,high
32.7739,-5.435,368.5,2022-08-02,100,134.4,D,2022,8,summer,high
32.7865,-5.4231,340.6,2022-08-02,70,38.3,D,2022,8,summer,medium
32.7838,-5.438,346.3,2022-08-02,88,50.7,D,2022,8,summer,medium
34.989,-5.155,390.8,2022-08-02,100,234.2,D,2022,8,summer,high
34.987,-5.1667,352.1,2022-08-02,94,63.0,D,2022,8,summer,medium
32.7841,-5.4176,349.0,2022-08-03,91,103.9,D,2022,8,summer,high
32.7743,-5.4207,336.4,2022-08-03,63,42.4,D,2022,8,summer,medium
32.7865,-5.4234,342.6,2022-08-03,83,72.3,D,2022,8,summer,medium
30.7327,-8.8933,335.3,2022-08-05,63,13.6,D,2022,8,summer,low
35.0303,-5.9801,324.0,2022-08-06,48,22.1,D,2022,8,summer,medium
28.5954,-9.4259,358.7,2022-08-08,99,137.0,D,2022,8,summer,high
28.6018,-9.4211,354.7,2022-08-08,96,111.7,D,2022,8,summer,high
35.0979,-2.7362,328.1,2022-08-13,46,15.5,D,2022,8,summer,low
35.6832,-5.2886,332.4,2022-08-15,100,41.7,N,2022,8,summer,medium
35.6816,-5.3019,311.9,2022-08-15,77,13.5,N,2022,8,summer,low
31.5182,-5.494,332.2,2022-08-16,66,11.7,D,2022,8,summer,low
34.519,-5.9672,325.8,2022-08-17,62,13.9,D,2022,8,summer,low
34.7886,-4.5485,305.2,2022-08-18,63,53.7,N,2022,8,summer,medium
34.7889,-4.544,302.6,2022-08-19,50,29.5,N,2022,8,summer,medium
34.7877,-4.5371,302.1,2022-08-19,46,29.9,N,2022,8,summer,medium
35.0552,-6.0878,334.0,2022-08-19,65,16.0,D,2022,8,summer,low
34.7804,-4.542,342.3,2022-08-19,84,89.8,D,2022,8,summer,medium
34.7925,-4.5479,367.4,2022-08-19,100,266.1,D,2022,8,summer,high
34.7908,-4.5679,336.4,2022-08-19,61,58.8,D,2022,8,summer,medium
35.9048,-5.4604,337.6,2022-08-19,100,46.1,N,2022,8,summer,medium
34.7908,-4.547,312.7,2022-08-19,85,12.2,N,2022,8,summer,low
34.7889,-4.5588,303.9,2022-08-19,57,5.4,N,2022,8,summer,low
34.8001,-4.5485,303.6,2022-08-19,56,5.4,N,2022,8,summer,low
34.7915,-4.5544,302.6,2022-08-20,50,6.7,N,2022,8,summer,low
34.7901,-4.5419,304.5,2022-08-20,60,8.2,N,2022,8,summer,low
34.9589,-5.1477,374.8,2022-08-20,100,446.7,N,2022,8,summer,high
34.9478,-5.1182,325.5,2022-08-20,100,72.4,N,2022,8,summer,medium
34.9456,-5.1464,399.5,2022-08-20,100,843.9,N,2022,8,summer,high
34.944,-5.1685,323.1,2022-08-20,100,61.9,N,2022,8,summer,medium
34.957,-5.1721,338.1,2022-08-20,100,128.9,N,2022,8,summer,high
34.9613,-5.1162,306.5,2022-08-20,68,17.6,N,2022,8,summer,low
34.9714,-5.1516,308.9,2022-08-21,76,18.7,N,2022,8,summer,low
34.967,-5.1304,307.9,2022-08-21,70,17.2,N,2022,8,summer,low
34.9606,-5.1582,328.8,2022-08-21,100,59.6,N,2022,8,summer,medium
34.9563,-5.1373,335.5,2022-08-21,100,81.5,N,2022,8,summer,medium
34.9641,-5.162,316.2,2022-08-21,45,29.1,N,2022,8,summer,medium
34.96,-5.1408,336.7,2022-08-21,100,85.3,N,2022,8,summer,medium
34.9489,-5.1462,312.0,2022-08-21,84,23.4,N,2022,8,summer,medium
34.9448,-5.1257,313.6,2022-08-21,88,26.2,N,2022,8,summer,medium
34.9592,-5.1552,368.7,2022-08-21,100,115.4,D,2022,8,summer,high
34.9689,-5.1546,334.8,2022-08-21,62,20.8,D,2022,8,summer,medium
34.9467,-5.1325,337.3,2022-08-21,74,25.9,D,2022,8,summer,medium
34.9498,-5.1573,361.3,2022-08-21,100,86.7,D,2022,8,summer,medium
34.5431,-4.6958,344.7,2022-08-21,82,31.7,D,2022,8,summer,medium
34.5447,-4.682,387.9,2022-08-21,100,230.6,D,2022,8,summer,high
34.553,-4.6984,354.2,2022-08-21,89,61.4,D,2022,8,summer,medium
34.7946,-4.5367,339.1,2022-08-21,76,41.0,D,2022,8,summer,medium
34.7929,-4.5528,340.3,2022-08-21,80,41.7,D,2022,8,summer,medium
34.5561,-4.6707,346.0,2022-08-21,67,38.9,D,2022,8,summer,medium
34.7584,-4.404,343.9,2022-08-21,85,45.8,D,2022,8,summer,medium
34.5545,-4.6848,443.6,2022-08-21,100,866.1,D,2022,8,summer,high
34.7686,-4.4059,332.4,2022-08-21,60,17.8,D,2022,8,summer,low
34.7942,-4.5456,358.0,2022-08-21,98,95.5,D,2022,8,summer,medium
34.9398,-5.1444,343.6,2022-08-21,67,34.6,D,2022,8,summer,medium
34.9577,-5.1625,341.5,2022-08-21,59,30.1,D,2022,8,summer,medium
34.9413,-5.1314,354.7,2022-08-21,96,66.8,D,2022,8,summer,medium
34.9676,-5.152,317.7,2022-08-21,96,30.8,N,2022,8,summer,medium
34.9376,-5.1257,327.9,2022-08-21,100,52.1,N,2022,8,summer,medium
34.9489,-5.1277,326.9,2022-08-21,100,48.4,N,2022,8,summer,medium
34.9662,-5.1384,335.7,2022-08-22,100,112.2,N,2022,8,summer,high
34.9695,-5.1644,313.0,2022-08-22,59,33.6,N,2022,8,summer,medium
34.9678,-5.1448,340.9,2022-08-22,100,137.4,N,2022,8,summer,high
34.966,-5.1241,309.9,2022-08-22,66,27.1,N,2022,8,summer,medium
34.9529,-5.1227,311.7,2022-08-22,83,31.7,N,2022,8,summer,medium
34.9808,-5.159,307.0,2022-08-22,70,24.0,N,2022,8,summer,medium
34.9792,-5.1392,302.2,2022-08-22,48,15.1,N,2022,8,summer,low
34.9678,-5.1579,319.8,2022-08-22,99,53.3,N,2022,8,summer,medium
34.9515,-5.1163,310.6,2022-08-22,65,28.5,N,2022,8,summer,medium
34.9606,-5.1271,350.0,2022-08-22,93,163.5,D,2022,8,summer,high
34.9667,-5.1551,348.4,2022-08-22,92,155.1,D,2022,8,summer,high
34.9628,-5.132,356.2,2022-08-22,97,209.6,D,2022,8,summer,high
33.5411,-5.179,378.3,2022-08-22,100,494.0,D,2022,8,summer,high
33.5358,-5.1545,413.8,2022-08-22,100,1236.7,D,2022,8,summer,high
33.528,-5.1831,364.8,2022-08-22,100,319.2,D,2022,8,summer,high
33.5226,-5.1585,387.1,2022-08-22,100,639.5,D,2022,8,summer,high
33.5074,-5.1806,353.7,2022-08-22,95,352.7,D,2022,8,summer,high
33.5232,-5.1838,422.8,2022-08-22,100,2579.3,D,2022,8,summer,high
33.5258,-5.1476,395.3,2022-08-22,100,1349.3,D,2022,8,summer,high
33.5163,-5.1866,412.7,2022-08-22,100,2066.1,D,2022,8,summer,high
33.541,-5.1533,340.5,2022-08-22,83,194.3,D,2022,8,summer,high
33.5319,-5.1911,356.7,2022-08-22,97,403.9,D,2022,8,summer,high
35.3224,-5.7793,332.3,2022-08-22,85,99.4,D,2022,8,summer,medium
35.3262,-5.7475,343.9,2022-08-22,92,216.3,D,2022,8,summer,high
35.317,-5.7848,325.9,2022-08-22,63,48.9,D,2022,8,summer,medium
33.5322,-5.1457,382.3,2022-08-22,100,947.3,D,2022,8,summer,high
33.5168,-5.1408,337.5,2022-08-22,79,165.0,D,2022,8,summer,high
34.6948,-4.4707,302.6,2022-08-22,50,7.8,N,2022,8,summer,low
34.6968,-4.449,310.2,2022-08-22,79,17.7,N,2022,8,summer,low
33.5301,-5.1931,337.2,2022-08-22,100,63.7,N,2022,8,summer,medium
33.5317,-5.1784,382.0,2022-08-22,100,267.4,N,2022,8,summer,high
33.5212,-5.1767,341.0,2022-08-22,100,73.0,N,2022,8,summer,medium
33.5227,-5.1621,336.0,2022-08-22,100,60.9,N,2022,8,summer,medium
33.5108,-5.1745,313.8,2022-08-22,60,17.7,N,2022,8,summer,low
34.9534,-5.1274,304.7,2022-08-23,61,8.1,N,2022,8,summer,low
33.5392,-5.1899,310.5,2022-08-23,80,13.7,N,2022,8,summer,low
33.5369,-5.1771,376.7,2022-08-23,100,192.8,N,2022,8,summer,high
33.5272,-5.1795,340.8,2022-08-23,100,60.4,N,2022,8,summer,medium
33.5249,-5.1667,331.9,2022-08-23,100,41.8,N,2022,8,summer,medium
33.5258,-5.1567,360.2,2022-08-23,100,134.6,D,2022,8,summer,high
33.5129,-5.1415,342.3,2022-08-23,63,59.5,D,2022,8,summer,medium
33.5276,-5.1743,344.8,2022-08-23,75,66.2,D,2022,8,summer,medium
34.6941,-4.4478,325.8,2022-08-23,45,11.8,D,2022,8,summer,low
33.5241,-5.1398,389.6,2022-08-23,100,354.4,D,2022,8,summer,high
33.5273,-5.1631,348.9,2022-08-23,72,37.3,D,2022,8,summer,medium
33.5258,-5.1737,373.4,2022-08-23,100,103.3,D,2022,8,summer,high
33.5243,-5.1843,388.7,2022-08-23,100,170.6,D,2022,8,summer,high
33.5023,-5.1469,343.3,2022-08-23,39,30.3,D,2022,8,summer,medium
33.5362,-5.1649,412.5,2022-08-23,100,316.8,D,2022,8,summer,high
33.5346,-5.1755,389.4,2022-08-23,100,175.0,D,2022,8,summer,high
33.5331,-5.1861,362.7,2022-08-23,100,75.5,D,2022,8,summer,medium
33.5377,-5.1544,348.0,2022-08-23,91,39.1,D,2022,8,summer,medium
33.5127,-5.1382,406.7,2022-08-23,100,276.1,D,2022,8,summer,high
33.5112,-5.1488,424.6,2022-08-23,100,411.2,D,2022,8,summer,high
33.5216,-5.14,425.7,2022-08-23,100,424.9,D,2022,8,summer,high
33.52,-5.1506,422.8,2022-08-23,100,394.0,D,2022,8,summer,high
33.5169,-5.1718,372.9,2022-08-23,100,96.7,D,2022,8,summer,medium
33.5154,-5.1824,343.0,2022-08-23,53,22.2,D,2022,8,summer,medium
33.5289,-5.1525,341.8,2022-08-23,84,26.2,D,2022,8,summer,medium
34.6865,-4.4648,332.7,2022-08-23,47,11.1,D,2022,8,summer,low
33.5317,-5.1732,363.2,2022-08-24,100,510.9,D,2022,8,summer,high
33.5363,-5.1657,370.5,2022-08-24,100,652.0,D,2022,8,summer,high
33.5338,-5.1358,350.4,2022-08-24,94,318.0,D,2022,8,summer,high
34.918,-4.8202,337.6,2022-08-25,82,27.4,D,2022,8,summer,medium
34.8394,-2.1642,333.6,2022-08-30,77,21.8,D,2022,8,summer,medium
33.8798,-4.8283,323.3,2022-09-04,58,6.9,D,2022,9,autumn,low
34.2522,-4.7385,305.6,2022-09-04,65,7.0,N,2022,9,autumn,low
34.8902,-6.2125,323.5,2022-09-06,58,15.3,D,2022,9,autumn,low
32.7626,-5.8274,341.5,2022-09-08,66,27.7,D,2022,9,autumn,medium
32.7645,-5.816,338.5,2022-09-08,55,22.1,D,2022,9,autumn,medium
32.7535,-6.41,303.7,2022-09-16,56,5.7,N,2022,9,autumn,low
35.5608,-5.7174,311.8,2022-09-18,83,9.7,N,2022,9,autumn,low
34.8926,-6.2154,322.1,2022-09-22,65,7.9,D,2022,9,autumn,low
34.7963,-4.6324,317.0,2022-09-27,48,10.2,D,2022,9,autumn,low
34.7498,-1.8191,318.5,2022-09-27,70,18.0,D,2022,9,autumn,low
35.7564,-5.5711,316.7,2022-09-27,54,12.3,D,2022,9,autumn,low
35.1118,-5.5679,344.6,2022-09-29,92,48.7,D,2022,9,autumn,medium
35.1133,-5.5566,317.9,2022-09-29,43,9.1,D,2022,9,autumn,low
35.1233,-2.898,316.2,2022-10-01,54,5.9,D,2022,10,autumn,low
34.4668,-5.8142,316.8,2022-10-02,58,13.3,D,2022,10,autumn,low
33.8969,-6.5431,322.6,2022-10-02,73,15.2,D,2022,10,autumn,low
33.8963,-6.5498,321.5,2022-10-02,68,12.9,D,2022,10,autumn,low
34.3808,-5.7573,304.8,2022-10-04,62,6.4,N,2022,10,autumn,low
34.4841,-4.6745,318.2,2022-10-06,55,4.6,D,2022,10,autumn,low
35.602,-5.7416,325.8,2022-10-06,79,16.5,D,2022,10,autumn,low
35.1516,-5.7183,335.8,2022-10-06,85,31.3,D,2022,10,autumn,medium
35.1501,-5.7308,400.3,2022-10-06,100,292.8,D,2022,10,autumn,high
35.1965,-5.5884,321.4,2022-10-06,68,9.9,D,2022,10,autumn,low
33.4623,-7.6893,332.0,2022-10-13,82,21.3,D,2022,10,autumn,medium
33.4608,-7.7002,325.5,2022-10-13,75,12.7,D,2022,10,autumn,low
35.3988,-5.9144,320.1,2022-10-13,72,9.4,D,2022,10,autumn,low
33.9489,-4.3869,318.0,2022-10-14,69,36.7,D,2022,10,autumn,medium
33.9515,-4.3965,316.8,2022-10-14,66,29.6,D,2022,10,autumn,medium
34.7731,-4.4994,333.0,2022-10-19,84,49.3,D,2022,10,autumn,medium
34.7698,-4.5169,327.2,2022-10-19,79,35.3,D,2022,10,autumn,medium
34.7842,-4.4995,334.6,2022-10-19,86,55.1,D,2022,10,autumn,medium
34.7807,-4.5182,329.5,2022-10-19,81,42.1,D,2022,10,autumn,medium
35.0512,-4.8753,318.3,2022-10-24,48,8.2,D,2022,10,autumn,low
35.0603,-4.8715,326.6,2022-10-24,77,17.4,D,2022,10,autumn,low
34.9007,-6.2177,321.8,2022-10-24,70,11.2,D,2022,10,autumn,low
35.435,-5.4991,322.1,2022-10-25,70,49.1,D,2022,10,autumn,medium
35.4407,-5.5064,317.6,2022-10-25,54,31.5,D,2022,10,autumn,medium
35.2399,-5.3172,317.2,2022-10-25,64,44.1,D,2022,10,autumn,medium
35.2447,-5.3257,321.8,2022-10-26,70,16.4,D,2022,10,autumn,low
35.2485,-5.3322,322.2,2022-10-26,75,18.1,D,2022,10,autumn,low
35.1615,-6.0971,301.2,2022-10-27,39,18.7,N,2022,10,autumn,low
35.8044,-5.6287,313.6,2022-10-27,54,5.8,D,2022,10,autumn,low
35.151,-6.1037,316.8,2022-10-27,44,6.2,D,2022,10,autumn,low
33.8879,-4.5391,319.5,2022-10-27,63,6.6,D,2022,10,autumn,low
35.1458,-6.1115,320.5,2022-10-27,65,15.3,D,2022,10,autumn,low
35.1566,-6.1132,320.2,2022-10-27,57,14.9,D,2022,10,autumn,low
35.2011,-5.1363,380.3,2022-10-28,100,447.7,N,2022,10,autumn,high
35.1992,-5.159,313.3,2022-10-28,87,36.6,N,2022,10,autumn,medium
35.1928,-5.1191,310.6,2022-10-28,80,32.1,N,2022,10,autumn,medium
35.191,-5.1427,335.8,2022-10-28,100,109.4,N,2022,10,autumn,high
35.2052,-5.1209,323.8,2022-10-28,100,66.1,N,2022,10,autumn,medium
35.2035,-5.1431,352.8,2022-10-28,100,200.6,N,2022,10,autumn,high
34.7836,-4.6464,314.7,2022-10-31,58,8.2,D,2022,10,autumn,low
34.782,-4.6572,311.3,2022-10-31,37,5.3,D,2022,10,autumn,low
34.8955,-6.2215,314.6,2022-11-02,60,12.2,D,2022,11,autumn,low
34.9016,-6.2198,313.9,2022-11-03,57,9.1,D,2022,11,autumn,low
30.5982,-8.5587,338.9,2022-11-03,88,47.9,D,2022,11,autumn,medium
35.2478,-5.4162,318.1,2022-11-08,66,83.0,D,2022,11,autumn,medium
31.7542,-9.5243,316.1,2022-11-10,43,5.8,D,2022,11,autumn,low
30.1557,-9.5322,312.9,2022-11-11,48,7.0,D,2022,11,autumn,low
30.1532,-9.518,328.7,2022-11-11,81,33.4,D,2022,11,autumn,medium
30.2006,-9.3771,323.3,2022-11-12,67,8.9,D,2022,11,autumn,low
30.1916,-9.3752,321.1,2022-11-12,32,7.0,D,2022,11,autumn,low
30.199,-9.3876,322.0,2022-11-12,62,7.5,D,2022,11,autumn,low
32.4304,-6.7557,316.6,2022-11-12,56,4.7,D,2022,11,autumn,low
32.4367,-6.7508,317.9,2022-11-12,63,7.0,D,2022,11,autumn,low
35.192,-5.4546,311.3,2022-11-12,44,9.9,D,2022,11,autumn,low
35.4724,-5.5916,314.1,2022-11-12,59,13.4,D,2022,11,autumn,low
34.8958,-6.2135,319.3,2022-11-13,73,14.6,D,2022,11,autumn,low
33.7966,-5.9313,321.0,2022-11-13,76,12.6,D,2022,11,autumn,low
35.3124,-5.2276,306.7,2022-11-14,69,14.7,N,2022,11,autumn,low
34.9692,-4.6381,315.3,2022-11-14,66,13.1,D,2022,11,autumn,low
32.3678,-6.4189,315.1,2022-11-14,53,5.7,D,2022,11,autumn,low
34.126,-4.5429,339.4,2022-11-14,89,35.8,D,2022,11,autumn,medium
34.1245,-4.5541,323.7,2022-11-14,75,13.6,D,2022,11,autumn,low
34.9708,-4.6265,310.4,2022-11-14,41,8.5,D,2022,11,autumn,low
35.3022,-5.2403,314.6,2022-11-14,67,11.5,D,2022,11,autumn,low
35.3603,-5.2877,312.7,2022-11-14,63,11.3,D,2022,11,autumn,low
35.4348,-5.5523,323.6,2022-11-14,79,17.5,D,2022,11,autumn,low
30.3244,-9.1487,321.5,2022-11-17,71,14.2,D,2022,11,autumn,low
30.3242,-9.1542,324.4,2022-11-17,75,18.5,D,2022,11,autumn,low
34.0703,-4.9312,304.0,2022-11-20,49,4.1,D,2022,11,autumn,low
32.3731,-6.4145,312.6,2022-11-20,68,8.6,D,2022,11,autumn,low
30.3623,-9.2168,318.4,2022-11-26,61,6.1,D,2022,11,autumn,low
34.7822,-4.42,309.9,2022-11-26,56,14.3,D,2022,11,autumn,low
34.789,-4.4054,312.5,2022-11-26,60,18.9,D,2022,11,autumn,low
34.0734,-4.5035,306.6,2022-11-29,62,4.8,D,2022,11,autumn,low
34.0773,-4.9314,302.8,2022-11-29,40,4.1,D,2022,11,autumn,low
34.0758,-4.9187,302.9,2022-11-29,42,3.9,D,2022,11,autumn,low
33.8321,-4.2258,308.8,2022-11-30,63,6.2,D,2022,11,autumn,low
34.0705,-4.9324,310.1,2022-11-30,59,5.7,D,2022,11,autumn,low
31.5083,-4.2797,314.0,2022-12-16,65,7.0,D,2022,12,winter,low
31.5327,-8.2465,306.7,2022-12-19,63,6.6,D,2022,12,winter,low
28.3791,-11.0533,315.0,2022-12-19,64,7.8,D,2022,12,winter,low
30.1692,-9.4675,306.6,2022-12-23,56,7.4,D,2022,12,winter,low
30.166,-9.4747,307.5,2022-12-23,59,9.5,D,2022,12,winter,low
31.5474,-7.9873,306.6,2022-12-28,64,4.9,D,2022,12,winter,low
34.8313,-4.316,301.1,2023-01-02,31,8.1,D,2023,1,winter,low
33.8011,-4.4965,306.5,2023-01-06,62,4.5,D,2023,1,winter,low
32.8963,-3.8139,305.4,2023-01-08,58,4.7,D,2023,1,winter,low
31.8369,-4.2648,312.1,2023-01-10,65,17.8,D,2023,1,winter,low
31.8331,-4.2838,337.0,2023-01-10,89,88.3,D,2023,1,winter,medium
33.7024,-7.2377,302.9,2023-01-10,48,13.1,D,2023,1,winter,low
33.7134,-7.2166,302.6,2023-01-10,48,13.3,D,2023,1,winter,low
34.9546,-3.9803,300.9,2023-01-11,32,4.6,D,2023,1,winter,low
30.1627,-9.4366,307.5,2023-01-12,54,8.4,D,2023,1,winter,low
33.8146,-5.7621,306.3,2023-01-13,55,4.4,D,2023,1,winter,low
32.8475,-5.3476,307.0,2023-01-15,53,8.8,D,2023,1,winter,low
32.7993,-4.0261,309.6,2023-01-15,65,6.1,D,2023,1,winter,low
33.9052,-4.3375,306.4,2023-01-15,45,6.6,D,2023,1,winter,low
32.8438,-3.1173,307.2,2023-01-17,60,10.0,D,2023,1,winter,low
32.8427,-3.1089,306.9,2023-01-17,60,9.7,D,2023,1,winter,low
28.3811,-11.0507,316.2,2023-01-31,75,14.9,D,2023,1,winter,low
34.8151,-6.2139,311.1,2023-02-01,71,14.1,D,2023,2,winter,low
34.8191,-6.2,302.9,2023-02-02,54,5.9,D,2023,2,winter,low
30.0472,-9.6174,308.0,2023-02-02,64,3.6,D,2023,2,winter,low
30.0457,-9.6073,308.3,2023-02-02,65,3.7,D,2023,2,winter,low
31.9713,-3.4942,310.6,2023-02-09,66,10.7,D,2023,2,winter,low
30.4851,-8.8372,320.1,2023-02-09,79,14.5,D,2023,2,winter,low
34.8825,-6.0927,310.1,2023-02-21,68,7.6,D,2023,2,winter,low
33.9917,-5.6127,306.8,2023-02-21,55,4.8,D,2023,2,winter,low
35.2604,-5.6917,305.9,2023-02-21,56,6.3,D,2023,2,winter,low
31.6788,-7.2707,335.6,2023-02-22,87,47.4,D,2023,2,winter,medium
31.6841,-7.2647,325.2,2023-02-22,78,24.8,D,2023,2,winter,medium
31.6825,-7.2795,327.8,2023-02-22,81,29.7,D,2023,2,winter,medium
34.3173,-5.9954,302.7,2023-03-05,53,5.7,D,2023,3,spring,low
34.4048,-6.5529,314.4,2023-03-14,63,17.2,D,2023,3,spring,low
34.4041,-6.5626,325.9,2023-03-14,62,24.5,D,2023,3,spring,medium
34.407,-6.5561,314.4,2023-03-14,59,9.4,D,2023,3,spring,low
34.6393,-1.8803,320.0,2023-03-23,52,6.4,D,2023,3,spring,low
34.6411,-1.8688,322.0,2023-03-23,60,8.3,D,2023,3,spring,low
35.0283,-2.6233,324.5,2023-03-24,100,24.8,N,2023,3,spring,medium
35.0285,-2.6189,320.7,2023-03-25,100,26.9,N,2023,3,spring,medium
35.1578,-5.4498,325.3,2023-04-05,83,21.8,D,2023,4,spring,medium
35.1593,-5.6403,339.7,2023-04-05,91,40.9,D,2023,4,spring,medium
35.1595,-5.4606,314.5,2023-04-05,73,11.2,D,2023,4,spring,low
35.432,-5.7293,398.1,2023-04-05,100,237.5,D,2023,4,spring,high
35.4304,-5.7185,351.9,2023-04-05,97,60.1,D,2023,4,spring,medium
30.8721,-6.8822,318.3,2023-04-05,67,6.9,D,2023,4,spring,low
35.4306,-5.7281,312.1,2023-04-05,52,34.6,D,2023,4,spring,medium
33.9606,-4.3145,305.2,2023-04-05,63,9.8,N,2023,4,spring,low
34.9893,-4.838,315.2,2023-04-06,91,64.8,N,2023,4,spring,medium
34.976,-4.8332,321.6,2023-04-06,100,87.1,N,2023,4,spring,medium
34.9833,-4.8422,331.6,2023-04-06,100,134.2,N,2023,4,spring,high
34.9756,-4.8227,311.3,2023-04-07,82,54.0,N,2023,4,spring,medium
34.9895,-4.8207,308.9,2023-04-07,76,50.4,N,2023,4,spring,medium
34.9813,-4.8281,370.5,2023-04-07,100,132.3,D,2023,4,spring,high
34.9737,-4.8433,352.1,2023-04-07,96,71.2,D,2023,4,spring,medium
34.9829,-4.8405,357.2,2023-04-07,98,87.5,D,2023,4,spring,medium
34.9752,-4.8555,333.3,2023-04-07,81,31.3,D,2023,4,spring,medium
34.9813,-4.8443,332.8,2023-04-07,83,58.5,D,2023,4,spring,medium
34.9718,-4.8238,338.7,2023-04-07,88,75.7,D,2023,4,spring,medium
34.9702,-4.8402,341.9,2023-04-07,90,86.8,D,2023,4,spring,medium
34.9829,-4.828,341.4,2023-04-07,90,87.6,D,2023,4,spring,medium
34.9689,-4.8276,331.2,2023-04-07,82,54.9,D,2023,4,spring,medium
34.9674,-4.8444,319.9,2023-04-07,66,26.2,D,2023,4,spring,medium
34.9801,-4.8319,353.0,2023-04-07,96,139.5,D,2023,4,spring,high
34.9786,-4.8483,333.9,2023-04-07,84,62.0,D,2023,4,spring,medium
23.9484,-15.692,302.1,2023-04-07,47,14.2,N,2023,4,spring,low
34.9856,-4.8414,330.8,2023-04-08,82,79.6,D,2023,4,spring,medium
34.9733,-4.8438,322.5,2023-04-08,67,46.2,D,2023,4,spring,medium
34.9792,-4.8173,342.4,2023-04-10,90,59.1,D,2023,4,spring,medium
32.4268,-6.4242,322.9,2023-04-12,66,8.7,D,2023,4,spring,low
34.6476,-3.9222,322.3,2023-04-14,69,23.7,D,2023,4,spring,medium
34.4869,-5.9231,336.9,2023-04-16,83,27.3,D,2023,4,spring,medium
34.4854,-5.9341,325.6,2023-04-16,65,11.9,D,2023,4,spring,low
32.4194,-6.4236,325.3,2023-04-17,66,7.8,D,2023,4,spring,low
32.4135,-6.4235,329.9,2023-04-25,49,9.0,D,2023,4,spring,low
34.9938,-2.3847,332.7,2023-04-26,74,12.3,D,2023,4,spring,low
32.9139,-7.8641,336.3,2023-04-27,72,52.4,D,2023,4,spring,medium
32.9277,-7.8464,338.9,2023-04-27,85,71.5,D,2023,4,spring,medium
32.9223,-7.8713,350.1,2023-04-27,94,146.9,D,2023,4,spring,high
32.8397,-7.7513,330.0,2023-04-29,68,11.4,D,2023,4,spring,low
34.8207,-6.1708,326.0,2023-04-30,79,13.2,D,2023,4,spring,low
31.9123,-8.0877,307.6,2023-05-02,72,7.7,N,2023,5,spring,low
34.8235,-6.1626,314.2,2023-05-04,42,8.0,D,2023,5,spring,low
35.6428,-5.4439,315.3,2023-05-06,60,6.2,D,2023,5,spring,low
35.1498,-6.0445,325.1,2023-05-09,60,13.9,D,2023,5,spring,low
35.1557,-6.0683,332.0,2023-05-11,81,23.5,D,2023,5,spring,medium
30.1416,-9.3927,332.0,2023-05-11,68,14.3,D,2023,5,spring,low
34.641,-6.3879,329.8,2023-05-14,69,49.8,D,2023,5,spring,medium
35.5442,-5.3684,304.4,2023-05-16,60,7.4,N,2023,5,spring,low
30.1421,-9.5176,305.0,2023-05-16,62,8.9,N,2023,5,spring,low
30.1189,-9.5926,316.9,2023-05-16,67,14.0,D,2023,5,spring,low
34.8267,-6.1565,319.2,2023-05-30,58,6.0,D,2023,5,spring,low
34.5114,-6.109,318.4,2023-06-01,37,11.9,D,2023,6,summer,low
34.8225,-6.1585,324.8,2023-06-11,66,8.5,D,2023,6,summer,low
34.9041,-6.2154,325.8,2023-06-11,67,10.5,D,2023,6,summer,low
34.8182,-6.1554,326.1,2023-06-11,64,7.3,D,2023,6,summer,low
34.9027,-6.2135,326.2,2023-06-11,69,9.9,D,2023,6,summer,low
34.9011,-6.2243,326.7,2023-06-11,70,10.7,D,2023,6,summer,low
35.6625,-5.8537,331.2,2023-06-16,84,18.1,D,2023,6,summer,low
33.8694,-5.9301,328.4,2023-06-21,67,18.2,D,2023,6,summer,low
33.7194,-6.7715,337.8,2023-06-26,77,52.6,D,2023,6,summer,medium
33.7226,-6.7804,334.9,2023-06-26,70,36.9,D,2023,6,summer,medium
34.1567,-6.0083,359.2,2023-06-27,99,74.9,D,2023,6,summer,medium
35.774,-5.5983,344.0,2023-06-30,92,45.6,D,2023,6,summer,medium
30.2368,-9.4507,331.9,2023-07-01,61,26.1,D,2023,7,summer,medium
30.6478,-9.2632,401.0,2023-07-03,100,506.9,D,2023,7,summer,high
30.6593,-9.2635,335.2,2023-07-03,54,24.3,D,2023,7,summer,medium
30.6461,-9.2805,363.7,2023-07-03,100,154.4,D,2023,7,summer,high
34.6258,-6.0714,330.8,2023-07-09,56,8.9,D,2023,7,summer,low
32.2728,-6.1579,356.1,2023-07-12,97,102.9,D,2023,7,summer,high
32.2745,-6.141,342.8,2023-07-12,84,48.5,D,2023,7,summer,medium
35.8017,-5.4974,377.1,2023-07-12,100,336.6,D,2023,7,summer,high
35.8157,-5.4784,323.9,2023-07-12,77,27.3,D,2023,7,summer,medium
35.8035,-5.4772,335.9,2023-07-12,87,64.9,D,2023,7,summer,medium
35.8138,-5.4992,354.5,2023-07-12,97,157.3,D,2023,7,summer,high
35.814,-5.4906,325.4,2023-07-12,100,47.2,N,2023,7,summer,medium
35.8145,-5.4841,328.1,2023-07-12,100,53.4,N,2023,7,summer,medium
33.7755,-5.5927,349.9,2023-07-14,93,107.5,D,2023,7,summer,high
33.7706,-5.5995,344.1,2023-07-14,88,78.4,D,2023,7,summer,medium
35.7653,-5.7241,333.4,2023-07-14,85,17.7,D,2023,7,summer,low
33.7732,-5.5966,342.9,2023-07-14,84,22.9,D,2023,7,summer,medium
35.7638,-5.7362,338.9,2023-07-14,89,28.3,D,2023,7,summer,medium
29.8803,-9.2036,345.7,2023-07-16,88,78.9,D,2023,7,summer,medium
34.7423,-2.4836,358.3,2023-07-16,98,64.8,D,2023,7,summer,medium
34.7408,-2.4954,430.2,2023-07-16,100,533.1,D,2023,7,summer,high
34.7301,-2.5051,349.6,2023-07-16,91,39.7,D,2023,7,summer,medium
34.7331,-2.4814,340.7,2023-07-16,77,20.9,D,2023,7,summer,medium
34.7316,-2.4933,370.8,2023-07-16,100,107.0,D,2023,7,summer,high
34.7394,-2.507,364.6,2023-07-16,100,85.2,D,2023,7,summer,medium
34.7561,-2.4872,320.9,2023-07-16,100,113.1,N,2023,7,summer,high
34.7464,-2.5277,326.0,2023-07-16,100,151.2,N,2023,7,summer,high
34.7489,-2.4878,326.5,2023-07-16,100,158.0,N,2023,7,summer,high
34.7385,-2.5302,322.5,2023-07-16,100,127.2,N,2023,7,summer,high
34.76,-2.4991,323.7,2023-07-17,100,80.4,N,2023,7,summer,medium
34.746,-2.4987,333.3,2023-07-17,100,127.3,N,2023,7,summer,high
34.753,-2.5047,346.5,2023-07-17,100,216.3,N,2023,7,summer,high
34.7505,-2.474,310.2,2023-07-17,56,32.0,N,2023,7,summer,medium
34.7631,-2.4966,402.8,2023-07-17,100,276.3,D,2023,7,summer,high
34.7838,-2.5217,424.4,2023-07-17,100,477.0,D,2023,7,summer,high
34.7819,-2.5103,396.4,2023-07-17,100,244.8,D,2023,7,summer,high
34.78,-2.4986,431.7,2023-07-17,100,555.6,D,2023,7,summer,high
34.7779,-2.529,440.9,2023-07-17,100,663.4,D,2023,7,summer,high
34.7761,-2.5178,460.2,2023-07-17,100,954.9,D,2023,7,summer,high
34.7742,-2.5063,429.9,2023-07-17,100,526.1,D,2023,7,summer,high
34.7723,-2.4945,431.3,2023-07-17,100,547.4,D,2023,7,summer,high
34.7687,-2.5311,500.0,2023-07-17,100,1815.5,D,2023,7,summer,high
34.7669,-2.5197,500.0,2023-07-17,100,1814.1,D,2023,7,summer,high
34.765,-2.5082,392.8,2023-07-17,100,207.9,D,2023,7,summer,high
34.7596,-2.5334,387.3,2023-07-17,100,183.1,D,2023,7,summer,high
34.7577,-2.5219,391.4,2023-07-17,100,203.7,D,2023,7,summer,high
34.7558,-2.5103,366.0,2023-07-17,75,82.1,D,2023,7,summer,medium
34.7539,-2.4988,377.9,2023-07-17,100,131.5,D,2023,7,summer,high
34.752,-2.4875,387.8,2023-07-17,100,183.5,D,2023,7,summer,high
34.7502,-2.4761,349.1,2023-07-17,83,39.0,D,2023,7,summer,medium
34.7505,-2.5362,391.5,2023-07-17,100,208.2,D,2023,7,summer,high
34.7486,-2.5245,392.4,2023-07-17,100,213.9,D,2023,7,summer,high
34.7466,-2.5128,345.7,2023-07-17,70,32.8,D,2023,7,summer,medium
34.7448,-2.5014,344.9,2023-07-17,85,31.9,D,2023,7,summer,medium
34.7429,-2.49,340.2,2023-07-17,53,21.5,D,2023,7,summer,medium
34.7719,-2.5213,349.7,2023-07-17,91,321.5,D,2023,7,summer,high
34.777,-2.5283,335.4,2023-07-17,50,141.1,D,2023,7,summer,high
34.7609,-2.565,336.9,2023-07-17,38,142.9,D,2023,7,summer,high
34.7354,-2.496,338.3,2023-07-17,77,132.8,D,2023,7,summer,high
34.7509,-2.5035,361.6,2023-07-17,100,496.1,D,2023,7,summer,high
34.7402,-2.5468,353.6,2023-07-17,94,349.0,D,2023,7,summer,high
34.741,-2.5058,348.8,2023-07-17,91,273.2,D,2023,7,summer,high
34.7673,-2.4703,350.3,2023-07-17,90,295.9,D,2023,7,summer,high
34.7563,-2.514,367.2,2023-07-17,100,632.1,D,2023,7,summer,high
34.7454,-2.5573,348.4,2023-07-17,77,275.4,D,2023,7,summer,high
33.7959,-3.2972,353.3,2023-07-17,95,391.4,D,2023,7,summer,high
34.7771,-2.5351,331.3,2023-07-17,45,116.3,D,2023,7,summer,high
34.7592,-2.5444,344.5,2023-07-17,87,305.1,D,2023,7,summer,high
34.7772,-2.543,332.7,2023-07-17,60,141.2,D,2023,7,summer,high
34.7411,-2.5362,337.8,2023-07-17,71,178.2,D,2023,7,summer,high
34.759,-2.5361,347.9,2023-07-17,90,367.2,D,2023,7,summer,high
34.7412,-2.5443,337.7,2023-07-17,77,183.0,D,2023,7,summer,high
34.7763,-2.5547,316.1,2023-07-17,90,10.6,N,2023,7,summer,low
34.7658,-2.5634,311.4,2023-07-17,76,6.7,N,2023,7,summer,low
34.7674,-2.5525,319.2,2023-07-17,98,13.4,N,2023,7,summer,low
34.7797,-2.5594,329.9,2023-07-18,100,28.3,N,2023,7,summer,medium
34.7779,-2.5482,329.0,2023-07-18,100,26.8,N,2023,7,summer,medium
34.7707,-2.5619,322.7,2023-07-18,100,19.4,N,2023,7,summer,low
34.7688,-2.5506,317.4,2023-07-18,95,13.4,N,2023,7,summer,low
34.7589,-2.5702,329.6,2023-07-18,60,94.4,D,2023,7,summer,medium
34.7607,-2.562,332.1,2023-07-18,71,126.1,D,2023,7,summer,high
34.3315,-2.669,338.8,2023-07-18,78,16.3,D,2023,7,summer,low
34.3224,-2.6673,336.9,2023-07-18,58,12.3,D,2023,7,summer,low
34.3206,-2.6786,351.7,2023-07-18,93,41.9,D,2023,7,summer,medium
34.3296,-2.6806,352.5,2023-07-18,94,44.8,D,2023,7,summer,medium
34.736,-2.5134,357.9,2023-07-18,98,54.5,D,2023,7,summer,medium
34.7648,-2.5664,356.3,2023-07-18,97,51.2,D,2023,7,summer,medium
30.7445,-8.948,339.8,2023-07-20,84,37.6,D,2023,7,summer,medium
30.7427,-8.9373,400.6,2023-07-20,100,317.4,D,2023,7,summer,high
30.735,-8.9502,343.4,2023-07-20,87,44.4,D,2023,7,summer,medium
30.7332,-8.9395,396.0,2023-07-20,100,280.7,D,2023,7,summer,high
30.7205,-8.9642,328.0,2023-07-20,81,55.3,D,2023,7,summer,medium
30.7229,-8.9223,336.0,2023-07-20,87,161.2,D,2023,7,summer,high
30.7232,-8.9325,338.5,2023-07-20,89,210.4,D,2023,7,summer,high
30.7332,-8.9478,310.4,2023-07-20,76,10.2,N,2023,7,summer,low
32.004,-3.722,308.1,2023-07-22,56,4.6,N,2023,7,summer,low
34.881,-4.6895,336.9,2023-07-23,50,17.2,D,2023,7,summer,low
29.7599,-7.9282,340.4,2023-07-24,80,27.3,D,2023,7,summer,medium
31.0296,-6.8555,331.9,2023-07-25,64,17.8,D,2023,7,summer,low
35.1369,-5.018,324.8,2023-07-26,51,30.0,D,2023,7,summer,medium
35.1326,-5.033,353.7,2023-07-26,96,152.5,D,2023,7,summer,high
35.1388,-5.0383,350.7,2023-07-26,94,137.0,D,2023,7,summer,high
35.1149,-5.0405,339.9,2023-07-26,85,79.8,D,2023,7,summer,medium
35.1313,-5.0446,334.4,2023-07-26,78,55.4,D,2023,7,summer,medium
35.1405,-5.0384,302.0,2023-07-27,38,8.5,N,2023,7,summer,low
35.1388,-5.0224,340.5,2023-07-27,100,78.3,N,2023,7,summer,medium
35.1423,-5.0428,334.7,2023-07-27,82,38.7,D,2023,7,summer,medium
35.1326,-5.0448,327.3,2023-07-27,72,25.3,D,2023,7,summer,medium
34.2978,-6.3918,333.3,2023-07-30,60,14.6,D,2023,7,summer,low
31.3233,-7.6635,321.2,2023-07-30,100,23.3,N,2023,7,summer,medium
31.3219,-7.675,311.1,2023-07-30,82,11.7,N,2023,7,summer,low
31.3137,-7.6622,302.7,2023-07-30,38,5.9,N,2023,7,summer,low
33.8266,-5.5626,329.2,2023-07-31,63,13.8,D,2023,7,summer,low
34.5863,-5.6488,332.3,2023-07-31,71,32.6,D,2023,7,summer,medium
35.5363,-5.373,318.1,2023-08-01,96,17.0,N,2023,8,summer,low
35.5348,-5.3617,307.8,2023-08-01,73,7.8,N,2023,8,summer,low
30.755,-8.9317,405.1,2023-08-02,100,268.4,D,2023,8,summer,high
30.7578,-8.9112,332.1,2023-08-02,49,11.1,D,2023,8,summer,low
30.7564,-8.9216,416.7,2023-08-02,100,355.6,D,2023,8,summer,high
23.6132,-15.8385,305.4,2023-08-02,64,6.5,N,2023,8,summer,low
23.6118,-15.8484,332.0,2023-08-02,100,32.6,N,2023,8,summer,medium
30.7478,-8.9139,306.3,2023-08-03,68,28.0,N,2023,8,summer,medium
33.2795,-7.6982,326.4,2023-08-03,54,5.6,D,2023,8,summer,low
30.7578,-8.9186,339.4,2023-08-03,82,26.4,D,2023,8,summer,medium
30.761,-8.933,383.7,2023-08-05,100,524.1,D,2023,8,summer,high
30.752,-8.9285,344.7,2023-08-05,87,106.0,D,2023,8,summer,high
34.5178,-6.3868,320.5,2023-08-05,73,40.2,D,2023,8,summer,medium
30.7779,-8.9688,313.8,2023-08-05,87,76.0,N,2023,8,summer,medium
30.7636,-8.9578,310.2,2023-08-05,78,58.7,N,2023,8,summer,medium
30.7745,-8.9114,304.8,2023-08-05,46,35.7,N,2023,8,summer,medium
30.7718,-8.9534,324.2,2023-08-05,100,143.8,N,2023,8,summer,high
30.7796,-8.9576,334.5,2023-08-06,100,33.2,N,2023,8,summer,medium
30.787,-8.9452,308.8,2023-08-06,57,6.1,N,2023,8,summer,low
30.7855,-8.9344,321.0,2023-08-06,100,16.9,N,2023,8,summer,low
30.778,-8.9465,427.0,2023-08-06,100,472.3,N,2023,8,summer,high
30.7766,-8.936,379.5,2023-08-06,100,154.7,N,2023,8,summer,high
30.7751,-8.9255,331.1,2023-08-06,100,29.5,N,2023,8,summer,medium
30.7736,-8.9147,310.9,2023-08-06,65,9.6,N,2023,8,summer,low
30.7662,-8.9329,306.4,2023-08-06,39,5.7,N,2023,8,summer,low
30.7719,-8.9364,350.9,2023-08-06,94,95.8,D,2023,8,summer,medium
30.7747,-8.9516,379.6,2023-08-06,100,257.1,D,2023,8,summer,high
30.7852,-8.9481,332.0,2023-08-06,73,31.3,D,2023,8,summer,medium
30.7826,-8.9341,327.1,2023-08-06,50,22.5,D,2023,8,summer,medium
30.7693,-8.9223,325.2,2023-08-06,35,20.0,D,2023,8,summer,medium
30.7608,-8.9863,336.7,2023-08-06,82,45.9,D,2023,8,summer,medium
30.777,-8.9674,333.9,2023-08-06,66,35.5,D,2023,8,summer,medium
30.7701,-8.9395,353.3,2023-08-06,96,134.7,D,2023,8,summer,high
30.7659,-8.9606,407.2,2023-08-06,100,716.6,D,2023,8,summer,high
30.7819,-8.9424,344.2,2023-08-06,89,83.4,D,2023,8,summer,medium
30.7677,-8.9609,319.8,2023-08-06,89,14.2,N,2023,8,summer,low
30.7692,-8.9505,323.8,2023-08-06,91,18.2,N,2023,8,summer,low
30.7652,-8.9557,321.5,2023-08-08,33,5.6,D,2023,8,summer,low
31.6829,-4.1829,378.7,2023-08-09,94,252.7,D,2023,8,summer,high
35.7946,-5.8789,316.2,2023-08-11,90,17.7,N,2023,8,summer,low
35.7922,-5.8656,336.9,2023-08-11,100,51.7,N,2023,8,summer,medium
30.3464,-9.4576,348.8,2023-08-11,76,38.8,D,2023,8,summer,medium
33.8859,-4.0487,342.4,2023-08-12,84,36.9,D,2023,8,summer,medium
33.8874,-4.0613,361.6,2023-08-12,100,94.8,D,2023,8,summer,medium
33.8791,-4.0755,356.6,2023-08-12,97,79.2,D,2023,8,summer,medium
33.8776,-4.0627,444.5,2023-08-12,100,836.8,D,2023,8,summer,high
33.8762,-4.0503,352.1,2023-08-12,94,65.3,D,2023,8,summer,medium
33.876,-4.0692,399.0,2023-08-12,100,310.8,D,2023,8,summer,high
33.8745,-4.057,393.7,2023-08-12,100,270.7,D,2023,8,summer,high
33.858,-4.0689,335.1,2023-08-12,74,165.6,D,2023,8,summer,high
33.8743,-4.0362,338.8,2023-08-12,80,182.7,D,2023,8,summer,high
33.8636,-4.0791,374.3,2023-08-12,100,857.9,D,2023,8,summer,high
33.8793,-4.0855,330.2,2023-08-12,58,99.7,D,2023,8,summer,medium
33.8759,-4.04,308.8,2023-08-12,38,16.7,N,2023,8,summer,low
33.8671,-4.0831,311.4,2023-08-12,37,22.7,N,2023,8,summer,medium
33.8876,-4.0458,310.6,2023-08-12,32,19.2,N,2023,8,summer,low
33.8768,-4.0782,318.0,2023-08-13,96,17.3,N,2023,8,summer,low
33.8748,-4.0664,314.8,2023-08-13,90,13.9,N,2023,8,summer,low
33.8785,-4.0837,327.7,2023-08-13,36,30.2,D,2023,8,summer,medium
33.8736,-4.0845,336.7,2023-08-13,64,17.1,D,2023,8,summer,low
33.8875,-4.0542,337.0,2023-08-13,57,15.3,D,2023,8,summer,low
34.3437,-5.9425,309.1,2023-08-15,75,10.0,N,2023,8,summer,low
34.3417,-5.9548,308.1,2023-08-15,71,9.2,N,2023,8,summer,low
34.9886,-3.6719,331.6,2023-08-17,73,14.0,D,2023,8,summer,low
35.0243,-5.1808,333.5,2023-08-18,73,15.3,D,2023,8,summer,low
34.7343,-4.3731,332.2,2023-08-20,57,15.4,D,2023,8,summer,low
34.7251,-4.3715,348.3,2023-08-20,90,43.5,D,2023,8,summer,medium
34.7142,-4.356,310.7,2023-08-20,76,8.7,N,2023,8,summer,low
34.7237,-4.352,302.7,2023-08-21,51,33.8,N,2023,8,summer,medium
35.4971,-5.6561,309.7,2023-08-22,54,10.1,N,2023,8,summer,low
35.5072,-5.6554,307.3,2023-08-22,30,8.0,N,2023,8,summer,low
35.4988,-5.6712,317.0,2023-08-22,92,18.1,N,2023,8,summer,low
35.4971,-5.662,314.0,2023-08-22,83,14.4,N,2023,8,summer,low
35.5088,-5.6699,316.1,2023-08-22,90,17.3,N,2023,8,summer,low
35.29,-5.1241,346.5,2023-08-22,93,102.5,D,2023,8,summer,high
35.2822,-5.1038,331.5,2023-08-22,84,49.4,D,2023,8,summer,medium
35.2792,-5.1192,328.5,2023-08-22,81,41.9,D,2023,8,summer,medium
35.2932,-5.108,334.8,2023-08-22,86,58.5,D,2023,8,summer,medium
35.7777,-5.7325,327.8,2023-08-22,76,34.1,D,2023,8,summer,medium
35.7844,-5.7402,323.2,2023-08-22,66,22.8,D,2023,8,summer,medium
33.9988,-4.2322,358.0,2023-08-22,100,106.2,N,2023,8,summer,high
33.9965,-4.2459,314.4,2023-08-22,87,13.6,N,2023,8,summer,low
35.2824,-5.1159,306.8,2023-08-22,59,8.2,N,2023,8,summer,low
33.9977,-4.2309,313.9,2023-08-23,88,41.4,N,2023,8,summer,medium
34.0043,-4.2214,311.4,2023-08-23,83,34.8,N,2023,8,summer,medium
34.7546,-4.8063,348.9,2023-08-23,93,234.0,D,2023,8,summer,high
34.7458,-4.7676,354.0,2023-08-23,96,294.9,D,2023,8,summer,high
34.7547,-4.8002,359.2,2023-08-23,99,358.4,D,2023,8,summer,high
34.7455,-4.7609,349.1,2023-08-23,93,238.3,D,2023,8,summer,high
34.7538,-4.7967,337.0,2023-08-23,61,28.9,D,2023,8,summer,medium
34.7392,-4.7873,390.5,2023-08-23,100,303.9,D,2023,8,summer,high
34.7374,-4.8037,340.1,2023-08-23,60,36.7,D,2023,8,summer,medium
34.745,-4.7782,377.5,2023-08-23,100,205.0,D,2023,8,summer,high
34.7433,-4.7944,413.8,2023-08-23,100,548.5,D,2023,8,summer,high
33.9992,-4.2258,306.0,2023-08-23,66,13.6,N,2023,8,summer,low
35.4696,-5.34,317.3,2023-08-24,93,41.6,N,2023,8,summer,medium
33.9987,-4.2211,307.4,2023-08-24,71,13.9,N,2023,8,summer,low
35.4679,-5.3526,362.0,2023-08-24,100,142.3,D,2023,8,summer,high
35.4663,-5.3363,391.7,2023-08-24,100,355.1,D,2023,8,summer,high
32.0014,-3.7363,319.0,2023-08-25,98,16.3,N,2023,8,summer,low
32.0028,-3.7244,311.4,2023-08-25,75,8.7,N,2023,8,summer,low
31.6975,-4.1139,349.4,2023-08-27,91,46.5,D,2023,8,summer,medium
31.6955,-4.1259,351.7,2023-08-27,93,52.9,D,2023,8,summer,medium
31.707,-4.1162,344.6,2023-08-27,86,35.2,D,2023,8,summer,medium
31.705,-4.1282,336.9,2023-08-27,74,19.0,D,2023,8,summer,low
35.2764,-4.9689,340.0,2023-08-27,87,33.2,D,2023,8,summer,medium
34.5988,-5.9921,313.0,2023-08-29,86,21.0,N,2023,8,summer,medium
34.5195,-4.531,303.7,2023-08-29,57,8.1,N,2023,8,summer,low
34.9794,-3.6149,345.6,2023-09-01,93,85.0,D,2023,9,autumn,medium
34.9828,-3.6332,357.7,2023-09-01,99,131.9,D,2023,9,autumn,high
34.993,-3.6295,320.1,2023-09-01,72,25.8,D,2023,9,autumn,medium
34.9899,-3.6128,311.2,2023-09-01,33,12.6,D,2023,9,autumn,low
30.5059,-8.9469,325.9,2023-09-08,63,11.2,D,2023,9,autumn,low
32.8429,-6.9489,340.8,2023-09-08,83,29.6,D,2023,9,autumn,medium
33.7635,-6.9985,315.0,2023-09-10,90,17.3,N,2023,9,autumn,low
34.5297,-5.2186,303.8,2023-09-13,57,4.4,N,2023,9,autumn,low
33.78,-4.7334,322.1,2023-09-20,57,12.1,D,2023,9,autumn,low
33.325,-7.9303,325.5,2023-09-23,67,21.4,D,2023,9,autumn,medium
35.5404,-5.3767,311.7,2023-09-23,38,13.0,D,2023,9,autumn,low
35.5827,-5.5512,313.7,2023-09-30,83,13.7,N,2023,9,autumn,low
35.8255,-5.6933,322.1,2023-10-01,100,26.7,N,2023,10,autumn,medium
35.8256,-5.6989,322.3,2023-10-01,100,27.5,N,2023,10,autumn,medium
35.8156,-5.7003,307.5,2023-10-01,55,10.7,N,2023,10,autumn,low
34.517,-5.9555,331.8,2023-10-04,76,15.4,D,2023,10,autumn,low
32.1386,-7.7732,326.5,2023-10-09,68,13.1,D,2023,10,autumn,low
34.9881,-5.6552,327.7,2023-10-09,76,15.6,D,2023,10,autumn,low
34.7458,-4.6659,345.3,2023-10-09,92,41.4,D,2023,10,autumn,medium
34.7444,-4.6552,355.0,2023-10-09,97,62.9,D,2023,10,autumn,medium
34.2684,-5.7794,324.7,2023-10-09,69,12.2,D,2023,10,autumn,low
34.2669,-5.768,321.4,2023-10-09,61,8.5,D,2023,10,autumn,low
34.7445,-4.6656,334.2,2023-10-09,81,29.3,D,2023,10,autumn,medium
33.0158,-5.099,321.4,2023-10-09,39,14.6,D,2023,10,autumn,low
34.9059,-4.8264,312.7,2023-10-14,85,16.0,N,2023,10,autumn,low
35.1389,-5.6536,318.4,2023-10-17,70,73.8,D,2023,10,autumn,medium
35.1492,-5.6523,367.8,2023-10-17,100,752.8,D,2023,10,autumn,high
35.1371,-5.7007,346.7,2023-10-17,94,364.6,D,2023,10,autumn,high
35.1268,-5.7007,315.3,2023-10-17,53,53.6,D,2023,10,autumn,medium
35.155,-5.6585,370.0,2023-10-17,94,800.4,D,2023,10,autumn,high
35.1427,-5.7064,336.7,2023-10-17,88,230.0,D,2023,10,autumn,high
34.7701,-6.3045,313.0,2023-10-19,60,6.0,D,2023,10,autumn,low
35.3514,-5.2073,321.9,2023-10-19,56,69.9,D,2023,10,autumn,medium
31.8923,-4.5425,319.3,2023-10-20,72,15.9,D,2023,10,autumn,low
30.1506,-9.4937,315.4,2023-11-04,47,6.9,D,2023,11,autumn,low
33.9298,-4.0948,333.9,2023-11-04,87,52.9,D,2023,11,autumn,medium
33.9281,-4.1111,318.9,2023-11-04,74,23.2,D,2023,11,autumn,medium
34.1114,-6.0967,311.0,2023-11-07,68,8.1,D,2023,11,autumn,low
33.9375,-5.3767,307.4,2023-11-07,65,6.2,D,2023,11,autumn,low
31.6896,-4.1905,342.4,2023-11-07,92,47.3,D,2023,11,autumn,medium
30.4585,-8.9692,320.6,2023-11-09,68,9.0,D,2023,11,autumn,low
30.4571,-8.98,316.3,2023-11-09,52,4.7,D,2023,11,autumn,low
34.5352,-5.979,313.2,2023-11-09,65,15.6,D,2023,11,autumn,low
32.3888,-8.44,301.1,2023-11-13,38,6.3,N,2023,11,autumn,low
35.6376,-5.4945,311.0,2023-11-14,45,9.8,D,2023,11,autumn,low
33.416,-6.0278,314.3,2023-11-15,62,11.4,D,2023,11,autumn,low
34.6432,-5.0536,304.7,2023-11-16,46,11.0,D,2023,11,autumn,low
33.7975,-5.9335,315.1,2023-11-16,63,8.4,D,2023,11,autumn,low
34.0908,-5.6949,311.4,2023-11-19,61,4.4,D,2023,11,autumn,low
32.2526,-6.5448,316.2,2023-11-20,66,9.4,D,2023,11,autumn,low
35.2284,-3.9775,303.0,2023-11-22,40,6.6,D,2023,11,autumn,low
35.326,-5.4427,315.2,2023-11-23,72,18.8,D,2023,11,autumn,low
35.3363,-5.4445,320.2,2023-11-23,80,26.2,D,2023,11,autumn,medium
34.8199,-6.1644,306.1,2023-11-24,60,5.0,D,2023,11,autumn,low
33.6293,-7.3419,308.7,2023-11-24,61,5.4,D,2023,11,autumn,low
34.8163,-6.1563,313.3,2023-11-25,74,9.0,D,2023,11,autumn,low
34.8147,-6.167,339.3,2023-11-25,91,39.4,D,2023,11,autumn,medium
35.519,-5.2437,307.1,2023-11-25,64,5.5,D,2023,11,autumn,low
33.7023,-5.3993,304.7,2023-11-26,55,5.8,D,2023,11,autumn,low
31.8926,-5.5591,313.1,2023-12-10,63,26.0,D,2023,12,winter,medium
31.9896,-3.7621,305.7,2023-12-16,60,6.1,D,2023,12,winter,low
32.7994,-4.027,307.6,2023-12-16,66,7.4,D,2023,12,winter,low
34.5384,-6.2588,300.6,2023-12-18,39,3.9,D,2023,12,winter,low
34.2784,-5.2399,304.8,2023-12-18,60,5.6,D,2023,12,winter,low
31.6057,-8.2324,307.6,2023-12-26,51,4.8,D,2023,12,winter,low
33.9495,-4.1564,302.6,2023-12-26,39,4.2,D,2023,12,winter,low
30.2037,-9.5528,307.7,2023-12-28,55,4.7,D,2023,12,winter,low
30.1949,-9.5545,313.5,2023-12-28,72,9.1,D,2023,12,winter,low
31.9976,-3.7574,304.4,2023-12-30,38,5.0,D,2023,12,winter,low
31.9887,-3.7593,316.8,2023-12-30,77,14.5,D,2023,12,winter,low
33.8647,-4.1578,304.0,2024-01-01,58,24.5,D,2024,1,winter,medium
33.7936,-3.9894,316.0,2024-01-02,75,13.6,D,2024,1,winter,low
34.8635,-5.2297,313.2,2024-01-14,70,11.3,D,2024,1,winter,low
23.7297,-15.7709,301.4,2024-01-20,41,6.2,N,2024,1,winter,low
34.3699,-6.5746,302.2,2024-01-21,51,5.4,D,2024,1,winter,low
34.1066,-6.1126,300.9,2024-01-23,43,4.7,D,2024,1,winter,low
30.5292,-8.8007,312.3,2024-01-24,66,11.3,D,2024,1,winter,low
34.7227,-4.4672,323.4,2024-01-26,82,31.2,D,2024,1,winter,medium
34.72,-4.4516,323.6,2024-01-26,82,31.3,D,2024,1,winter,medium
34.0785,-4.569,312.7,2024-01-26,72,14.2,D,2024,1,winter,low
30.1647,-9.3316,317.1,2024-01-31,77,10.4,D,2024,1,winter,low
33.9141,-5.5089,304.3,2024-02-07,57,5.5,D,2024,2,winter,low
30.106,-9.4541,309.9,2024-02-12,60,6.1,D,2024,2,winter,low
30.6129,-8.5558,319.6,2024-02-12,65,9.7,D,2024,2,winter,low
34.6755,-4.3643,308.2,2024-02-21,52,5.6,D,2024,2,winter,low
32.3823,-6.9563,322.4,2024-02-21,59,10.3,D,2024,2,winter,low
33.4745,-4.3948,313.7,2024-02-21,57,6.5,D,2024,2,winter,low
35.5003,-5.5547,307.6,2024-02-21,58,5.5,D,2024,2,winter,low
30.2871,-9.1929,312.8,2024-02-24,60,5.5,D,2024,2,winter,low
35.1098,-2.3365,304.1,2024-02-26,58,9.4,N,2024,2,winter,low
35.1042,-6.1271,307.1,2024-03-02,65,6.6,D,2024,3,spring,low
30.1242,-9.4971,308.7,2024-03-05,49,5.7,D,2024,3,spring,low
30.0698,-9.4971,312.1,2024-03-07,56,5.7,D,2024,3,spring,low
34.3649,-6.5835,312.2,2024-03-19,44,6.1,D,2024,3,spring,low
35.364,-5.3878,307.1,2024-03-19,32,4.3,D,2024,3,spring,low
31.7717,-4.2483,314.8,2024-03-20,42,13.8,D,2024,3,spring,low
31.7828,-4.2518,317.5,2024-03-20,41,17.1,D,2024,3,spring,low
31.786,-4.2347,329.5,2024-03-20,80,44.4,D,2024,3,spring,medium
31.7749,-4.2316,322.0,2024-03-20,70,27.7,D,2024,3,spring,medium
31.7602,-7.6226,314.9,2024-03-31,63,10.0,D,2024,3,spring,low
33.8586,-5.6292,318.5,2024-04-09,67,10.7,D,2024,4,spring,low
35.4796,-5.6746,309.3,2024-04-11,57,6.6,D,2024,4,spring,low
35.4521,-5.7142,315.6,2024-04-12,72,12.3,D,2024,4,spring,low
35.443,-5.7157,313.6,2024-04-12,67,10.3,D,2024,4,spring,low
35.0093,-5.342,324.0,2024-04-13,78,30.5,D,2024,4,spring,medium
35.4072,-5.7403,317.9,2024-04-15,69,53.4,D,2024,4,spring,medium
35.4086,-5.7454,318.2,2024-04-15,69,56.8,D,2024,4,spring,medium
32.67,-5.7888,303.9,2024-04-15,57,7.6,N,2024,4,spring,low
33.5251,-7.21,310.8,2024-05-02,81,12.7,N,2024,5,spring,low
33.5267,-7.1993,320.8,2024-05-02,100,21.4,N,2024,5,spring,medium
33.5355,-7.2013,306.0,2024-05-02,67,10.1,N,2024,5,spring,low
31.899,-4.5364,336.1,2024-05-17,79,17.9,D,2024,5,spring,low
30.1507,-9.4726,311.3,2024-05-20,82,29.7,N,2024,5,spring,medium
33.7246,-5.4171,323.7,2024-05-21,73,10.6,D,2024,5,spring,low
34.5761,-6.1503,317.9,2024-05-27,69,59.8,D,2024,5,spring,medium
33.8498,-5.196,327.8,2024-05-28,73,14.5,D,2024,5,spring,low
33.9391,-4.088,330.0,2024-05-31,69,30.1,D,2024,5,spring,medium
33.9317,-4.0819,364.2,2024-05-31,100,171.2,D,2024,5,spring,high
33.9286,-4.0978,375.9,2024-05-31,100,249.8,D,2024,5,spring,high
33.9394,-4.1011,355.1,2024-05-31,97,124.9,D,2024,5,spring,high
30.8651,-6.8886,328.7,2024-06-08,66,9.1,D,2024,6,summer,low
30.792,-8.909,345.1,2024-06-13,90,41.4,D,2024,6,summer,medium
35.0085,-6.1431,328.4,2024-06-14,75,17.6,D,2024,6,summer,low
29.6337,-7.888,342.7,2024-06-30,84,15.1,D,2024,6,summer,low
29.6322,-7.898,385.6,2024-06-30,100,144.4,D,2024,6,summer,high
34.8719,-4.3317,323.7,2024-07-06,49,10.7,D,2024,7,summer,low
33.6455,-5.0286,335.6,2024-07-09,81,47.3,D,2024,7,summer,medium
34.7388,-4.4852,335.0,2024-07-14,69,16.9,D,2024,7,summer,low
34.7372,-4.4958,333.6,2024-07-14,65,14.1,D,2024,7,summer,low
35.1575,-5.3608,323.2,2024-07-16,41,17.5,D,2024,7,summer,low
35.1546,-5.3761,331.3,2024-07-16,77,36.8,D,2024,7,summer,medium
35.1653,-5.3795,324.4,2024-07-16,55,21.3,D,2024,7,summer,medium
35.1591,-5.3678,336.9,2024-07-16,84,54.5,D,2024,7,summer,medium
35.1561,-5.3831,321.9,2024-07-16,40,16.4,D,2024,7,summer,low
35.4398,-5.6716,317.2,2024-07-23,93,27.2,N,2024,7,summer,medium
35.4325,-5.6498,319.6,2024-07-23,99,32.0,N,2024,7,summer,medium
35.4292,-5.6671,323.6,2024-07-23,100,39.4,N,2024,7,summer,medium
35.4435,-5.6523,315.5,2024-07-23,88,25.0,N,2024,7,summer,medium
35.436,-5.6521,320.7,2024-07-24,100,27.3,N,2024,7,summer,medium
35.4401,-5.6575,336.8,2024-07-24,100,59.3,N,2024,7,summer,medium
35.4425,-5.6706,315.9,2024-07-24,92,19.4,N,2024,7,summer,low
35.4486,-5.6624,325.5,2024-07-24,100,36.0,N,2024,7,summer,medium
35.4461,-5.6494,316.9,2024-07-24,94,22.6,N,2024,7,summer,medium
35.4386,-5.6657,327.7,2024-07-24,100,39.3,N,2024,7,summer,medium
31.833,-4.2828,388.8,2024-07-24,100,185.5,D,2024,7,summer,high
35.4432,-5.6651,332.0,2024-07-24,47,12.2,D,2024,7,summer,low
35.4342,-5.6636,341.3,2024-07-24,84,29.3,D,2024,7,summer,medium
35.4356,-5.6526,338.5,2024-07-24,80,24.0,D,2024,7,summer,medium
34.7046,-4.0719,328.9,2024-07-24,99,55.3,N,2024,7,summer,medium
34.7038,-4.0779,322.3,2024-07-24,58,38.0,N,2024,7,summer,medium
34.7153,-4.0777,316.2,2024-07-24,37,24.7,N,2024,7,summer,medium
35.4422,-5.6452,306.9,2024-07-25,50,35.1,N,2024,7,summer,medium
35.0272,-5.1547,331.8,2024-07-26,63,14.8,D,2024,7,summer,low
35.0253,-5.1659,330.7,2024-07-26,69,13.9,D,2024,7,summer,low
34.3201,-5.4401,306.6,2024-07-26,67,5.5,N,2024,7,summer,low
31.8307,-6.6798,339.0,2024-08-12,63,35.7,D,2024,8,summer,medium
31.8378,-6.6604,342.9,2024-08-12,73,49.4,D,2024,8,summer,medium
31.8352,-6.6752,385.2,2024-08-12,100,259.4,D,2024,8,summer,high
31.8335,-6.665,340.2,2024-08-12,79,39.2,D,2024,8,summer,medium
31.8438,-6.6672,363.0,2024-08-12,100,123.3,D,2024,8,summer,high
31.8411,-6.6818,357.1,2024-08-12,98,96.1,D,2024,8,summer,medium
34.4132,-5.6771,303.8,2024-08-12,57,4.7,N,2024,8,summer,low
34.6318,-4.9302,343.2,2024-08-15,86,36.7,D,2024,8,summer,medium
34.8145,-5.8885,332.2,2024-08-17,71,13.4,D,2024,8,summer,low
34.2801,-6.553,351.5,2024-08-17,93,53.4,D,2024,8,summer,medium
33.6282,-7.2899,340.7,2024-08-17,81,30.7,D,2024,8,summer,medium
33.6261,-7.3022,332.6,2024-08-17,61,14.5,D,2024,8,summer,low
34.8137,-5.893,340.7,2024-08-17,72,14.2,D,2024,8,summer,low
34.2825,-6.5599,308.4,2024-08-17,59,5.9,N,2024,8,summer,low
34.284,-6.5492,318.6,2024-08-17,96,14.3,N,2024,8,summer,low
32.3054,-5.4882,309.8,2024-08-18,77,52.2,N,2024,8,summer,medium
32.3043,-5.4601,312.5,2024-08-18,84,64.9,N,2024,8,summer,medium
32.3077,-5.452,308.3,2024-08-18,72,47.8,N,2024,8,summer,medium
32.3023,-5.4941,304.2,2024-08-18,55,30.8,N,2024,8,summer,medium
32.3054,-5.4671,309.2,2024-08-19,77,10.2,N,2024,8,summer,low
34.1752,-4.0778,327.8,2024-08-25,48,22.0,D,2024,8,summer,medium
34.1731,-4.0706,338.5,2024-08-25,82,67.4,D,2024,8,summer,medium
34.1771,-4.0555,329.1,2024-08-25,61,25.9,D,2024,8,summer,medium
33.7166,-5.464,323.6,2024-09-01,71,24.4,D,2024,9,autumn,medium
32.5933,-6.7039,332.8,2024-09-05,78,15.7,D,2024,9,autumn,low
34.3002,-6.3054,321.5,2024-09-17,64,34.7,D,2024,9,autumn,medium
35.2575,-5.115,326.4,2024-09-23,81,78.0,D,2024,9,autumn,medium
35.262,-5.1365,312.7,2024-09-23,63,32.4,D,2024,9,autumn,medium
33.8505,-5.1999,322.9,2024-09-23,63,10.1,D,2024,9,autumn,low
35.2623,-5.1265,309.0,2024-09-23,76,18.7,N,2024,9,autumn,low
35.2551,-5.1326,314.9,2024-09-25,45,9.2,D,2024,9,autumn,low
33.8872,-5.1658,319.3,2024-09-27,64,7.9,D,2024,9,autumn,low
33.3948,-7.9116,319.6,2024-09-28,64,20.1,D,2024,9,autumn,medium
35.1687,-6.1198,326.0,2024-09-30,70,14.8,D,2024,9,autumn,low
35.167,-6.1306,328.7,2024-09-30,78,18.2,D,2024,9,autumn,low
34.9051,-6.2638,315.5,2024-10-03,57,11.9,D,2024,10,autumn,low
33.3364,-7.4502,310.2,2024-10-17,40,6.0,D,2024,10,autumn,low
33.9263,-6.5647,315.4,2024-10-22,69,8.1,D,2024,10,autumn,low
33.8865,-6.4145,320.9,2024-10-24,68,22.9,D,2024,10,autumn,medium
33.1218,-8.1275,323.7,2024-11-21,77,14.7,D,2024,11,autumn,low
34.7185,-5.4277,308.4,2024-11-23,61,6.0,D,2024,11,autumn,low
35.297,-5.5162,301.5,2024-11-28,47,8.9,D,2024,11,autumn,low
32.8076,-4.0207,304.1,2024-11-30,58,4.8,D,2024,11,autumn,low
31.4235,-8.9922,306.7,2024-11-30,50,4.6,D,2024,11,autumn,low
30.4466,-9.2681,314.0,2024-12-03,70,10.9,D,2024,12,winter,low
33.8019,-5.6211,305.8,2024-12-03,44,4.0,D,2024,12,winter,low
34.5118,-6.3945,309.1,2024-12-03,63,7.7,D,2024,12,winter,low
35.302,-5.2296,308.1,2024-12-03,67,8.8,D,2024,12,winter,low
35.3003,-5.2402,313.1,2024-12-03,73,12.9,D,2024,12,winter,low
34.9314,-4.2989,322.6,2024-12-05,100,24.7,N,2024,12,winter,medium
32.5085,-6.3946,300.6,2024-12-08,39,3.1,D,2024,12,winter,low
35.0964,-5.2801,308.5,2024-12-18,66,7.5,D,2024,12,winter,low
30.5392,-8.744,302.6,2024-12-20,52,4.0,D,2024,12,winter,low
31.0736,-9.2022,302.1,2024-12-20,30,11.1,D,2024,12,winter,low
