time,latitude,longitude,depth,mag,magType,place,severity_label
2025-12-24 22:43:26.824000+00:00,34.0687,-5.5488,10.0,4.1,mb,"19 km N of Meknès, Morocco",medium
2025-09-03 03:25:59.350000+00:00,31.0111,-8.2571,9.076,4.5,mb,"43 km WSW of Oukaïmedene, Morocco",high
2025-05-23 11:16:40.499000+00:00,33.4409,-6.2869,10.0,3.8,mb,"26 km W of Oulmes, Morocco",medium
2025-02-10 22:48:41.585000+00:00,35.0177,-5.5251,29.521,5.1,mb,"25 km N of Ouezzane, Morocco",high
2024-10-15 09:01:40.391000+00:00,33.1723,-5.142,10.0,4.5,mb,"22 km SE of Aïn Leuh, Morocco",high
2024-08-13 22:51:37.616000+00:00,35.4614,-3.6174,10.0,4.1,mb,"37 km NE of Al Hoceïma, Morocco",medium
2024-05-27 00:40:24.609000+00:00,35.5311,-3.5066,10.0,4.3,mb,"49 km NE of Al Hoceïma, Morocco",medium
2024-03-15 20:17:46.665000+00:00,35.4522,-3.5566,8.919,4.5,mww,"41 km ENE of Al Hoceïma, Morocco",high
2024-02-04 23:04:37.418000+00:00,34.5606,-5.4315,8.37,4.2,mb,"29 km SSE of Ouezzane, Morocco",medium
2024-01-02 07:37:51.116000+00:00,31.9412,-6.4003,10.0,4.3,mwr,"26 km N of Ifrane, Morocco",medium
2023-10-30 04:20:22.060000+00:00,31.0791,-8.4399,10.0,4.2,mb,"56 km WSW of Oukaïmedene, Morocco",medium
2023-09-30 08:04:21.474000+00:00,30.9522,-8.4088,10.0,4.0,mb,"59 km WSW of Oukaïmedene, Morocco",medium
2023-09-14 05:53:16.342000+00:00,31.0181,-8.3703,8.722,4.6,mb,"52 km WSW of Oukaïmedene, Morocco",high
2023-09-13 15:45:04.786000+00:00,30.921,-8.4843,10.0,4.2,mb,"62 km NE of Taroudant, Morocco",medium
2023-09-12 00:25:38.290000+00:00,31.022,-8.4543,10.0,4.0,ml,"60 km WSW of Oukaïmedene, Morocco",medium
2023-09-10 08:00:01.027000+00:00,31.0743,-8.4473,9.003,4.2,mb,"57 km WSW of Oukaïmedene, Morocco",medium
2023-09-08 22:30:44.243000+00:00,31.0364,-8.3516,10.0,4.9,mb,"50 km WSW of Oukaïmedene, Morocco",high
2023-09-08 22:11:01.405000+00:00,31.058,-8.3847,19.0,6.8,mww,"Al Haouz, Morocco",high
2023-04-04 21:06:08.713000+00:00,35.0303,-3.9547,15.028,4.5,mb,"13 km SW of Bni Bouayach, Morocco",high
2023-02-12 08:36:45.805000+00:00,35.0177,-3.8262,10.0,4.4,mb,"9 km S of Bni Bouayach, Morocco",medium
2023-02-12 06:59:30.586000+00:00,35.0455,-3.8846,10.0,4.1,mb,"7 km SSW of Bni Bouayach, Morocco",medium
2023-01-07 13:28:57.408000+00:00,34.9885,-3.8382,10.0,4.4,mb,"12 km S of Bni Bouayach, Morocco",medium
2023-01-07 08:12:28.095000+00:00,34.995,-3.9009,10.0,4.9,mww,Morocco,high
2022-12-12 04:51:43.070000+00:00,30.3325,-9.5904,10.0,4.1,mb,"9 km SSW of Dakhla, Morocco",medium
2022-11-30 11:07:01.690000+00:00,35.5367,-3.4806,10.0,4.4,mb,"52 km NE of Al Hoceïma, Morocco",medium
2022-11-18 23:32:42.138000+00:00,35.4546,-3.6108,10.0,4.3,mb,"37 km NE of Al Hoceïma, Morocco",medium
2022-11-04 22:26:50.471000+00:00,35.4758,-3.5546,10.0,4.3,mb,"42 km NE of Al Hoceïma, Morocco",medium
2022-10-21 12:45:58.940000+00:00,35.3062,-4.0765,10.0,4.3,mb,"13 km NW of Tirhanimîne, Morocco",medium
2022-10-16 07:32:16.639000+00:00,35.4713,-3.4838,15.504,4.5,mb,"47 km ENE of Al Hoceïma, Morocco",high
2022-10-04 15:39:29.753000+00:00,35.2919,-3.6514,10.0,4.9,mb,"24 km NE of Imzouren, Morocco",high
2022-10-04 15:37:19.100000+00:00,35.5593,-3.4635,10.0,4.0,mb,"54 km NE of Al Hoceïma, Morocco",medium
2022-08-03 21:19:57.003000+00:00,35.4414,-3.6393,10.0,4.0,mb,"34 km NE of Al Hoceïma, Morocco",medium
2022-07-20 14:11:42.653000+00:00,35.4923,-3.5369,10.0,4.1,mb,"45 km NE of Al Hoceïma, Morocco",medium
2022-06-06 17:57:47.940000+00:00,35.4506,-3.6166,10.0,4.0,mb,"36 km NE of Al Hoceïma, Morocco",medium
2022-06-02 12:55:15.177000+00:00,35.6277,-3.4835,10.0,4.5,mwr,"58 km NE of Al Hoceïma, Morocco",high
2022-05-29 20:15:25.294000+00:00,35.3156,-3.5996,10.0,4.4,mb,"29 km NE of Imzouren, Morocco",medium
2022-05-20 20:11:28.010000+00:00,35.4408,-3.5561,10.0,4.1,mb,"40 km ENE of Al Hoceïma, Morocco",medium
2022-04-16 14:36:07.344000+00:00,35.4589,-3.477,10.0,4.2,mb,"47 km ENE of Al Hoceïma, Morocco",medium
2022-04-09 03:55:10.226000+00:00,35.5087,-3.8224,10.0,4.3,mb,"30 km NNE of Al Hoceïma, Morocco",medium
2022-04-07 07:09:04.463000+00:00,35.5086,-3.6711,11.69,4.3,mb,"37 km NE of Al Hoceïma, Morocco",medium
2022-02-08 15:18:00.954000+00:00,35.5318,-3.6604,11.12,4.2,mb,"39 km NE of Al Hoceïma, Morocco",medium
2022-01-24 07:11:38.567000+00:00,33.2582,-4.2807,10.0,4.2,mb,"Fes-Boulemane, Morocco",medium
2021-12-30 15:28:19.175000+00:00,35.3652,-3.7794,10.0,4.3,mb,"19 km NE of Al Hoceïma, Morocco",medium
2021-12-23 01:54:26.211000+00:00,35.1559,-3.896,10.0,4.8,mb,"4 km WNW of Imzouren, Morocco",high
2021-11-18 01:23:01.611000+00:00,35.4969,-3.6974,10.0,4.0,mb,"34 km NE of Al Hoceïma, Morocco",medium
2021-10-23 19:54:01.108000+00:00,35.3958,-3.4733,10.0,4.2,mb,"44 km NE of Imzouren, Morocco",medium
2021-09-18 00:11:18.537000+00:00,35.4828,-3.6101,10.0,4.2,mb,"39 km NE of Al Hoceïma, Morocco",medium
2021-09-01 12:51:59.276000+00:00,35.4448,-3.6889,10.0,4.0,mb,"31 km NE of Al Hoceïma, Morocco",medium
2021-08-28 11:20:49.968000+00:00,35.4853,-3.5403,10.0,5.3,mww,"44 km NE of Al Hoceïma, Morocco",high
2021-08-07 04:19:15.968000+00:00,35.4578,-3.6295,10.0,4.3,mb,"36 km NE of Al Hoceïma, Morocco",medium
2021-08-02 14:06:10.084000+00:00,35.4442,-3.6231,10.0,4.4,mb,"35 km NE of Al Hoceïma, Morocco",medium
2021-08-02 08:49:30.097000+00:00,35.553,-3.9634,10.0,4.5,mb,"33 km N of Al Hoceïma, Morocco",high
2021-07-30 09:13:03.844000+00:00,35.4993,-3.6941,10.0,4.3,mb,"35 km NE of Al Hoceïma, Morocco",medium
2021-07-30 08:58:50.303000+00:00,35.2794,-3.6453,10.0,4.6,mb,"23 km NE of Imzouren, Morocco",high
2021-07-11 11:40:03.607000+00:00,35.4397,-3.6282,10.0,4.4,mb,"34 km NE of Al Hoceïma, Morocco",medium
2021-06-22 14:54:33.764000+00:00,35.3962,-3.7318,18.08,4.4,mb,"24 km NE of Al Hoceïma, Morocco",medium
2021-06-19 03:23:06.975000+00:00,35.4995,-3.5835,10.0,4.7,mb,"42 km NE of Al Hoceïma, Morocco",high
2021-05-23 06:42:16.044000+00:00,35.5354,-3.7349,10.0,4.5,mb,"36 km NNE of Al Hoceïma, Morocco",high
2021-05-23 06:18:40.351000+00:00,35.4548,-3.6342,10.0,4.3,mb,"35 km NE of Al Hoceïma, Morocco",medium
2021-05-21 11:10:55.397000+00:00,35.4151,-3.6628,10.0,4.4,mb,"30 km NE of Al Hoceïma, Morocco",medium
2021-05-14 06:54:59.538000+00:00,35.3374,-3.7105,10.0,4.3,mb,"22 km ENE of Al Hoceïma, Morocco",medium
2021-05-11 16:52:02.638000+00:00,35.4606,-3.5802,5.25,4.6,mb,"39 km NE of Al Hoceïma, Morocco",high
2021-05-01 22:10:06.405000+00:00,35.4452,-3.6289,10.0,4.3,mb,"35 km NE of Al Hoceïma, Morocco",medium
2021-04-23 02:59:21.593000+00:00,31.8191,-10.2808,10.0,4.2,mb,"59 km NW of Essaouira, Morocco",medium
2020-09-06 11:56:23.041000+00:00,35.5541,-5.3362,10.0,4.3,mb,"3 km SE of Tétouan, Morocco",medium
2020-07-25 12:13:00.471000+00:00,35.4251,-3.8678,10.0,4.8,mb,"20 km NNE of Al Hoceïma, Morocco",high
2020-07-01 06:06:44.360000+00:00,34.3852,-4.9715,10.0,4.5,mb,"34 km WSW of Taounate, Morocco",high
2020-02-16 21:56:53.345000+00:00,32.6752,-4.2435,10.0,4.3,mb,"47 km E of Midelt, Morocco",medium
2019-11-17 14:39:07.534000+00:00,32.5946,-4.2595,10.0,4.2,mb,"46 km ESE of Midelt, Morocco",medium
2019-11-17 08:39:09.032000+00:00,32.6609,-4.2534,10.0,5.0,mww,"46 km E of Midelt, Morocco",high
2019-08-05 04:37:35.573000+00:00,33.9511,-11.501,10.0,4.0,ml,"266 km WNW of Oualidia, Morocco",medium
2019-02-16 04:35:34.810000+00:00,34.8752,-4.5637,59.4,4.3,mb,"23 km WSW of Targuist, Morocco",medium
2018-12-29 21:48:05.320000+00:00,30.8465,-7.3287,10.0,3.8,mb,"42 km W of Ouarzazat, Morocco",medium
2018-06-28 17:35:25.840000+00:00,35.509,-4.2068,10.0,2.8,ml,"37 km NW of Al Hoceïma, Morocco",low
2018-06-04 22:11:43.740000+00:00,32.5435,-4.5132,10.0,4.3,mb,"26 km SE of Midelt, Morocco",medium
2017-07-05 03:27:09.410000+00:00,33.4516,-2.8606,10.0,4.3,mb,"97 km SSE of Guercif, Morocco",medium
2017-02-20 07:44:10.090000+00:00,30.2546,-9.8262,10.0,4.4,mb,"28 km SW of Agadir, Morocco",medium
2016-04-24 15:54:00.960000+00:00,33.5258,-11.4314,13.51,4.6,mb,"240 km WNW of Oualidia, Morocco",high
2016-04-08 07:10:08.020000+00:00,35.5244,-3.7976,10.0,4.3,mb,"32 km NNE of Al Hoceïma, Morocco",medium
2016-04-02 14:48:04.900000+00:00,35.4893,-3.8335,10.0,4.2,mb,"28 km NNE of Al Hoceïma, Morocco",medium
2016-03-16 23:10:45.330000+00:00,35.6679,-3.5522,10.0,4.2,mb,"57 km NE of Al Hoceïma, Morocco",medium
2016-03-16 19:43:08.720000+00:00,35.7179,-3.701,10.0,4.1,mb,"55 km NNE of Al Hoceïma, Morocco",medium
2016-03-15 04:40:39.110000+00:00,35.6879,-3.634,10.0,5.2,mww,"55 km NNE of Al Hoceïma, Morocco",high
2016-03-13 20:54:00.910000+00:00,35.4791,-3.6897,10.0,4.2,mb,"33 km NE of Al Hoceïma, Morocco",medium
2016-03-12 15:17:12.030000+00:00,35.6643,-3.5879,10.0,4.9,mww,"55 km NE of Al Hoceïma, Morocco",high
2016-03-12 15:04:05.380000+00:00,35.6221,-3.5757,10.0,4.8,mww,"52 km NE of Al Hoceïma, Morocco",high
2016-03-11 09:40:21.790000+00:00,35.854,-3.7957,10.0,4.3,mb,"68 km N of Al Hoceïma, Morocco",medium
2016-03-11 04:19:47.560000+00:00,35.6577,-3.6245,10.0,4.6,mb,"53 km NNE of Al Hoceïma, Morocco",high
2016-03-11 04:16:47.910000+00:00,35.6992,-3.5952,10.0,5.0,mww,"58 km NNE of Al Hoceïma, Morocco",high
2016-03-10 23:04:19.370000+00:00,35.7077,-3.6625,10.0,4.2,mb,"56 km NNE of Al Hoceïma, Morocco",medium
2016-03-09 23:46:07.400000+00:00,35.6773,-3.5733,10.0,4.8,mb,"57 km NE of Al Hoceïma, Morocco",high
2016-03-03 11:36:26.230000+00:00,35.4857,-3.7849,10.0,5.0,mb,"29 km NNE of Al Hoceïma, Morocco",high
2016-02-28 11:03:17.630000+00:00,35.5718,-3.5728,11.72,4.3,mb,"48 km NE of Al Hoceïma, Morocco",medium
2016-02-23 10:12:32.860000+00:00,35.6949,-3.5641,10.0,4.7,mb,"59 km NE of Al Hoceïma, Morocco",high
2016-02-23 08:46:01.010000+00:00,35.6866,-3.6285,10.0,4.8,mb,"55 km NNE of Al Hoceïma, Morocco",high
2016-02-22 04:14:30.100000+00:00,35.7366,-3.5222,10.0,4.6,mb,"65 km NE of Al Hoceïma, Morocco",high
2016-02-22 03:46:02.460000+00:00,35.7375,-3.5108,10.0,5.1,mww,"66 km NE of Al Hoceïma, Morocco",high
2016-02-08 11:21:43.780000+00:00,35.3652,-3.8782,8.47,4.2,mb,"13 km NNE of Al Hoceïma, Morocco",medium
2016-02-05 09:04:41.120000+00:00,35.6181,-3.8796,10.0,4.3,mb,"40 km N of Al Hoceïma, Morocco",medium
2016-02-05 09:02:59.050000+00:00,35.5909,-3.7731,10.0,4.4,mb,"40 km NNE of Al Hoceïma, Morocco",medium
2016-02-03 21:27:49.390000+00:00,35.6091,-3.7462,10.0,4.0,mb,"43 km NNE of Al Hoceïma, Morocco",medium
2016-02-01 23:50:48.860000+00:00,35.4566,-3.8528,10.0,4.2,mb,"23 km NNE of Al Hoceïma, Morocco",medium
2016-01-29 01:16:20.570000+00:00,35.4263,-3.8032,10.0,4.1,mb,"22 km NNE of Al Hoceïma, Morocco",medium
2016-01-28 19:48:51.250000+00:00,35.452,-3.821,10.0,4.5,mb,"24 km NNE of Al Hoceïma, Morocco",high
2016-01-27 21:57:49.590000+00:00,35.5796,-3.7851,10.0,4.3,mb,"38 km NNE of Al Hoceïma, Morocco",medium
2016-01-27 06:32:07.970000+00:00,35.6728,-3.568,10.0,4.9,mb,"57 km NE of Al Hoceïma, Morocco",high
2016-01-26 04:35:59.240000+00:00,35.5265,-3.6992,10.0,4.5,mb,"37 km NE of Al Hoceïma, Morocco",high
2016-01-26 01:16:45.990000+00:00,35.4901,-3.9411,1.2,4.1,mwr,"26 km N of Al Hoceïma, Morocco",medium
2016-01-25 18:17:33.430000+00:00,35.5913,-3.7694,10.0,4.1,mb,"40 km NNE of Al Hoceïma, Morocco",medium
2016-01-25 16:02:43.560000+00:00,35.5363,-3.7839,10.0,4.3,mb,"34 km NNE of Al Hoceïma, Morocco",medium
2016-01-25 14:52:42.740000+00:00,35.739,-3.5856,10.0,4.9,mb,"62 km NNE of Al Hoceïma, Morocco",high
2016-01-25 11:29:23.070000+00:00,35.4901,-3.7475,21.43,4.4,mb,"31 km NNE of Al Hoceïma, Morocco",medium
2016-01-25 08:25:06.100000+00:00,35.5453,-3.6703,10.0,4.7,mb,"40 km NE of Al Hoceïma, Morocco",high
2016-01-25 08:15:29.050000+00:00,35.6955,-3.6741,10.0,4.1,mb,"54 km NNE of Al Hoceïma, Morocco",medium
2016-01-25 07:55:15.780000+00:00,35.4917,-3.8394,10.0,4.2,mb,"28 km NNE of Al Hoceïma, Morocco",medium
2016-01-25 06:10:41.960000+00:00,35.5051,-3.8783,10.0,5.2,mb,"28 km N of Al Hoceïma, Morocco",high
2016-01-25 05:54:05.460000+00:00,35.4764,-3.7734,10.0,5.1,mwr,"29 km NNE of Al Hoceïma, Morocco",high
2016-01-25 05:37:11.890000+00:00,35.4992,-3.8211,10.0,4.2,mb,"29 km NNE of Al Hoceïma, Morocco",medium
2016-01-25 05:03:46.300000+00:00,35.6749,-3.7449,10.0,4.7,mb,"50 km NNE of Al Hoceïma, Morocco",high
2016-01-25 04:34:19.170000+00:00,35.6805,-3.723,10.0,5.3,mb,"51 km NNE of Al Hoceïma, Morocco",high
2016-01-25 04:30:55.190000+00:00,35.5953,-3.8166,10.0,5.0,mb,"39 km NNE of Al Hoceïma, Morocco",high
2016-01-25 04:22:02.730000+00:00,35.6493,-3.6818,12.0,6.3,mww,"49 km NNE of Al Hoceïma, Morocco",high
2016-01-21 13:47:19.860000+00:00,35.6247,-3.6499,10.0,5.1,mwr,"48 km NNE of Al Hoceïma, Morocco",high
2015-03-06 04:01:49.340000+00:00,34.896,-2.8022,5.0,4.3,mb,"8 km SW of Zaïo, Morocco",medium
2015-01-29 04:29:07.430000+00:00,30.2995,-9.6366,16.12,4.1,mb,"13 km SSW of Agadir, Morocco",medium
2014-11-02 18:32:06.920000+00:00,35.7398,-4.4709,111.35,4.1,mb,"72 km NW of Al Hoceïma, Morocco",medium
2014-10-09 20:21:12.770000+00:00,34.9249,-4.4305,18.67,4.4,mb,"10 km W of Targuist, Morocco",medium
2014-08-31 20:14:07.040000+00:00,31.0564,-8.7735,10.0,4.8,mb,"65 km N of Taroudant, Morocco",high
2014-07-31 17:14:23.840000+00:00,34.999,-2.9655,7.5,4.1,mb,"4 km ESE of Al Aaroui, Morocco",medium
2014-05-14 13:51:49.530000+00:00,33.6607,-4.9973,17.89,4.2,mb,"18 km NE of Ifrane, Morocco",medium
2014-05-12 03:53:19.970000+00:00,32.2895,-6.2519,10.0,4.0,mb,"10 km ESE of Beni Mellal, Morocco",medium
2014-05-01 07:46:26.500000+00:00,34.9512,-10.1239,10.0,4.2,mb,"239 km NW of El Jadid, Morocco",medium
2014-04-15 07:56:47.070000+00:00,33.6872,-5.1015,10.0,4.2,mb,"17 km N of Ifrane, Morocco",medium
2014-03-14 21:50:56.150000+00:00,33.8008,-4.1299,18.26,4.2,mb,"15 km SW of Tmourghout, Morocco",medium
2014-03-11 12:27:05.040000+00:00,34.2111,-4.9098,10.04,4.6,mb,"16 km NNE of Fès al Bali, Morocco",high
2013-12-16 07:06:20.350000+00:00,35.4835,-7.0328,34.84,4.8,mb,"85 km WNW of Larache, Morocco",high
2013-08-08 07:05:25.220000+00:00,35.245,-4.1921,10.0,4.2,mb,"21 km W of Tirhanimîne, Morocco",medium
2013-05-31 08:46:26.700000+00:00,32.417,-5.379,10.4,4.5,mb,"56 km ESE of Zawyat ech Cheïkh, Morocco",high
2013-04-29 19:27:25.200000+00:00,34.703,-2.173,8.1,4.1,mb,"24 km W of Oujda-Angad, Morocco",medium
2013-04-14 21:43:15.210000+00:00,33.358,-5.037,10.0,4.3,mb,"19 km ESE of Azrou, Morocco",medium
2012-02-18 00:28:25.150000+00:00,34.413,-5.534,10.0,4.2,mb,"26 km NE of Sidi Qacem, Morocco",medium
2011-02-18 01:10:06.970000+00:00,35.557,-4.5,10.0,4.2,mb,"61 km NW of Tirhanimîne, Morocco",medium
2011-02-14 06:02:55.690000+00:00,32.011,-5.912,7.9,4.5,mb,"53 km NE of Ifrane, Morocco",high
2010-08-05 18:54:15.510000+00:00,32.257,-5.698,10.0,4.6,mb,"47 km SSE of Zawyat ech Cheïkh, Morocco",high
2010-04-22 01:23:55.960000+00:00,35.269,-6.226,10.0,4.8,mb,"10 km NW of Larache, Morocco",high
2010-04-14 15:21:15.880000+00:00,34.714,-5.527,15.6,4.1,mb,"10 km SSE of Ouezzane, Morocco",medium
2010-02-14 22:14:33.030000+00:00,34.936,-5.504,27.1,4.2,mb,"16 km NNE of Ouezzane, Morocco",medium
2010-01-21 16:57:04.540000+00:00,34.857,-5.568,10.0,4.5,mb,"6 km N of Ouezzane, Morocco",high
2009-09-29 21:47:42.970000+00:00,32.703,-7.26,17.0,3.8,ml,"38 km WSW of Khouribga, Morocco",medium
2009-07-06 00:00:28.270000+00:00,31.997,-6.078,16.6,4.5,mb,"41 km NE of Ifrane, Morocco",high
2009-02-28 20:04:28.760000+00:00,31.351,-9.368,16.7,4.2,mb,"42 km ESE of Essaouira, Morocco",medium
2008-11-26 02:54:56.270000+00:00,35.717,-4.656,76.8,3.3,m,"57 km E of Martil, Morocco",low
2008-10-14 18:59:24.480000+00:00,34.443,-1.988,0.0,3.3,m,"21 km NE of Jerada, Morocco",low
2008-10-04 19:27:24.370000+00:00,35.303,-4.07,0.0,2.9,m,"12 km NW of Tirhanimîne, Morocco",low
2008-09-28 02:11:19.680000+00:00,33.669,-5.89,10.0,3.4,ml,"23 km SE of Khemisset, Morocco",low
2008-09-26 10:19:55.290000+00:00,35.551,-5.994,2.4,2.5,mblg,"10 km NNE of Asilah, Morocco",low
2008-09-17 21:35:31.640000+00:00,34.405,-4.475,0.0,3.6,m,"21 km SE of Taounate, Morocco",medium
2008-09-09 13:36:38.800000+00:00,35.528,-7.052,26.4,4.0,ml,"89 km WNW of Larache, Morocco",medium
2008-08-26 19:27:38.140000+00:00,35.792,-4.63,81.4,2.6,m,"61 km ENE of Cap Negro II, Morocco",low
2008-08-10 21:10:28.420000+00:00,35.137,-2.057,0.0,3.1,m,"16 km ENE of Saidia, Morocco",low
2008-08-08 22:56:11.150000+00:00,35.577,-4.699,65.7,2.8,m,"52 km E of Martil, Morocco",low
2008-08-03 13:03:44.280000+00:00,34.551,-5.5,0.0,3.9,m,"28 km SSE of Ouezzane, Morocco",medium
2008-07-28 02:16:35.980000+00:00,35.806,-4.65,86.8,2.9,m,"60 km ENE of Cap Negro II, Morocco",low
2008-07-23 13:41:28.350000+00:00,35.547,-4.558,84.0,2.5,m,"64 km WNW of Tirhanimîne, Morocco",low
2008-07-10 16:34:11.350000+00:00,35.768,-3.884,0.0,2.6,mblg,"57 km N of Al Hoceïma, Morocco",low
2008-06-23 17:21:04.050000+00:00,33.877,-6.003,0.0,3.5,m,"8 km NE of Khemisset, Morocco",medium
2008-06-15 08:26:07.350000+00:00,32.496,-4.767,10.0,3.7,ml,"21 km S of Midelt, Morocco",medium
2008-06-13 11:27:41.460000+00:00,34.807,-4.736,25.7,3.6,mblg,"31 km NNW of Taounate, Morocco",medium
2008-06-08 00:59:34.250000+00:00,34.848,-3.065,9.6,3.6,m,"18 km SSW of Al Aaroui, Morocco",medium
2008-04-13 11:06:39.090000+00:00,34.999,-3.676,0.0,2.5,mblg,"14 km WNW of Midar, Morocco",low
2008-04-04 01:14:00.740000+00:00,35.376,-4.575,37.4,2.7,mblg,"53 km NNW of Targuist, Morocco",low
2008-03-24 21:51:57.050000+00:00,35.807,-6.292,25.2,2.9,mblg,"44 km NNW of Asilah, Morocco",low
2008-03-01 03:53:54.810000+00:00,34.814,-4.049,0.0,2.8,m,"28 km ESE of Targuist, Morocco",low
2008-03-01 03:30:13.280000+00:00,34.878,-4.273,0.0,3.0,m,"7 km SSE of Targuist, Morocco",low
2008-03-01 03:25:18.150000+00:00,34.736,-4.296,0.0,3.0,m,"22 km S of Targuist, Morocco",low
2008-02-18 15:10:31.680000+00:00,34.511,-5.564,10.0,3.7,m,"31 km S of Ouezzane, Morocco",medium
2008-02-16 01:42:25.520000+00:00,35.54,-5.847,0.0,2.8,m,"18 km ENE of Asilah, Morocco",low
2008-02-05 19:16:18.180000+00:00,32.142,-1.356,0.0,4.0,m,"71 km SE of Bouarfa, Morocco",medium
2008-01-28 16:09:25.490000+00:00,34.942,-3.066,0.0,3.6,m,"9 km SW of Al Aaroui, Morocco",medium
2008-01-28 05:06:24.370000+00:00,35.018,-3.217,0.0,3.1,m,"18 km W of Al Aaroui, Morocco",low
2008-01-21 02:24:02.690000+00:00,35.07,-4.014,10.0,2.9,ml,"16 km WSW of Bni Bouayach, Morocco",low
2007-12-23 23:58:01.970000+00:00,34.774,-5.892,0.0,3.0,m,"14 km NE of Souq Larb’a al Gharb, Morocco",low
2007-12-18 06:11:58.530000+00:00,32.213,-6.251,0.0,4.1,m,"16 km SE of Beni Mellal, Morocco",medium
2007-12-04 08:16:35.790000+00:00,35.787,-5.238,58.4,2.5,m,"12 km ESE of Fnidek, Morocco",low
2007-11-12 10:42:31.780000+00:00,34.989,-3.912,17.9,3.5,m,"14 km SSW of Bni Bouayach, Morocco",medium
2007-11-08 00:03:12.740000+00:00,35.073,-3.906,0.0,2.7,mblg,"6 km WSW of Bni Bouayach, Morocco",low
2007-10-18 13:26:47.990000+00:00,35.015,-3.839,0.0,3.5,m,"9 km S of Bni Bouayach, Morocco",medium
2007-10-11 19:10:13.710000+00:00,35.842,-3.552,0.0,2.8,mblg,"74 km NNE of Al Hoceïma, Morocco",low
2007-10-09 19:05:28.710000+00:00,31.972,-6.64,0.0,2.8,mblg,"40 km NW of Ifrane, Morocco",low
2007-10-06 06:29:22.990000+00:00,35.346,-5.883,52.6,3.6,m,"19 km SE of Asilah, Morocco",medium
2007-09-12 13:28:21.270000+00:00,35.886,-3.53,0.0,2.7,mblg,"79 km NNE of Al Hoceïma, Morocco",low
2007-09-12 13:24:34.580000+00:00,35.837,-3.554,0.0,3.0,mblg,"73 km NNE of Al Hoceïma, Morocco",low
2007-09-09 14:50:06.450000+00:00,35.897,-3.546,0.0,2.5,mblg,"79 km NNE of Al Hoceïma, Morocco",low
2007-09-08 16:43:56.630000+00:00,35.822,-3.545,0.0,2.8,mblg,"72 km NNE of Al Hoceïma, Morocco",low
2007-09-08 16:41:30.390000+00:00,35.68,-3.492,10.7,4.8,mb,"62 km NE of Al Hoceïma, Morocco",high
2007-09-04 02:56:47.480000+00:00,34.756,-5.498,10.0,3.5,m,Morocco,medium
2007-09-03 13:45:09.030000+00:00,34.951,-5.931,0.0,2.6,mblg,"6 km SSW of Ksar El Kebir, Morocco",low
2007-08-31 12:33:58.670000+00:00,34.795,-4.102,0.0,3.2,m,"25 km SE of Targuist, Morocco",low
2007-08-26 12:20:31.200000+00:00,32.179,-5.701,0.0,4.0,m,"55 km SSE of Zawyat ech Cheïkh, Morocco",medium
2007-08-17 16:04:43.780000+00:00,33.811,-5.616,10.0,3.0,m,"11 km SW of Meknès, Morocco",low
2007-08-13 00:07:37.500000+00:00,34.968,-3.862,0.0,2.8,m,"15 km S of Bni Bouayach, Morocco",low
2007-08-11 20:46:00.740000+00:00,33.173,-5.251,10.0,4.7,mb,"15 km SSE of Aïn Leuh, Morocco",high
2007-08-05 04:09:25.170000+00:00,34.034,-3.66,0.0,2.9,m,"35 km SW of Guercif, Morocco",low
2007-08-02 09:04:15.370000+00:00,31.479,-9.066,33.9,4.0,m,"66 km E of Essaouira, Morocco",medium
2007-08-01 16:35:41.150000+00:00,34.809,-3.85,0.0,3.6,m,"32 km WSW of Midar, Morocco",medium
2007-07-21 19:34:55.490000+00:00,35.55,-3.799,0.0,2.6,mblg,"35 km NNE of Al Hoceïma, Morocco",low
2007-07-10 21:17:31.630000+00:00,34.721,-5.547,0.0,3.1,m,"8 km SSE of Ouezzane, Morocco",low
2007-07-10 18:39:21.750000+00:00,34.583,-5.611,0.0,3.0,m,"23 km S of Ouezzane, Morocco",low
2007-07-10 18:34:03.510000+00:00,34.635,-5.677,0.0,3.6,m,"19 km SSW of Ouezzane, Morocco",medium
2007-07-10 18:02:03.900000+00:00,34.679,-5.542,0.0,3.0,m,Morocco,low
2007-06-27 03:11:58.400000+00:00,32.882,-3.163,0.0,4.0,m,"119 km WNW of Bouarfa, Morocco",medium
2007-06-26 02:55:01.200000+00:00,32.13,-5.706,2.0,3.3,ml,"60 km SSE of Zawyat ech Cheïkh, Morocco",low
2007-06-25 17:45:05.390000+00:00,35.247,-4.204,0.0,2.7,mblg,"22 km W of Tirhanimîne, Morocco",low
2007-06-23 11:05:42.330000+00:00,34.262,-5.688,5.6,4.4,m,"4 km NNE of Sidi Qacem, Morocco",medium
2007-06-16 01:47:40.700000+00:00,34.816,-4.165,10.0,3.8,m,"19 km SE of Targuist, Morocco",medium
2007-06-13 22:39:42.570000+00:00,35.354,-6.256,72.6,3.2,m,"20 km NNW of Larache, Morocco",low
2007-06-05 01:33:05.780000+00:00,35.753,-4.797,56.1,2.8,m,"45 km ENE of Cap Negro II, Morocco",low
2007-05-18 13:05:41+00:00,35.291,-6.219,73.9,4.0,m,"12 km NNW of Larache, Morocco",medium
2007-05-17 22:30:20.740000+00:00,34.359,-4.73,0.0,3.5,m,"21 km SSW of Taounate, Morocco",medium
2007-05-09 21:26:20.240000+00:00,35.55,-3.859,0.0,2.5,m,"33 km NNE of Al Hoceïma, Morocco",low
2007-05-09 13:36:50.460000+00:00,35.493,-3.866,0.0,2.5,mblg,"27 km NNE of Al Hoceïma, Morocco",low
2007-04-24 00:28:21.660000+00:00,33.944,-5.879,0.0,3.3,m,"21 km NE of Khemisset, Morocco",low
2007-04-18 00:51:03.820000+00:00,35.117,-4.355,0.0,3.2,m,"20 km N of Targuist, Morocco",low
2007-04-13 01:26:48.190000+00:00,34.885,-4.411,0.0,3.4,m,"10 km SW of Targuist, Morocco",low
2007-04-10 18:58:55.050000+00:00,34.39,-4.376,0.0,3.0,m,"29 km SE of Taounate, Morocco",low
2007-03-18 14:52:10.160000+00:00,32.946,-5.282,0.0,2.5,mblg,"35 km E of Khenifra, Morocco",low
2007-03-15 21:45:47.500000+00:00,35.208,-4.047,0.0,2.5,mblg,"8 km WSW of Tirhanimîne, Morocco",low
2007-03-12 03:05:35.170000+00:00,35.267,-4.057,0.0,2.6,m,"9 km WNW of Tirhanimîne, Morocco",low
2007-03-05 18:59:57.180000+00:00,35.189,-4.013,0.0,2.5,mblg,"7 km SW of Tirhanimîne, Morocco",low
2007-03-02 09:24:40.600000+00:00,34.62,-4.308,20.0,3.6,m,"31 km ENE of Taounate, Morocco",medium
2007-02-21 20:54:24.500000+00:00,35.019,-3.291,0.0,2.9,m,"23 km ENE of Midar, Morocco",low
2007-02-16 22:21:35.780000+00:00,32.527,-3.504,0.0,3.8,m,"109 km NE of Errachidia, Morocco",medium
2007-02-02 15:20:36.310000+00:00,35.158,-4.023,0.0,4.1,m,"10 km SW of Tirhanimîne, Morocco",medium
2007-02-02 14:40:02.240000+00:00,35.039,-3.886,1.2,3.5,m,"8 km SSW of Bni Bouayach, Morocco",medium
2007-01-31 03:45:37.560000+00:00,32.497,-3.606,0.0,3.9,m,"99 km NE of Errachidia, Morocco",medium
2007-01-31 00:44:06.800000+00:00,34.202,-4.29,0.0,2.7,mblg,"20 km NE of Tahla, Morocco",low
2007-01-30 22:48:27.160000+00:00,32.809,-3.716,0.0,3.9,m,"97 km E of Midelt, Morocco",medium
2007-01-30 04:38:42.460000+00:00,32.638,-3.549,10.0,4.1,mb,"112 km E of Midelt, Morocco",medium
2007-01-29 18:35:09.820000+00:00,35.07,-4.06,0.0,3.1,m,"20 km W of Bni Bouayach, Morocco",low
2007-01-29 04:51:08.500000+00:00,30.5,-9.578,10.0,4.4,m,"9 km NNE of Agadir, Morocco",medium
2007-01-19 22:47:04.010000+00:00,35.592,-6.368,58.6,3.3,m,"33 km WNW of Asilah, Morocco",low
2007-01-17 23:00:13.770000+00:00,32.565,-3.612,0.0,4.0,m,"104 km NE of Errachidia, Morocco",medium
2007-01-11 03:04:18.850000+00:00,35.104,-4.09,0.0,2.7,m,"19 km SW of Tirhanimîne, Morocco",low
2007-01-08 09:17:51.620000+00:00,34.915,-3.761,2.3,3.9,m,"21 km W of Midar, Morocco",medium
2007-01-01 02:03:04.300000+00:00,35.103,-4.07,0.0,2.6,mblg,"18 km SW of Tirhanimîne, Morocco",low
2006-12-28 01:09:18.190000+00:00,34.963,-3.934,0.0,3.3,m,"17 km SSW of Bni Bouayach, Morocco",low
2006-12-27 06:49:54.230000+00:00,31.437,-7.077,0.0,3.8,m,"60 km NNW of Ouarzazat, Morocco",medium
2006-12-12 03:34:39.090000+00:00,35.358,-4.748,17.7,3.7,m,"51 km ENE of Chefchaouene, Morocco",medium
2006-12-06 00:06:14.430000+00:00,33.878,-6.076,0.0,4.3,m,"6 km N of Khemisset, Morocco",medium
2006-12-01 15:01:05.060000+00:00,35.618,-6.018,21.5,2.7,mblg,"17 km N of Asilah, Morocco",low
2006-11-29 00:53:23.370000+00:00,34.402,-5.74,0.0,3.5,m,"20 km N of Sidi Qacem, Morocco",medium
2006-11-26 01:31:18.490000+00:00,35.217,-4.004,0.0,2.8,m,"4 km WSW of Tirhanimîne, Morocco",low
2006-11-21 10:51:16.920000+00:00,32.568,-3.878,58.4,4.4,m,"82 km E of Midelt, Morocco",medium
2006-11-13 19:51:40.290000+00:00,35.373,-5.927,69.6,3.3,m,"14 km SE of Asilah, Morocco",low
2006-11-13 17:17:50.900000+00:00,35.343,-5.877,64.6,3.7,m,"19 km SE of Asilah, Morocco",medium
2006-11-04 04:35:27.150000+00:00,34.992,-3.888,0.0,3.6,m,"13 km SSW of Bni Bouayach, Morocco",medium
2006-10-27 12:17:52.690000+00:00,34.404,-4.852,0.0,3.7,m,"24 km SW of Taounate, Morocco",medium
2006-10-26 17:20:57.570000+00:00,34.354,-4.739,0.0,2.5,mblg,"22 km SSW of Taounate, Morocco",low
2006-10-23 23:44:40.540000+00:00,31.86,-6.267,0.0,4.1,m,"19 km NNE of Ifrane, Morocco",medium
2006-10-20 12:25:47.260000+00:00,34.605,-9.802,0.0,4.5,m,"191 km NW of El Jadid, Morocco",high
2006-10-19 02:20:29.590000+00:00,35.076,-3.867,0.0,3.2,m,"4 km SW of Bni Bouayach, Morocco",low
2006-10-12 07:53:50.940000+00:00,35.86,-3.967,0.0,3.6,ml,"67 km N of Al Hoceïma, Morocco",medium
2006-10-12 07:46:53.110000+00:00,35.779,-3.952,0.0,2.5,mblg,"58 km N of Al Hoceïma, Morocco",low
2006-10-12 07:45:36.090000+00:00,35.867,-3.969,0.0,2.8,mblg,"68 km N of Al Hoceïma, Morocco",low
2006-10-11 19:16:21.630000+00:00,35.179,-4.739,0.0,2.7,mblg,"46 km NW of Targuist, Morocco",low
2006-10-03 03:05:26.310000+00:00,35.7,-4.578,0.0,2.6,mblg,"63 km E of Martil, Morocco",low
2006-10-01 22:15:04.050000+00:00,34.98,-3.09,6.3,3.4,m,"8 km WSW of Al Aaroui, Morocco",low
2006-10-01 08:44:34.120000+00:00,35.033,-2.987,10.2,3.5,m,"3 km NE of Al Aaroui, Morocco",medium
2006-09-19 04:26:37.810000+00:00,35.05,-3.096,10.2,3.4,m,"9 km WNW of Al Aaroui, Morocco",low
2006-09-19 04:26:13.930000+00:00,34.918,-2.978,8.6,3.3,m,"10 km SSE of Al Aaroui, Morocco",low
2006-09-10 19:39:39.070000+00:00,34.975,-3.165,0.0,3.0,m,"14 km WSW of Al Aaroui, Morocco",low
2006-09-10 05:03:51.340000+00:00,34.883,-3.02,0.0,3.6,m,"14 km S of Al Aaroui, Morocco",medium
2006-09-01 22:59:28.980000+00:00,34.583,-10.361,0.0,3.7,m,"225 km NW of El Jadid, Morocco",medium
2006-08-27 10:09:07.590000+00:00,35.785,-4.674,68.6,3.1,m,"57 km ENE of Cap Negro II, Morocco",low
2006-08-22 03:25:59.350000+00:00,35.701,-6.782,63.9,2.9,m,"72 km WNW of Asilah, Morocco",low
2006-07-29 03:40:02.920000+00:00,35.037,-3.063,23.5,3.1,m,"5 km WNW of Al Aaroui, Morocco",low
2006-07-26 21:52:37.720000+00:00,35.117,-4.009,0.0,2.7,mblg,"14 km SSW of Tirhanimîne, Morocco",low
2006-07-26 16:20:28.290000+00:00,35.244,-6.0,65.9,3.2,m,"15 km ENE of Larache, Morocco",low
2006-07-15 23:49:09.850000+00:00,31.69,-5.943,0.0,4.0,m,"38 km E of Ifrane, Morocco",medium
2006-07-01 13:58:53.360000+00:00,33.804,-6.43,32.3,3.2,m,"15 km SW of Tiflet, Morocco",low
2006-06-14 06:17:51.900000+00:00,35.702,-4.715,78.7,2.5,m,"51 km E of Martil, Morocco",low
2006-06-12 19:08:44.960000+00:00,32.738,-5.501,10.0,4.5,m,"26 km SE of Khenifra, Morocco",high
2006-06-07 18:01:09.340000+00:00,34.997,-3.859,0.0,3.3,m,"12 km S of Bni Bouayach, Morocco",low
2006-05-19 03:37:35.720000+00:00,32.986,-5.453,0.0,3.8,m,"20 km ENE of Khenifra, Morocco",medium
2006-05-14 16:52:33.310000+00:00,34.863,-2.926,0.0,3.5,m,"18 km SSE of Al Aaroui, Morocco",medium
2006-05-11 14:40:47.950000+00:00,33.288,-3.379,0.0,2.7,mblg,"91 km SE of Tmourghout, Morocco",low
2006-05-11 07:07:02.520000+00:00,35.457,-5.011,33.2,2.6,mblg,"29 km SE of Martil, Morocco",low
2006-05-10 04:50:42.880000+00:00,34.964,-3.882,0.0,3.4,m,"16 km SSW of Bni Bouayach, Morocco",low
2006-05-06 18:34:46.860000+00:00,34.82,-4.391,0.0,3.7,m,"14 km SSW of Targuist, Morocco",medium
2006-05-02 08:20:55.680000+00:00,35.142,-3.872,51.7,3.7,m,"2 km WSW of Imzouren, Morocco",medium
2006-04-25 17:34:37.070000+00:00,35.048,-4.031,0.0,4.2,m,"18 km WSW of Bni Bouayach, Morocco",medium
2006-04-25 02:36:43.530000+00:00,35.772,-4.695,76.7,2.8,m,"54 km ENE of Cap Negro II, Morocco",low
2006-04-09 16:04:15.660000+00:00,34.018,-3.6,10.0,2.5,mblg,"32 km SW of Guercif, Morocco",low
2006-03-29 02:58:09.810000+00:00,35.008,-4.388,0.0,3.2,m,"10 km NW of Targuist, Morocco",low
2006-03-29 02:43:02.500000+00:00,34.724,-4.482,0.0,3.2,m,"25 km NE of Taounate, Morocco",low
2006-03-25 03:45:56.830000+00:00,35.074,-4.085,0.0,3.1,m,"21 km SSW of Tirhanimîne, Morocco",low
2006-03-17 07:27:50.060000+00:00,32.822,-5.788,0.0,3.6,m,"17 km SW of Khenifra, Morocco",medium
2006-03-08 02:32:31.530000+00:00,35.461,-4.72,0.0,2.6,mblg,"53 km ESE of Martil, Morocco",low
2006-03-05 14:25:17.330000+00:00,32.389,-6.197,10.0,4.4,m,"15 km ENE of Beni Mellal, Morocco",medium
2006-03-03 18:56:07.580000+00:00,35.747,-4.694,78.5,2.9,m,"54 km E of Cap Negro II, Morocco",low
2006-02-27 04:09:40.360000+00:00,34.809,-3.866,15.6,3.6,m,"32 km S of Bni Bouayach, Morocco",medium
2006-02-14 17:43:45.580000+00:00,35.174,-4.039,0.0,3.1,m,"10 km SW of Tirhanimîne, Morocco",low
2006-02-08 23:20:01.870000+00:00,34.97,-4.045,0.0,2.9,m,"23 km SW of Bni Bouayach, Morocco",low
2006-02-03 01:56:55.460000+00:00,34.877,-3.992,17.3,2.9,m,"28 km SSW of Bni Bouayach, Morocco",low
2006-01-30 18:31:37.970000+00:00,35.037,-4.066,0.0,3.2,m,"21 km WSW of Bni Bouayach, Morocco",low
2006-01-30 18:16:57.820000+00:00,35.071,-4.003,0.0,4.5,m,"15 km WSW of Bni Bouayach, Morocco",high
2006-01-30 12:12:23.070000+00:00,35.06,-4.039,0.0,3.3,m,"18 km WSW of Bni Bouayach, Morocco",low
2006-01-30 07:58:13.010000+00:00,35.124,-4.089,1.7,4.2,mb,"17 km SW of Tirhanimîne, Morocco",medium
2006-01-30 07:28:55.430000+00:00,34.961,-3.03,4.2,3.7,m,"5 km SSW of Al Aaroui, Morocco",medium
2006-01-29 00:11:56.850000+00:00,34.472,-5.684,10.0,2.9,m,"27 km ESE of Mechraa Bel Ksiri, Morocco",low
2006-01-23 01:20:30.170000+00:00,35.088,-3.847,0.5,2.9,m,"1 km SSW of Bni Bouayach, Morocco",low
2006-01-21 15:08:42.400000+00:00,34.995,-4.066,0.0,3.4,m,"23 km ENE of Targuist, Morocco",low
2006-01-21 13:12:15.600000+00:00,34.904,-4.059,0.0,3.0,m,"24 km E of Targuist, Morocco",low
2006-01-21 12:34:12.820000+00:00,33.641,-3.844,0.0,3.7,m,"33 km SSE of Tmourghout, Morocco",medium
2006-01-18 02:19:24.880000+00:00,34.216,-4.975,0.0,3.1,m,"16 km N of Fès al Bali, Morocco",low
2006-01-18 00:37:52.210000+00:00,34.176,-4.915,10.0,3.9,m,"12 km NNE of Fès al Bali, Morocco",medium
2006-01-17 00:42:29.470000+00:00,34.064,-4.94,0.0,3.5,m,"1 km ESE of Fès al Bali, Morocco",medium
2006-01-16 12:19:54.240000+00:00,34.021,-5.029,0.0,4.0,m,"2 km WSW of Fès, Morocco",medium
2006-01-15 03:58:01.190000+00:00,35.081,-3.988,0.0,3.2,m,"13 km WSW of Bni Bouayach, Morocco",low
2006-01-09 09:30:14.890000+00:00,35.333,-3.97,15.0,3.4,m,"9 km NNW of Al Hoceïma, Morocco",low
2006-01-06 20:57:52.280000+00:00,34.666,-5.722,0.0,3.9,m,"19 km SW of Ouezzane, Morocco",medium
2006-01-05 21:44:35.700000+00:00,34.655,-5.598,0.0,3.1,m,"15 km S of Ouezzane, Morocco",low
2006-01-05 20:45:06.010000+00:00,34.52,-5.727,0.0,3.9,m,"21 km ESE of Mechraa Bel Ksiri, Morocco",medium
2006-01-05 18:42:52.100000+00:00,34.607,-5.685,0.0,3.8,m,"23 km SSW of Ouezzane, Morocco",medium
2006-01-01 20:37:12.110000+00:00,34.949,-3.009,3.1,3.1,mblg,"6 km S of Al Aaroui, Morocco",low
2006-01-01 11:13:46.540000+00:00,35.242,-4.274,22.0,2.9,mblg,"29 km W of Tirhanimîne, Morocco",low
2005-12-11 02:20:45.700000+00:00,34.948,-2.14,14.1,3.4,m,"3 km W of Ahfir, Morocco",low
2005-12-06 13:44:42.400000+00:00,35.546,-6.485,35.0,3.8,m,"41 km WNW of Asilah, Morocco",medium
2005-12-05 19:45:04.100000+00:00,33.288,-6.781,0.0,3.4,m,"42 km N of Boujniba, Morocco",low
2005-11-27 13:14:54.730000+00:00,34.984,-3.083,0.0,3.2,m,"7 km WSW of Al Aaroui, Morocco",low
2005-11-24 03:57:11.600000+00:00,31.009,-8.566,10.0,4.2,m,"66 km NNE of Taroudant, Morocco",medium
2005-11-23 20:31:17.960000+00:00,33.716,-5.712,4.0,4.1,m,"24 km SW of Meknès, Morocco",medium
2005-11-21 19:50:28.410000+00:00,34.225,-5.19,0.0,3.2,m,"27 km NW of Fès, Morocco",low
2005-11-16 14:17:40.080000+00:00,34.837,-4.318,0.0,4.0,m,"11 km S of Targuist, Morocco",medium
2005-11-04 03:54:48.710000+00:00,34.501,-5.13,0.0,3.3,m,"45 km W of Taounate, Morocco",low
2005-10-24 15:10:58.820000+00:00,35.243,-3.947,9.7,3.4,mblg,"1 km NE of Tirhanimîne, Morocco",low
2005-10-23 08:31:14.580000+00:00,34.114,-5.036,0.0,3.5,m,"8 km WNW of Fès al Bali, Morocco",medium
2005-10-22 02:50:51.010000+00:00,34.596,-4.977,0.0,4.2,mb,"31 km WNW of Taounate, Morocco",medium
2005-10-16 12:21:10.950000+00:00,35.153,-5.146,0.0,3.2,m,"10 km E of Chefchaouene, Morocco",low
2005-10-15 04:10:41.390000+00:00,35.083,-3.764,0.0,3.4,m,"7 km ESE of Bni Bouayach, Morocco",low
2005-10-14 16:49:43.180000+00:00,34.764,-3.784,27.9,3.6,m,"30 km SW of Midar, Morocco",medium
2005-10-12 13:01:08.150000+00:00,34.781,-4.765,0.0,3.8,m,"29 km NNW of Taounate, Morocco",medium
2005-10-06 09:42:31.500000+00:00,35.796,-4.515,83.7,3.0,m,"71 km ENE of Cap Negro II, Morocco",low
2005-09-27 22:02:58.620000+00:00,35.355,-5.871,0.0,2.6,mblg,"19 km SE of Asilah, Morocco",low
2005-09-19 22:11:47.700000+00:00,35.486,-3.819,0.0,2.5,mblg,"28 km NNE of Al Hoceïma, Morocco",low
2005-09-12 19:15:19.680000+00:00,35.121,-3.845,3.4,3.1,m,"1 km NNW of Bni Bouayach, Morocco",low
2005-09-08 09:03:58.030000+00:00,35.076,-3.18,0.0,3.3,m,"17 km WNW of Al Aaroui, Morocco",low
2005-09-01 17:42:19.210000+00:00,35.032,-3.698,0.0,3.3,m,"15 km ESE of Bni Bouayach, Morocco",low
2005-08-31 22:56:14.020000+00:00,34.981,-3.813,0.0,3.2,m,"13 km S of Bni Bouayach, Morocco",low
2005-08-28 12:25:15.210000+00:00,35.01,-3.924,0.0,3.8,m,"13 km SW of Bni Bouayach, Morocco",medium
2005-08-27 03:13:56.350000+00:00,35.012,-3.897,0.0,3.0,m,"11 km SSW of Bni Bouayach, Morocco",low
2005-08-26 23:37:50.980000+00:00,34.952,-2.313,16.5,3.8,m,"3 km N of Berkane, Morocco",medium
2005-08-26 01:25:48.130000+00:00,35.013,-3.854,0.0,3.5,m,"10 km S of Bni Bouayach, Morocco",medium
2005-08-24 05:27:40.600000+00:00,35.066,-3.906,0.0,3.0,m,"7 km SW of Bni Bouayach, Morocco",low
2005-08-23 23:31:29.800000+00:00,35.812,-4.617,66.6,3.4,m,"62 km ENE of Cap Negro II, Morocco",low
2005-08-23 22:06:06.640000+00:00,34.669,-4.212,0.0,3.3,m,"31 km SSE of Targuist, Morocco",low
2005-08-22 03:20:38.880000+00:00,34.957,-2.936,2.8,3.0,m,"8 km SE of Al Aaroui, Morocco",low
2005-08-22 02:55:26.880000+00:00,34.986,-3.08,0.0,3.2,m,"7 km WSW of Al Aaroui, Morocco",low
2005-08-22 02:41:29.070000+00:00,34.984,-3.027,3.5,3.2,m,"3 km SSW of Al Aaroui, Morocco",low
2005-08-22 02:08:32.410000+00:00,34.965,-3.019,0.0,3.2,m,"5 km S of Al Aaroui, Morocco",low
2005-08-19 06:55:08.700000+00:00,34.656,-4.372,0.0,3.4,m,"27 km ENE of Taounate, Morocco",low
2005-08-10 17:31:44.640000+00:00,35.108,-3.803,4.0,3.7,m,"3 km E of Bni Bouayach, Morocco",medium
2005-08-10 12:40:47.680000+00:00,35.032,-3.847,2.1,3.3,m,"8 km S of Bni Bouayach, Morocco",low
2005-08-08 05:26:43.870000+00:00,35.702,-4.693,80.4,3.0,m,"53 km E of Martil, Morocco",low
2005-08-06 13:35:05.300000+00:00,35.079,-4.021,0.0,3.4,m,"16 km W of Bni Bouayach, Morocco",low
2005-08-04 04:00:18.790000+00:00,34.864,-3.895,2.3,3.2,m,"27 km S of Bni Bouayach, Morocco",low
2005-08-03 10:39:43.660000+00:00,35.065,-3.788,10.9,3.7,m,"6 km SE of Bni Bouayach, Morocco",medium
2005-08-03 10:26:37.740000+00:00,34.714,-3.613,64.1,3.5,m,"26 km SSW of Midar, Morocco",medium
2005-07-24 06:34:32.370000+00:00,35.03,-4.062,0.0,3.4,m,"21 km WSW of Bni Bouayach, Morocco",low
2005-07-22 21:58:27+00:00,35.736,-4.773,82.3,2.8,m,"47 km E of Cap Negro II, Morocco",low
2005-07-20 13:25:55.990000+00:00,35.23,-3.992,0.0,3.3,m,"3 km WSW of Tirhanimîne, Morocco",low
2005-07-14 22:13:58.790000+00:00,34.993,-6.04,0.0,3.2,m,"12 km W of Ksar El Kebir, Morocco",low
2005-07-14 18:45:55.630000+00:00,35.32,-5.93,0.0,3.0,m,"18 km SSE of Asilah, Morocco",low
2005-07-14 04:40:22.980000+00:00,34.859,-4.718,0.0,3.4,m,"36 km NNW of Taounate, Morocco",low
2005-07-09 02:05:32.890000+00:00,34.521,-5.798,10.0,3.7,m,"15 km ESE of Mechraa Bel Ksiri, Morocco",medium
2005-07-07 02:58:49.530000+00:00,35.523,-3.779,0.0,2.6,m,"33 km NNE of Al Hoceïma, Morocco",low
2005-07-07 01:32:14.010000+00:00,35.507,-3.858,0.0,3.1,m,"29 km NNE of Al Hoceïma, Morocco",low
2005-07-06 14:37:09.790000+00:00,35.141,-4.508,35.9,3.8,m,"28 km NW of Targuist, Morocco",medium
2005-07-06 14:15:11.720000+00:00,35.505,-3.829,0.0,2.7,mblg,"29 km NNE of Al Hoceïma, Morocco",low
2005-07-06 07:27:05.470000+00:00,35.757,-3.499,0.0,3.5,mblg,"68 km NE of Al Hoceïma, Morocco",medium
2005-07-03 17:51:49.280000+00:00,34.963,-3.065,0.0,3.4,m,"7 km SW of Al Aaroui, Morocco",low
2005-07-02 12:58:07.920000+00:00,35.758,-3.497,0.0,4.3,mb,"68 km NE of Al Hoceïma, Morocco",medium
2005-07-01 22:14:33.510000+00:00,35.179,-2.565,1.1,3.5,m,"30 km NNE of Zaïo, Morocco",medium
2005-06-30 05:22:26.470000+00:00,35.77,-3.484,0.0,2.8,mblg,"70 km NE of Al Hoceïma, Morocco",low
2005-06-30 02:58:53.800000+00:00,35.769,-3.48,0.0,2.7,mblg,"70 km NE of Al Hoceïma, Morocco",low
2005-06-30 02:30:15.410000+00:00,35.753,-3.499,0.0,3.4,ml,"68 km NE of Al Hoceïma, Morocco",low
2005-06-29 21:09:29.070000+00:00,35.754,-3.519,0.0,2.8,m,"67 km NE of Al Hoceïma, Morocco",low
2005-06-23 18:29:26.140000+00:00,35.162,-3.287,0.0,2.8,m,"30 km WNW of Al Aaroui, Morocco",low
2005-06-22 05:00:54.300000+00:00,35.07,-2.791,17.7,3.5,m,"15 km NNW of Zaïo, Morocco",medium
2005-06-22 04:55:47.350000+00:00,35.171,-2.531,0.0,3.7,m,"29 km WNW of Saidia, Morocco",medium
2005-06-21 21:03:38.390000+00:00,35.205,-2.647,15.3,3.3,m,"26 km E of Nador, Morocco",low
2005-06-21 02:18:41.670000+00:00,35.05,-3.924,0.0,2.6,m,"9 km SW of Bni Bouayach, Morocco",low
2005-06-19 07:32:29.310000+00:00,35.121,-4.024,0.0,2.9,m,"14 km SSW of Tirhanimîne, Morocco",low
2005-06-15 10:20:01.300000+00:00,35.132,-8.531,10.0,4.5,m,"190 km NNW of Casablanca, Morocco",high
2005-06-15 03:50:48.530000+00:00,35.167,-4.006,0.0,3.5,m,"8 km SSW of Tirhanimîne, Morocco",medium
2005-06-11 20:59:18.140000+00:00,35.097,-2.826,5.0,3.0,m,"12 km SE of Nador, Morocco",low
2005-06-11 20:27:13.100000+00:00,34.904,-2.71,19.3,3.9,m,"4 km SSE of Zaïo, Morocco",medium
2005-06-11 19:59:24.580000+00:00,35.088,-3.875,0.0,3.4,m,"3 km WSW of Bni Bouayach, Morocco",low
2005-06-11 07:37:38.420000+00:00,35.499,-5.842,0.0,3.6,m,"17 km ENE of Asilah, Morocco",medium
2005-06-11 06:04:04.570000+00:00,35.068,-2.745,0.0,3.6,m,"13 km N of Zaïo, Morocco",medium
2005-06-08 20:39:53.230000+00:00,35.007,-2.596,11.7,3.8,m,"14 km ENE of Zaïo, Morocco",medium
2005-06-02 07:14:38.840000+00:00,35.363,-2.033,0.0,3.7,m,"35 km NNE of Saidia, Morocco",medium
2005-05-31 16:12:40.320000+00:00,35.002,-3.9,0.0,3.2,m,"12 km SSW of Bni Bouayach, Morocco",low
2005-05-28 14:29:58.810000+00:00,35.601,-3.859,0.0,2.8,m,"39 km N of Al Hoceïma, Morocco",low
2005-05-27 02:12:19.540000+00:00,34.905,-5.999,15.8,3.3,m,"13 km SW of Ksar El Kebir, Morocco",low
2005-05-26 22:19:42.190000+00:00,34.721,-5.897,17.5,4.0,mb,"10 km ENE of Souq Larb’a al Gharb, Morocco",medium
2005-05-26 21:01:05.310000+00:00,35.654,-3.831,0.0,2.9,m,"45 km NNE of Al Hoceïma, Morocco",low
2005-05-24 12:34:32.430000+00:00,35.445,-4.148,0.0,2.9,m,"28 km NW of Al Hoceïma, Morocco",low
2005-05-23 00:57:47.950000+00:00,34.985,-3.078,0.0,3.2,m,"6 km WSW of Al Aaroui, Morocco",low
2005-05-22 13:08:51.400000+00:00,35.416,-3.832,0.0,3.6,m,"20 km NNE of Al Hoceïma, Morocco",medium
2005-05-21 19:31:33.910000+00:00,35.484,-4.36,0.0,2.6,m,"45 km NW of Tirhanimîne, Morocco",low
2005-05-21 03:30:24.140000+00:00,35.749,-3.938,0.0,2.7,m,"55 km N of Al Hoceïma, Morocco",low
2005-05-20 22:30:53.390000+00:00,35.491,-3.867,0.0,3.4,m,"27 km NNE of Al Hoceïma, Morocco",low
2005-05-20 21:28:41.520000+00:00,35.479,-3.851,0.0,3.4,m,"26 km NNE of Al Hoceïma, Morocco",low
2005-05-20 14:18:56.810000+00:00,35.24,-4.169,0.0,3.2,m,"19 km W of Tirhanimîne, Morocco",low
2005-05-13 00:01:54.140000+00:00,35.178,-3.848,0.0,3.1,m,"3 km N of Imzouren, Morocco",low
2005-05-12 09:13:56.880000+00:00,35.086,-3.412,11.9,3.7,m,"19 km NE of Midar, Morocco",medium
2005-05-12 00:22:37.140000+00:00,35.552,-3.861,0.0,3.0,m,"34 km NNE of Al Hoceïma, Morocco",low
2005-05-10 12:58:28.360000+00:00,35.121,-4.096,0.0,3.1,m,"18 km SW of Tirhanimîne, Morocco",low
2005-05-09 11:39:57.360000+00:00,34.706,-4.134,0.0,3.4,m,"30 km SSE of Targuist, Morocco",low
2005-05-07 05:56:32.520000+00:00,35.769,-4.718,60.4,2.6,m,"52 km ENE of Cap Negro II, Morocco",low
2005-05-07 05:04:15.510000+00:00,35.477,-3.867,0.0,3.1,m,"25 km NNE of Al Hoceïma, Morocco",low
2005-05-07 00:57:34.290000+00:00,35.522,-3.865,0.0,3.2,m,"30 km NNE of Al Hoceïma, Morocco",low
2005-05-07 00:39:04.340000+00:00,35.416,-3.918,0.0,3.1,m,"18 km N of Al Hoceïma, Morocco",low
2005-05-06 22:04:30.930000+00:00,35.521,-4.335,0.0,2.9,m,"46 km NW of Tirhanimîne, Morocco",low
2005-05-06 21:41:59.910000+00:00,35.504,-3.824,13.1,3.9,m,"29 km NNE of Al Hoceïma, Morocco",medium
2005-05-06 02:48:40.110000+00:00,35.14,-3.847,9.4,3.0,m,"0 km SSE of Imzouren, Morocco",low
2005-05-05 13:34:16.410000+00:00,35.511,-3.854,0.0,3.4,m,"29 km NNE of Al Hoceïma, Morocco",low
2005-05-03 23:43:49.460000+00:00,35.073,-3.87,0.0,3.4,m,"4 km SW of Bni Bouayach, Morocco",low
2005-05-02 22:42:57.420000+00:00,35.208,-4.012,0.0,3.3,m,"6 km WSW of Tirhanimîne, Morocco",low
2005-05-02 20:22:44.570000+00:00,35.482,-3.89,0.0,2.7,m,"25 km N of Al Hoceïma, Morocco",low
2005-05-02 12:19:42.740000+00:00,35.53,-3.898,0.0,3.1,m,"31 km N of Al Hoceïma, Morocco",low
2005-05-01 18:21:03.360000+00:00,35.179,-3.955,0.0,3.1,m,"6 km S of Tirhanimîne, Morocco",low
2005-05-01 10:33:19.500000+00:00,35.479,-3.996,0.0,3.4,m,"25 km NNW of Al Hoceïma, Morocco",low
2005-05-01 02:28:09.360000+00:00,35.48,-3.96,0.0,3.6,m,"25 km N of Al Hoceïma, Morocco",medium
2005-04-29 07:48:57.040000+00:00,35.027,-3.169,0.0,3.1,m,"14 km W of Al Aaroui, Morocco",low
2005-04-28 23:26:51.590000+00:00,34.99,-3.832,18.7,3.3,m,"12 km S of Bni Bouayach, Morocco",low
2005-04-26 19:08:54.590000+00:00,35.442,-3.969,0.0,3.2,m,"21 km N of Al Hoceïma, Morocco",low
2005-04-26 04:36:10.320000+00:00,35.397,-3.851,0.0,2.7,m,"17 km NNE of Al Hoceïma, Morocco",low
2005-04-24 17:04:51.220000+00:00,35.148,-4.029,0.0,3.1,m,"11 km SW of Tirhanimîne, Morocco",low
2005-04-23 23:55:07.280000+00:00,35.166,-3.935,0.0,2.8,m,"7 km SSE of Tirhanimîne, Morocco",low
2005-04-23 21:49:18.620000+00:00,33.778,-5.814,0.0,3.3,m,"23 km ESE of Khemisset, Morocco",low
2005-04-23 09:40:32.260000+00:00,35.333,-4.073,0.0,3.1,m,"15 km NW of Tirhanimîne, Morocco",low
2005-04-21 05:07:23.070000+00:00,35.058,-3.848,0.0,3.3,m,"5 km S of Bni Bouayach, Morocco",low
2005-04-21 03:56:03.520000+00:00,35.083,-3.84,0.0,3.5,m,"2 km S of Bni Bouayach, Morocco",medium
2005-04-20 19:59:01.890000+00:00,34.939,-3.759,0.0,3.4,m,"19 km SSE of Bni Bouayach, Morocco",low
2005-04-20 17:23:24.560000+00:00,34.812,-3.379,0.0,3.3,m,"20 km SE of Midar, Morocco",low
2005-04-19 00:26:47.380000+00:00,35.146,-3.969,0.0,3.2,m,"10 km S of Tirhanimîne, Morocco",low
2005-04-16 16:27:08.370000+00:00,34.89,-4.059,0.0,3.3,m,"24 km ESE of Targuist, Morocco",low
2005-04-15 17:29:38.500000+00:00,35.08,-3.85,0.0,3.3,m,"2 km SSW of Bni Bouayach, Morocco",low
2005-04-14 21:04:41.230000+00:00,35.329,-4.163,0.0,2.7,m,"21 km WNW of Tirhanimîne, Morocco",low
2005-04-14 21:00:44.210000+00:00,35.463,-4.108,0.0,2.9,m,"28 km NNW of Al Hoceïma, Morocco",low
2005-04-13 01:49:54.800000+00:00,35.215,-4.002,0.0,3.0,m,"4 km WSW of Tirhanimîne, Morocco",low
2005-04-10 18:46:11.390000+00:00,35.005,-2.876,10.4,3.3,m,"12 km E of Al Aaroui, Morocco",low
2005-04-06 01:14:32.710000+00:00,35.023,-3.113,0.0,3.2,m,"9 km W of Al Aaroui, Morocco",low
2005-04-04 07:05:32.350000+00:00,34.945,-3.86,11.1,3.9,m,"17 km S of Bni Bouayach, Morocco",medium
2005-04-03 12:49:39.260000+00:00,34.917,-3.06,1.8,3.4,m,"11 km SSW of Al Aaroui, Morocco",low
2005-04-02 12:49:33.570000+00:00,35.065,-3.096,9.8,3.5,m,"9 km NW of Al Aaroui, Morocco",medium
2005-03-31 02:49:29.680000+00:00,34.774,-3.991,0.0,3.0,m,"35 km ESE of Targuist, Morocco",low
2005-03-27 07:25:36.220000+00:00,35.034,-3.155,0.0,3.3,m,"13 km W of Al Aaroui, Morocco",low
2005-03-27 04:55:24.720000+00:00,35.135,-3.618,0.0,2.7,m,"20 km E of Bni Bouayach, Morocco",low
2005-03-24 17:23:18.040000+00:00,35.205,-2.026,69.0,2.7,m,"22 km NE of Saidia, Morocco",low
2005-03-24 12:07:20.920000+00:00,35.039,-3.134,0.0,3.1,m,"11 km WNW of Al Aaroui, Morocco",low
2005-03-24 11:31:29.010000+00:00,34.717,-5.639,0.0,3.7,m,"10 km SSW of Ouezzane, Morocco",medium
2005-03-24 06:47:40.890000+00:00,35.121,-3.217,0.0,3.3,m,"22 km WNW of Al Aaroui, Morocco",low
2005-03-24 00:55:41.950000+00:00,35.035,-3.135,0.0,3.0,m,"11 km WNW of Al Aaroui, Morocco",low
2005-03-24 00:46:38.020000+00:00,34.951,-3.063,4.1,3.1,m,"8 km SW of Al Aaroui, Morocco",low
2005-03-24 00:40:19.090000+00:00,34.931,-2.99,2.6,4.1,m,"9 km SSE of Al Aaroui, Morocco",medium
2005-03-23 21:33:52.090000+00:00,35.058,-3.074,13.0,3.0,m,"7 km NW of Al Aaroui, Morocco",low
2005-03-23 16:50:53.650000+00:00,35.073,-3.158,0.0,3.4,m,"15 km WNW of Al Aaroui, Morocco",low
2005-03-23 02:55:58.200000+00:00,34.994,-2.989,9.3,3.6,m,"2 km SE of Al Aaroui, Morocco",medium
2005-03-23 01:24:56.910000+00:00,35.062,-3.128,2.3,3.0,m,"12 km WNW of Al Aaroui, Morocco",low
2005-03-22 23:17:25.180000+00:00,35.018,-2.976,15.6,3.3,m,"3 km ENE of Al Aaroui, Morocco",low
2005-03-22 22:48:22.060000+00:00,34.939,-3.056,7.4,3.4,m,"9 km SSW of Al Aaroui, Morocco",low
2005-03-22 21:29:04.200000+00:00,34.51,-4.084,0.0,3.3,m,"33 km NNW of Taza, Morocco",low
2005-03-22 18:47:56.710000+00:00,35.092,-3.259,0.0,3.1,m,"24 km WNW of Al Aaroui, Morocco",low
2005-03-22 17:10:06.390000+00:00,35.003,-3.048,5.2,3.6,m,"3 km WSW of Al Aaroui, Morocco",medium
2005-03-22 16:20:29.300000+00:00,35.003,-3.036,14.2,3.6,m,"2 km WSW of Al Aaroui, Morocco",medium
2005-03-22 16:14:28.330000+00:00,34.903,-2.96,0.0,4.2,m,"12 km SSE of Al Aaroui, Morocco",medium
2005-03-22 12:47:44.270000+00:00,35.051,-3.186,0.0,2.9,m,"16 km WNW of Al Aaroui, Morocco",low
2005-03-22 10:44:11.890000+00:00,34.96,-3.026,1.7,3.6,m,"5 km SSW of Al Aaroui, Morocco",medium
2005-03-22 09:03:13+00:00,34.929,-2.978,3.5,4.1,mb,"9 km SSE of Al Aaroui, Morocco",medium
2005-03-22 08:46:15.290000+00:00,34.319,-4.112,19.0,4.3,mb,"15 km NW of Taza, Morocco",medium
2005-03-20 18:17:52.510000+00:00,34.991,-3.059,12.7,3.5,m,"5 km WSW of Al Aaroui, Morocco",medium
2005-03-20 15:05:50.830000+00:00,35.321,-4.196,0.0,2.8,m,"23 km WNW of Tirhanimîne, Morocco",low
2005-03-20 09:22:21.610000+00:00,34.981,-2.938,11.2,3.6,m,"7 km ESE of Al Aaroui, Morocco",medium
2005-03-12 04:26:34.230000+00:00,34.966,-2.972,6.0,3.2,mblg,"6 km SE of Al Aaroui, Morocco",low
2005-03-12 00:42:12.340000+00:00,34.954,-2.927,4.9,3.4,m,"9 km SE of Al Aaroui, Morocco",low
2005-03-08 18:35:49.050000+00:00,35.046,-2.937,14.3,3.8,m,"7 km ENE of Al Aaroui, Morocco",medium
2005-03-08 03:47:34.240000+00:00,35.072,-3.878,0.0,3.2,m,"5 km SW of Bni Bouayach, Morocco",low
2005-03-06 12:45:18.550000+00:00,35.028,-2.914,19.5,3.5,m,"8 km ENE of Al Aaroui, Morocco",medium
2005-03-02 20:19:16.070000+00:00,35.163,-3.87,0.0,3.1,m,"2 km NW of Imzouren, Morocco",low
2005-03-02 17:43:37.960000+00:00,35.076,-4.088,0.0,3.0,m,"21 km SW of Tirhanimîne, Morocco",low
2005-02-28 08:39:13.140000+00:00,34.998,-3.108,2.1,3.9,m,"9 km W of Al Aaroui, Morocco",medium
2005-02-26 19:49:20.260000+00:00,33.035,-5.116,74.8,3.0,m,"35 km SE of Aïn Leuh, Morocco",low
2005-02-26 04:48:57.520000+00:00,34.981,-3.137,0.0,2.9,m,"12 km WSW of Al Aaroui, Morocco",low
2005-02-25 19:07:56.990000+00:00,35.463,-4.014,0.0,2.6,m,"24 km NNW of Al Hoceïma, Morocco",low
2005-02-25 16:39:05.970000+00:00,35.303,-4.009,9.6,3.3,m,"9 km NW of Al Hoceïma, Morocco",low
2005-02-24 03:25:28.390000+00:00,35.103,-2.563,0.0,3.1,m,"23 km NE of Zaïo, Morocco",low
2005-02-20 16:58:05.410000+00:00,35.002,-3.108,2.2,3.4,m,"9 km W of Al Aaroui, Morocco",low
2005-02-18 04:50:27.420000+00:00,34.986,-3.0,4.4,4.3,m,"2 km SSE of Al Aaroui, Morocco",medium
2005-02-08 22:18:36.290000+00:00,34.935,-2.992,0.0,3.4,m,"8 km S of Al Aaroui, Morocco",low
2005-02-03 06:40:09.550000+00:00,35.203,-3.938,9.0,3.5,m,"3 km SSE of Tirhanimîne, Morocco",medium
2005-02-03 00:47:05.400000+00:00,34.992,-3.835,0.0,3.3,m,"12 km S of Bni Bouayach, Morocco",low
2005-02-02 23:43:18.300000+00:00,35.0,-3.063,3.0,3.1,m,"5 km WSW of Al Aaroui, Morocco",low
2005-01-30 22:20:23.890000+00:00,34.932,-3.94,0.0,3.3,m,"21 km SSW of Bni Bouayach, Morocco",low
2005-01-30 22:19:16.260000+00:00,35.028,-3.906,0.0,3.3,m,"10 km SW of Bni Bouayach, Morocco",low
2005-01-30 17:09:55.820000+00:00,35.048,-3.915,0.0,3.2,m,"9 km SW of Bni Bouayach, Morocco",low
2005-01-27 01:44:26.650000+00:00,35.719,-4.634,95.1,2.6,m,"59 km E of Martil, Morocco",low
2005-01-26 20:06:05.670000+00:00,35.696,-4.789,67.5,3.6,m,"44 km E of Martil, Morocco",medium
2005-01-26 06:30:06.090000+00:00,34.801,-9.752,20.0,3.9,m,"206 km NW of El Jadid, Morocco",medium
2005-01-26 03:59:27+00:00,34.972,-3.04,0.0,3.4,m,"5 km SSW of Al Aaroui, Morocco",low
2005-01-21 18:39:10.290000+00:00,35.009,-3.147,0.0,3.3,m,"12 km W of Al Aaroui, Morocco",low
2005-01-17 22:30:40.010000+00:00,34.892,-2.872,0.0,3.5,m,"13 km WSW of Zaïo, Morocco",medium
2005-01-17 18:38:14.010000+00:00,35.155,-3.954,0.2,3.1,m,"9 km S of Tirhanimîne, Morocco",low
2005-01-17 00:45:34.680000+00:00,34.998,-2.912,15.2,3.5,m,"9 km E of Al Aaroui, Morocco",medium
2005-01-17 00:39:39.170000+00:00,34.978,-2.953,11.8,3.4,m,"6 km SE of Al Aaroui, Morocco",low
2005-01-16 04:20:09.640000+00:00,35.033,-3.944,0.0,3.0,m,"12 km SW of Bni Bouayach, Morocco",low
2005-01-14 15:40:11.120000+00:00,35.062,-3.862,0.0,3.3,m,"5 km SSW of Bni Bouayach, Morocco",low
2005-01-12 09:54:26.020000+00:00,34.854,-2.947,0.0,4.1,m,"18 km SSE of Al Aaroui, Morocco",medium
2005-01-12 07:57:57.680000+00:00,35.222,-3.815,0.0,3.3,m,"8 km NNE of Imzouren, Morocco",low
2005-01-10 22:47:11.200000+00:00,34.055,-6.391,0.0,3.7,m,"19 km NNW of Tiflet, Morocco",medium
2005-01-10 21:37:53.250000+00:00,35.027,-4.517,0.0,3.0,m,"20 km WNW of Targuist, Morocco",low
2005-01-10 03:58:20.660000+00:00,34.983,-2.973,12.0,3.2,m,"4 km SE of Al Aaroui, Morocco",low
2005-01-07 21:51:04.410000+00:00,35.105,-2.929,11.2,3.0,m,"7 km S of Nador, Morocco",low
2005-01-06 00:35:40.610000+00:00,35.126,-4.051,0.0,3.2,m,"15 km SW of Tirhanimîne, Morocco",low
2005-01-05 22:30:11.530000+00:00,35.099,-3.188,0.0,3.2,m,"19 km WNW of Al Aaroui, Morocco",low
2005-01-03 12:09:14.950000+00:00,35.696,-4.991,56.6,3.6,m,"26 km E of Cap Negro II, Morocco",medium
2005-01-02 13:30:04.370000+00:00,35.07,-3.039,11.0,3.0,m,"7 km NNW of Al Aaroui, Morocco",low
2005-01-02 11:22:53.290000+00:00,35.199,-3.85,0.0,2.9,m,"5 km N of Imzouren, Morocco",low
2005-01-02 06:42:04.220000+00:00,35.086,-3.172,0.0,3.1,m,"17 km WNW of Al Aaroui, Morocco",low
2005-01-02 02:03:51.210000+00:00,34.922,-5.376,30.0,3.1,m,"23 km NE of Ouezzane, Morocco",low
2005-01-01 22:42:37.460000+00:00,35.432,-4.095,0.0,3.0,m,"24 km NW of Al Hoceïma, Morocco",low
2004-12-30 03:28:57.660000+00:00,34.977,-2.965,10.7,3.7,m,"5 km SE of Al Aaroui, Morocco",medium
2004-12-29 05:33:54.160000+00:00,35.0,-3.08,0.0,4.4,m,"6 km W of Al Aaroui, Morocco",medium
2004-12-26 07:58:32.960000+00:00,35.065,-3.049,7.9,3.7,m,"7 km NNW of Al Aaroui, Morocco",medium
2004-12-26 06:30:18.770000+00:00,34.114,-5.631,0.0,3.8,m,"13 km SSE of Sidi Qacem, Morocco",medium
2004-12-24 15:58:21.650000+00:00,34.999,-2.914,9.2,3.4,m,"8 km E of Al Aaroui, Morocco",low
2004-12-21 19:29:05.430000+00:00,34.997,-3.094,9.4,3.1,m,"7 km WSW of Al Aaroui, Morocco",low
2004-12-18 13:12:47.700000+00:00,35.259,-4.188,12.6,3.9,m,"21 km W of Tirhanimîne, Morocco",medium
2004-12-18 12:36:08.920000+00:00,35.361,-4.316,1.2,3.1,m,"35 km WNW of Tirhanimîne, Morocco",low
2004-12-18 11:41:55.770000+00:00,35.037,-3.939,0.0,3.6,m,"11 km SW of Bni Bouayach, Morocco",medium
2004-12-15 23:05:06.410000+00:00,35.065,-4.022,0.0,3.0,m,"17 km WSW of Bni Bouayach, Morocco",low
2004-12-13 11:14:49.470000+00:00,35.16,-3.207,0.0,3.3,m,"24 km NW of Al Aaroui, Morocco",low
2004-12-13 09:11:22.730000+00:00,35.039,-3.148,0.0,3.6,m,"13 km WNW of Al Aaroui, Morocco",medium
2004-12-12 18:11:28.560000+00:00,35.045,-3.156,0.0,3.4,m,"13 km WNW of Al Aaroui, Morocco",low
2004-12-12 12:27:21.890000+00:00,35.096,-3.198,0.0,3.1,m,"19 km WNW of Al Aaroui, Morocco",low
2004-12-12 09:07:18.260000+00:00,34.887,-3.018,10.0,4.0,m,"13 km S of Al Aaroui, Morocco",medium
2004-12-12 02:31:23.460000+00:00,35.037,-3.144,0.0,3.3,m,"12 km WNW of Al Aaroui, Morocco",low
2004-12-12 02:19:24+00:00,34.987,-3.141,0.0,3.4,m,"12 km WSW of Al Aaroui, Morocco",low
2004-12-11 22:48:44.870000+00:00,34.942,-2.956,9.5,3.1,m,"9 km SSE of Al Aaroui, Morocco",low
2004-12-10 07:09:04.920000+00:00,35.014,-3.093,0.0,3.0,m,"7 km W of Al Aaroui, Morocco",low
2004-12-09 22:51:54.370000+00:00,35.088,-3.172,0.0,2.9,m,"17 km WNW of Al Aaroui, Morocco",low
2004-12-09 21:13:38.620000+00:00,35.084,-3.163,0.0,2.7,m,"16 km WNW of Al Aaroui, Morocco",low
2004-12-09 17:26:22.840000+00:00,35.025,-3.055,7.3,3.8,m,"4 km WNW of Al Aaroui, Morocco",medium
2004-12-09 08:25:29.980000+00:00,35.03,-3.147,0.0,3.6,m,"12 km W of Al Aaroui, Morocco",medium
2004-12-09 07:50:37.350000+00:00,35.022,-2.977,16.5,3.5,m,"3 km ENE of Al Aaroui, Morocco",medium
2004-12-09 07:46:02.180000+00:00,34.968,-3.077,1.8,4.3,mb,"7 km SW of Al Aaroui, Morocco",medium
2004-12-08 07:09:48.150000+00:00,34.926,-3.073,0.0,3.4,m,"11 km SSW of Al Aaroui, Morocco",low
2004-12-08 05:35:11.600000+00:00,35.102,-3.16,0.0,3.2,m,"17 km NW of Al Aaroui, Morocco",low
2004-12-08 05:11:38.440000+00:00,35.035,-3.101,0.0,3.7,m,"8 km WNW of Al Aaroui, Morocco",medium
2004-12-08 01:05:47.430000+00:00,34.909,-2.982,0.0,3.1,m,"11 km SSE of Al Aaroui, Morocco",low
2004-12-07 22:23:45.190000+00:00,35.055,-3.172,0.0,3.0,m,"15 km WNW of Al Aaroui, Morocco",low
2004-12-07 20:39:59.310000+00:00,35.087,-3.154,10.0,3.0,m,"15 km WNW of Al Aaroui, Morocco",low
2004-12-07 20:30:22.320000+00:00,35.028,-3.174,0.0,3.4,m,"15 km W of Al Aaroui, Morocco",low
2004-12-07 19:04:02.590000+00:00,34.923,-4.271,0.0,2.9,m,"4 km ESE of Targuist, Morocco",low
2004-12-07 12:04:23.280000+00:00,35.154,-3.156,0.0,3.1,m,"20 km W of Nador, Morocco",low
2004-12-07 07:11:52.080000+00:00,35.076,-3.189,0.0,3.3,m,"17 km WNW of Al Aaroui, Morocco",low
2004-12-07 02:27:41.920000+00:00,35.684,-4.68,76.8,2.7,m,"54 km E of Martil, Morocco",low
2004-12-07 01:26:01.490000+00:00,35.071,-4.053,0.0,3.3,m,"19 km W of Bni Bouayach, Morocco",low
2004-12-06 21:19:01.810000+00:00,35.105,-3.193,0.0,2.9,m,"19 km WNW of Al Aaroui, Morocco",low
2004-12-06 20:51:29.190000+00:00,34.949,-3.005,0.0,3.6,m,"6 km S of Al Aaroui, Morocco",medium
2004-12-06 16:33:49.320000+00:00,34.998,-3.125,0.0,3.4,m,"10 km W of Al Aaroui, Morocco",low
2004-12-06 15:50:15.180000+00:00,35.054,-3.166,0.0,3.6,m,"15 km WNW of Al Aaroui, Morocco",medium
2004-12-06 14:27:10.910000+00:00,35.063,-3.122,0.0,3.2,m,"11 km WNW of Al Aaroui, Morocco",low
2004-12-06 09:10:47.210000+00:00,34.964,-3.04,0.0,3.3,m,"5 km SSW of Al Aaroui, Morocco",low
2004-12-06 07:02:05.130000+00:00,34.978,-3.06,0.0,3.5,m,"5 km SW of Al Aaroui, Morocco",medium
2004-12-06 03:46:30+00:00,35.382,-4.195,0.0,3.2,m,"27 km NW of Tirhanimîne, Morocco",low
2004-12-06 00:28:51.440000+00:00,35.005,-3.06,4.6,3.8,m,"4 km W of Al Aaroui, Morocco",medium
2004-12-05 22:50:37.570000+00:00,34.732,-3.021,0.0,3.2,m,"30 km S of Al Aaroui, Morocco",low
2004-12-05 19:39:09.100000+00:00,34.998,-3.041,8.1,3.3,m,"3 km WSW of Al Aaroui, Morocco",low
2004-12-05 18:31:02+00:00,35.008,-3.087,3.4,3.5,m,"7 km W of Al Aaroui, Morocco",medium
2004-12-05 17:58:32.410000+00:00,35.026,-3.013,12.0,3.3,m,"1 km N of Al Aaroui, Morocco",low
2004-12-05 17:23:41.090000+00:00,34.958,-3.051,1.8,3.5,m,"6 km SSW of Al Aaroui, Morocco",medium
2004-12-05 17:05:12.540000+00:00,35.058,-3.077,12.1,3.0,m,"8 km NW of Al Aaroui, Morocco",low
2004-12-05 13:04:21.420000+00:00,34.969,-3.059,1.8,3.5,m,"6 km SW of Al Aaroui, Morocco",medium
2004-12-05 10:45:16.630000+00:00,35.164,-3.093,5.1,3.2,m,"14 km W of Nador, Morocco",low
2004-12-05 09:50:46.530000+00:00,35.018,-3.116,0.0,3.5,m,"9 km W of Al Aaroui, Morocco",medium
2004-12-05 08:41:41.630000+00:00,34.949,-3.078,5.3,3.5,m,"9 km SW of Al Aaroui, Morocco",medium
2004-12-05 07:48:49.880000+00:00,34.893,-2.83,0.0,3.3,m,"10 km WSW of Zaïo, Morocco",low
2004-12-05 06:47:06.060000+00:00,34.992,-3.026,5.2,3.5,m,"2 km SW of Al Aaroui, Morocco",medium
2004-12-05 05:28:12.400000+00:00,35.095,-3.155,0.0,3.5,m,"16 km NW of Al Aaroui, Morocco",medium
2004-12-05 04:24:25.090000+00:00,34.957,-3.055,0.0,3.7,m,"7 km SW of Al Aaroui, Morocco",medium
2004-12-05 03:20:39.370000+00:00,34.932,-3.042,10.0,4.3,m,"9 km SSW of Al Aaroui, Morocco",medium
2004-12-05 02:57:43.360000+00:00,35.004,-3.044,0.0,3.5,m,"3 km WSW of Al Aaroui, Morocco",medium
2004-12-05 02:49:11.840000+00:00,34.951,-2.997,0.0,3.8,m,"6 km S of Al Aaroui, Morocco",medium
2004-12-05 02:33:22.690000+00:00,34.951,-3.034,0.0,3.5,m,"7 km SSW of Al Aaroui, Morocco",medium
2004-12-04 23:47:47.270000+00:00,35.113,-3.201,0.0,3.1,m,"20 km WNW of Al Aaroui, Morocco",low
2004-12-04 23:28:49.520000+00:00,34.962,-3.096,0.0,3.1,m,"9 km SW of Al Aaroui, Morocco",low
2004-12-04 23:18:58.580000+00:00,35.002,-3.089,0.0,3.9,m,"7 km W of Al Aaroui, Morocco",medium
2004-12-04 23:17:13.210000+00:00,35.06,-3.174,0.0,3.1,m,"15 km WNW of Al Aaroui, Morocco",low
2004-12-04 21:23:45.920000+00:00,35.005,-3.14,0.0,3.2,m,"11 km W of Al Aaroui, Morocco",low
2004-12-04 21:15:02.220000+00:00,34.965,-3.037,0.0,3.5,m,"5 km SSW of Al Aaroui, Morocco",medium
2004-12-04 21:11:54.890000+00:00,34.947,-3.066,0.0,3.8,m,"8 km SW of Al Aaroui, Morocco",medium
2004-12-04 20:37:59.630000+00:00,34.954,-3.001,0.0,3.1,m,"6 km S of Al Aaroui, Morocco",low
2004-12-04 20:35:32.780000+00:00,34.984,-3.138,0.0,3.1,m,"12 km WSW of Al Aaroui, Morocco",low
2004-12-04 20:09:25.360000+00:00,35.061,-3.188,0.0,3.3,m,"17 km WNW of Al Aaroui, Morocco",low
2004-12-04 18:01:50.390000+00:00,35.034,-3.177,0.0,3.0,m,"15 km W of Al Aaroui, Morocco",low
2004-12-04 17:20:53.730000+00:00,35.006,-3.124,0.0,3.1,m,"10 km W of Al Aaroui, Morocco",low
2004-12-04 16:33:54.810000+00:00,35.104,-3.223,0.0,3.1,m,"22 km WNW of Al Aaroui, Morocco",low
2004-12-04 16:18:24.360000+00:00,35.043,-3.11,0.0,3.5,m,"9 km WNW of Al Aaroui, Morocco",medium
2004-12-04 15:42:09.490000+00:00,34.959,-3.007,0.0,4.6,m,"5 km S of Al Aaroui, Morocco",high
2004-12-04 15:40:53.280000+00:00,34.969,-3.083,0.0,3.3,m,"8 km SW of Al Aaroui, Morocco",low
2004-12-04 15:38:01.180000+00:00,35.047,-3.16,0.0,3.1,m,"14 km WNW of Al Aaroui, Morocco",low
2004-12-04 15:21:04.960000+00:00,34.986,-3.147,0.0,3.3,m,"12 km WSW of Al Aaroui, Morocco",low
2004-12-04 15:04:30.310000+00:00,35.002,-3.104,0.0,4.3,m,"8 km W of Al Aaroui, Morocco",medium
2004-12-04 15:02:05.110000+00:00,34.94,-2.924,0.0,3.0,m,"11 km SE of Al Aaroui, Morocco",low
2004-12-04 14:54:10.610000+00:00,34.919,-2.981,0.0,3.5,m,"10 km SSE of Al Aaroui, Morocco",medium
2004-12-04 14:10:32.320000+00:00,35.038,-3.016,0.0,2.9,m,"3 km NNW of Al Aaroui, Morocco",low
2004-12-04 13:25:25.620000+00:00,34.952,-2.983,0.0,3.5,m,"6 km SSE of Al Aaroui, Morocco",medium
2004-12-04 13:18:47.910000+00:00,34.98,-3.06,0.0,3.3,m,"5 km SW of Al Aaroui, Morocco",low
2004-12-04 13:16:28.680000+00:00,34.925,-2.969,0.0,4.3,m,"10 km SSE of Al Aaroui, Morocco",medium
2004-12-04 12:58:38.730000+00:00,35.013,-2.995,8.8,3.4,m,"1 km E of Al Aaroui, Morocco",low
2004-12-04 12:51:24.970000+00:00,35.057,-2.903,18.9,2.9,m,"10 km ENE of Al Aaroui, Morocco",low
2004-12-04 12:43:55.990000+00:00,34.963,-3.005,5.5,3.3,m,"5 km S of Al Aaroui, Morocco",low
2004-12-04 12:41:12.900000+00:00,34.992,-3.093,0.0,3.3,m,"7 km WSW of Al Aaroui, Morocco",low
2004-12-04 12:32:50.800000+00:00,34.969,-2.958,0.0,3.1,m,"6 km SE of Al Aaroui, Morocco",low
2004-12-04 12:30:56.290000+00:00,34.975,-3.009,0.0,3.1,m,"3 km S of Al Aaroui, Morocco",low
2004-12-04 12:25:35.910000+00:00,34.952,-3.062,0.0,3.1,m,"8 km SW of Al Aaroui, Morocco",low
2004-12-04 12:11:54.880000+00:00,34.927,-3.019,0.0,3.8,m,"9 km S of Al Aaroui, Morocco",medium
2004-12-04 12:09:35.450000+00:00,34.972,-3.053,0.0,4.0,m,"5 km SW of Al Aaroui, Morocco",medium
2004-12-04 12:06:00.140000+00:00,35.053,-3.175,0.0,3.1,m,"15 km WNW of Al Aaroui, Morocco",low
2004-12-04 12:02:20.380000+00:00,35.017,-2.947,0.0,3.2,m,"5 km E of Al Aaroui, Morocco",low
2004-12-04 11:55:32.090000+00:00,35.079,-3.107,0.0,3.0,m,"11 km NW of Al Aaroui, Morocco",low
2004-12-04 11:52:05.200000+00:00,34.952,-2.98,0.0,3.8,m,"7 km SSE of Al Aaroui, Morocco",medium
2004-12-04 11:38:25.810000+00:00,35.04,-2.953,9.3,3.3,m,"6 km ENE of Al Aaroui, Morocco",low
2004-12-04 11:19:51.550000+00:00,35.008,-3.075,0.0,3.3,m,"5 km W of Al Aaroui, Morocco",low
2004-12-04 11:10:48.170000+00:00,34.972,-3.112,0.0,3.3,m,"10 km WSW of Al Aaroui, Morocco",low
2004-12-04 10:59:31.020000+00:00,35.078,-3.132,0.0,3.3,m,"13 km WNW of Al Aaroui, Morocco",low
2004-12-04 10:58:30.830000+00:00,35.151,-3.162,0.0,3.1,m,"20 km NW of Al Aaroui, Morocco",low
2004-12-04 10:50:41.190000+00:00,34.903,-2.901,0.0,3.6,m,"15 km SE of Al Aaroui, Morocco",medium
2004-12-04 10:49:26.220000+00:00,35.059,-3.145,0.0,3.2,m,"13 km WNW of Al Aaroui, Morocco",low
2004-12-04 10:47:12.610000+00:00,34.973,-3.032,0.0,3.0,m,"4 km SSW of Al Aaroui, Morocco",low
2004-12-04 10:43:34.560000+00:00,34.999,-3.124,0.0,3.4,m,"10 km W of Al Aaroui, Morocco",low
2004-12-04 10:30:00.520000+00:00,35.036,-3.145,10.0,5.1,mwc,"12 km WNW of Al Aaroui, Morocco",high
2004-12-04 04:49:53.570000+00:00,34.984,-3.055,0.0,3.9,m,"5 km SW of Al Aaroui, Morocco",medium
2004-12-03 22:41:37.090000+00:00,35.004,-3.056,0.0,3.5,m,"4 km W of Al Aaroui, Morocco",medium
2004-12-03 22:36:19.440000+00:00,34.992,-3.039,0.0,3.5,m,"3 km SW of Al Aaroui, Morocco",medium
2004-12-03 15:26:06.310000+00:00,35.007,-3.095,1.4,3.9,m,"7 km W of Al Aaroui, Morocco",medium
2004-12-03 11:43:08.170000+00:00,34.923,-2.978,0.0,3.4,m,"10 km SSE of Al Aaroui, Morocco",low
2004-12-03 10:54:47.160000+00:00,34.981,-2.999,0.0,3.6,m,"3 km SSE of Al Aaroui, Morocco",medium
2004-12-03 10:14:35.330000+00:00,34.934,-3.022,0.0,4.4,m,"8 km S of Al Aaroui, Morocco",medium
2004-12-03 07:33:02.590000+00:00,34.977,-3.048,0.3,4.0,m,"5 km SW of Al Aaroui, Morocco",medium
2004-12-03 05:35:28.150000+00:00,34.993,-3.088,0.0,3.5,m,"7 km WSW of Al Aaroui, Morocco",medium
2004-12-03 04:50:46.540000+00:00,34.955,-2.987,8.4,3.8,m,"6 km SSE of Al Aaroui, Morocco",medium
2004-12-03 04:50:03.100000+00:00,34.964,-3.07,0.0,3.1,m,"7 km SW of Al Aaroui, Morocco",low
2004-12-03 03:01:37.950000+00:00,35.07,-3.148,0.0,2.6,m,"14 km WNW of Al Aaroui, Morocco",low
2004-12-03 02:45:52.390000+00:00,35.101,-3.167,0.0,3.0,m,"17 km NW of Al Aaroui, Morocco",low
2004-12-03 01:51:32.760000+00:00,34.965,-3.047,0.0,3.7,m,"6 km SW of Al Aaroui, Morocco",medium
2004-12-03 01:38:05.630000+00:00,35.026,-3.108,0.0,2.9,m,"9 km W of Al Aaroui, Morocco",low
2004-12-03 01:26:00.250000+00:00,34.905,-2.857,0.0,3.2,m,"12 km WSW of Zaïo, Morocco",low
2004-12-03 00:05:12.650000+00:00,35.009,-3.06,4.5,3.6,m,"4 km W of Al Aaroui, Morocco",medium
2004-12-03 00:00:31.590000+00:00,35.1,-3.065,11.7,2.6,m,"11 km NNW of Al Aaroui, Morocco",low
2004-12-02 23:54:52.380000+00:00,35.055,-3.122,0.0,2.9,m,"11 km WNW of Al Aaroui, Morocco",low
2004-12-02 23:43:42.670000+00:00,35.001,-3.091,0.0,3.7,m,"7 km W of Al Aaroui, Morocco",medium
2004-12-02 23:05:26.700000+00:00,35.059,-3.172,0.0,2.9,m,"15 km WNW of Al Aaroui, Morocco",low
2004-12-02 22:46:41.550000+00:00,35.148,-3.193,0.0,2.9,m,"22 km NW of Al Aaroui, Morocco",low
2004-12-02 22:07:17.400000+00:00,34.978,-2.97,10.0,3.5,m,"5 km SE of Al Aaroui, Morocco",medium
2004-12-02 21:30:48.470000+00:00,35.071,-3.164,0.0,3.1,m,"15 km WNW of Al Aaroui, Morocco",low
2004-12-02 20:38:05.060000+00:00,35.181,-3.168,0.0,3.1,m,"21 km W of Nador, Morocco",low
2004-12-02 19:23:32.950000+00:00,34.976,-2.943,17.7,3.2,m,"7 km ESE of Al Aaroui, Morocco",low
2004-12-02 18:55:04.330000+00:00,34.942,-3.038,0.0,3.1,m,"8 km SSW of Al Aaroui, Morocco",low
2004-12-02 18:21:36.420000+00:00,34.961,-2.986,5.7,4.1,m,"5 km SSE of Al Aaroui, Morocco",medium
2004-12-02 17:57:18.440000+00:00,35.008,-3.118,0.0,3.3,m,"9 km W of Al Aaroui, Morocco",low
2004-12-02 17:50:45.030000+00:00,35.028,-3.033,13.5,4.9,mwc,"2 km NW of Al Aaroui, Morocco",high
2004-12-02 15:58:13.610000+00:00,34.962,-3.093,0.0,3.7,m,"9 km SW of Al Aaroui, Morocco",medium
2004-12-02 15:40:53.100000+00:00,35.059,-3.085,0.0,3.4,m,"8 km NW of Al Aaroui, Morocco",low
2004-12-02 15:30:26.240000+00:00,35.074,-3.163,0.0,3.3,m,"15 km WNW of Al Aaroui, Morocco",low
2004-12-02 14:32:44.750000+00:00,34.976,-3.079,0.0,3.7,m,"7 km WSW of Al Aaroui, Morocco",medium
2004-12-02 14:10:18.550000+00:00,35.032,-3.145,0.0,3.3,m,"12 km W of Al Aaroui, Morocco",low
2004-12-02 13:53:04.050000+00:00,34.996,-2.986,6.4,3.7,mblg,"2 km SE of Al Aaroui, Morocco",medium
2004-11-29 09:41:24.710000+00:00,35.538,-4.337,0.0,2.9,m,"48 km NW of Al Hoceïma, Morocco",low
2004-11-29 06:37:04.600000+00:00,35.403,-3.616,0.0,3.4,m,"33 km ENE of Al Hoceïma, Morocco",low
2004-11-28 09:05:45.790000+00:00,35.519,-4.034,3.7,3.4,m,"30 km NNW of Al Hoceïma, Morocco",low
2004-11-28 05:01:39.790000+00:00,34.812,-3.65,29.7,3.2,m,"17 km SW of Midar, Morocco",low
2004-11-26 02:40:04.140000+00:00,35.002,-4.585,33.1,4.2,m,"25 km WNW of Targuist, Morocco",medium
2004-11-24 05:16:00.300000+00:00,34.9,-5.767,19.0,4.0,m,"16 km SE of Ksar El Kebir, Morocco",medium
2004-11-16 00:39:08.020000+00:00,34.788,-4.037,28.6,3.2,m,"30 km ESE of Targuist, Morocco",low
2004-11-14 00:04:23.330000+00:00,35.084,-3.852,0.0,3.0,m,"2 km SSW of Bni Bouayach, Morocco",low
2004-11-12 20:18:44.120000+00:00,35.148,-4.011,0.0,3.7,m,"11 km SSW of Tirhanimîne, Morocco",medium
2004-11-10 21:16:41.310000+00:00,34.871,-4.461,26.1,3.9,m,"14 km WSW of Targuist, Morocco",medium
2004-11-06 04:05:31.930000+00:00,35.185,-3.976,23.7,3.7,m,"6 km SSW of Tirhanimîne, Morocco",medium
2004-11-01 08:11:44.690000+00:00,35.064,-4.018,0.0,3.4,m,"16 km WSW of Bni Bouayach, Morocco",low
2004-10-30 13:42:23.100000+00:00,35.13,-3.863,0.0,3.4,m,"2 km SSW of Imzouren, Morocco",low
2004-10-24 21:07:45.280000+00:00,34.866,-5.749,0.0,3.2,m,"17 km WNW of Ouezzane, Morocco",low
2004-10-24 18:56:45.920000+00:00,34.886,-3.831,0.0,3.2,m,"24 km S of Bni Bouayach, Morocco",low
2004-10-24 07:26:26.060000+00:00,34.859,-3.861,0.0,3.1,m,"27 km S of Bni Bouayach, Morocco",low
2004-10-24 03:49:25.910000+00:00,35.735,-4.752,67.9,3.0,m,"48 km E of Cap Negro II, Morocco",low
2004-10-24 03:27:27.470000+00:00,34.993,-3.871,0.0,3.4,m,"12 km SSW of Bni Bouayach, Morocco",low
2004-10-24 03:04:19.960000+00:00,35.038,-3.855,0.0,3.5,m,"7 km S of Bni Bouayach, Morocco",medium
2004-10-21 05:28:18.590000+00:00,34.97,-4.022,4.5,3.7,m,"22 km SW of Bni Bouayach, Morocco",medium
2004-10-20 21:10:24.180000+00:00,35.142,-3.995,0.0,3.4,m,"11 km SSW of Tirhanimîne, Morocco",low
2004-10-20 18:34:26.890000+00:00,34.984,-4.077,0.0,3.9,m,"22 km ENE of Targuist, Morocco",medium
2004-10-18 00:03:11.140000+00:00,34.959,-4.008,23.5,3.8,m,"22 km SW of Bni Bouayach, Morocco",medium
2004-10-17 10:13:59.410000+00:00,35.789,-4.761,78.0,2.6,m,"49 km ENE of Cap Negro II, Morocco",low
2004-10-10 20:00:25.030000+00:00,35.053,-4.035,0.0,3.0,m,"18 km WSW of Bni Bouayach, Morocco",low
2004-10-10 09:48:54.350000+00:00,35.203,-3.983,0.0,3.6,m,"4 km SW of Tirhanimîne, Morocco",medium
2004-10-10 08:13:59.610000+00:00,35.11,-4.094,10.0,4.5,mb,"18 km SW of Tirhanimîne, Morocco",high
2004-10-06 03:00:40.140000+00:00,35.219,-4.001,0.0,3.1,m,"4 km WSW of Tirhanimîne, Morocco",low
2004-10-03 03:21:44.440000+00:00,34.899,-3.807,0.0,2.7,m,"23 km S of Bni Bouayach, Morocco",low
2004-10-03 03:09:18.810000+00:00,34.936,-3.816,12.3,3.4,m,"18 km S of Bni Bouayach, Morocco",low
2004-10-02 05:39:44.470000+00:00,35.082,-3.862,8.7,3.5,m,"3 km SW of Bni Bouayach, Morocco",medium
2004-10-02 05:38:05.060000+00:00,35.074,-3.879,0.0,3.2,m,"4 km SW of Bni Bouayach, Morocco",low
2004-09-28 23:11:08.120000+00:00,35.123,-4.27,0.0,3.4,m,"21 km NNE of Targuist, Morocco",low
2004-09-26 16:40:11.070000+00:00,34.803,-5.619,0.0,3.5,m,"3 km WNW of Ouezzane, Morocco",medium
2004-09-20 00:58:52.430000+00:00,34.591,-4.216,0.0,3.5,m,"39 km E of Taounate, Morocco",medium
2004-09-18 08:42:57.940000+00:00,35.259,-4.081,0.0,3.4,m,"11 km WNW of Tirhanimîne, Morocco",low
2004-09-18 05:58:35.880000+00:00,35.192,-3.962,0.0,3.9,m,"4 km S of Tirhanimîne, Morocco",medium
2004-09-05 11:39:56.070000+00:00,35.052,-3.856,0.0,3.1,m,"6 km SSW of Bni Bouayach, Morocco",low
2004-08-31 08:54:54.140000+00:00,35.462,-3.921,0.0,2.5,mblg,"23 km N of Al Hoceïma, Morocco",low
2004-08-30 16:43:02.540000+00:00,35.043,-4.23,0.0,2.5,mblg,"14 km NE of Targuist, Morocco",low
2004-08-30 00:20:08.970000+00:00,35.008,-3.891,0.0,3.2,m,"11 km SSW of Bni Bouayach, Morocco",low
2004-08-26 02:24:04.030000+00:00,35.119,-4.019,0.0,3.4,m,"14 km SSW of Tirhanimîne, Morocco",low
2004-08-24 18:02:20.300000+00:00,35.315,-4.305,0.0,2.6,mblg,"33 km WNW of Tirhanimîne, Morocco",low
2004-08-23 04:28:15.420000+00:00,35.77,-4.616,70.2,3.1,m,"61 km E of Cap Negro II, Morocco",low
2004-08-22 00:08:54.840000+00:00,35.101,-4.078,0.0,2.8,m,"18 km SW of Tirhanimîne, Morocco",low
2004-08-17 07:09:45.070000+00:00,35.633,-6.839,65.7,3.4,m,"75 km WNW of Asilah, Morocco",low
2004-08-16 05:35:52.920000+00:00,35.014,-3.887,0.0,3.3,m,"10 km SSW of Bni Bouayach, Morocco",low
2004-08-15 04:10:16.180000+00:00,35.251,-3.842,0.0,2.5,mblg,"8 km E of Al Hoceïma, Morocco",low
2004-08-14 01:55:42.380000+00:00,34.866,-3.887,0.0,4.5,mb,"26 km S of Bni Bouayach, Morocco",high
2004-08-13 18:17:40.980000+00:00,34.981,-3.955,16.4,3.6,m,"17 km SW of Bni Bouayach, Morocco",medium
2004-08-10 00:49:54.160000+00:00,35.375,-4.086,0.0,3.4,m,"19 km NW of Al Hoceïma, Morocco",low
2004-08-07 02:50:20.550000+00:00,35.156,-4.052,0.0,4.2,m,"12 km SW of Tirhanimîne, Morocco",medium
2004-08-03 21:09:11.300000+00:00,35.235,-4.338,0.0,3.5,m,"33 km N of Targuist, Morocco",medium
2004-08-03 06:55:39.970000+00:00,35.183,-5.793,75.1,3.9,m,"22 km NNE of Ksar El Kebir, Morocco",medium
2004-07-26 15:10:45.900000+00:00,35.033,-4.045,0.0,3.5,m,"20 km WSW of Bni Bouayach, Morocco",medium
2004-07-25 05:12:49.040000+00:00,35.121,-4.124,0.0,3.4,m,"20 km SW of Tirhanimîne, Morocco",low
2004-07-22 03:51:07.510000+00:00,35.162,-4.182,10.0,3.0,ml,"22 km WSW of Tirhanimîne, Morocco",low
2004-07-18 02:40:12.880000+00:00,35.186,-4.028,0.0,3.8,m,"8 km SW of Tirhanimîne, Morocco",medium
2004-07-17 20:01:01.700000+00:00,35.354,-4.062,0.0,3.3,m,"16 km NW of Al Hoceïma, Morocco",low
2004-07-10 18:01:39.550000+00:00,34.838,-4.115,34.2,4.0,m,"21 km ESE of Targuist, Morocco",medium
2004-07-10 17:57:16.300000+00:00,35.161,-4.065,0.0,4.4,m,"13 km SW of Tirhanimîne, Morocco",medium
2004-07-09 03:08:11.230000+00:00,34.977,-4.1,0.0,3.6,m,"20 km ENE of Targuist, Morocco",medium
2004-07-07 20:42:57.740000+00:00,35.226,-4.214,0.0,3.3,m,"23 km W of Tirhanimîne, Morocco",low
2004-07-05 20:46:25.720000+00:00,34.765,-4.074,0.0,3.4,m,"29 km SE of Targuist, Morocco",low
2004-07-05 20:28:57.040000+00:00,34.878,-3.842,0.0,3.4,m,"25 km S of Bni Bouayach, Morocco",low
2004-07-03 03:35:34.710000+00:00,30.865,-7.374,0.0,3.9,m,"46 km W of Ouarzazat, Morocco",medium
2004-06-30 21:34:11.750000+00:00,34.985,-3.863,0.0,2.8,m,Morocco,low
2004-06-29 22:37:47.740000+00:00,35.129,-4.071,0.0,3.2,m,"15 km SW of Tirhanimîne, Morocco",low
2004-06-28 17:16:31.910000+00:00,35.03,-4.101,0.0,3.1,m,"22 km ENE of Targuist, Morocco",low
2004-06-28 14:46:30.630000+00:00,35.079,-4.0,0.0,3.8,m,"14 km WSW of Bni Bouayach, Morocco",medium
2004-06-26 01:46:35.650000+00:00,34.935,-4.268,49.4,3.3,m,"4 km E of Targuist, Morocco",low
2004-06-24 14:50:33.690000+00:00,34.894,-3.842,0.0,2.8,mblg,"23 km S of Bni Bouayach, Morocco",low
2004-06-24 01:25:14.330000+00:00,35.064,-3.827,0.0,3.1,m,"4 km SSE of Bni Bouayach, Morocco",low
2004-06-23 23:46:55.520000+00:00,35.029,-5.017,36.0,3.0,mblg,"27 km SE of Chefchaouene, Morocco",low
2004-06-22 09:48:55.260000+00:00,35.268,-4.246,0.0,3.4,mblg,"26 km W of Tirhanimîne, Morocco",low
2004-06-21 21:13:56.840000+00:00,35.073,-4.063,0.0,3.0,m,"20 km W of Bni Bouayach, Morocco",low
2004-06-21 18:00:56.520000+00:00,35.055,-3.848,0.0,3.4,m,"5 km S of Bni Bouayach, Morocco",low
2004-06-21 07:01:26.250000+00:00,35.384,-3.954,0.0,3.2,m,"14 km N of Al Hoceïma, Morocco",low
2004-06-21 04:12:33.260000+00:00,34.964,-3.883,0.0,3.1,m,"16 km SSW of Bni Bouayach, Morocco",low
2004-06-21 03:16:21.450000+00:00,34.926,-3.868,0.0,3.3,m,"20 km S of Bni Bouayach, Morocco",low
2004-06-20 22:47:05.410000+00:00,34.936,-3.876,3.9,4.1,mb,"19 km S of Bni Bouayach, Morocco",medium
2004-06-20 17:13:30.460000+00:00,35.442,-3.819,10.0,3.3,ml,"23 km NNE of Al Hoceïma, Morocco",low
2004-06-20 17:12:17.120000+00:00,35.359,-3.866,17.5,3.4,m,"13 km NNE of Al Hoceïma, Morocco",low
2004-06-20 16:46:45.020000+00:00,35.315,-3.839,30.4,3.5,m,"11 km NE of Al Hoceïma, Morocco",medium
2004-06-20 14:25:22.030000+00:00,35.444,-3.851,0.0,3.2,m,"22 km NNE of Al Hoceïma, Morocco",low
2004-06-20 08:08:16.140000+00:00,35.118,-4.286,59.0,2.9,m,"20 km N of Targuist, Morocco",low
2004-06-19 11:30:26.570000+00:00,34.704,-3.991,0.0,3.6,m,"39 km SE of Targuist, Morocco",medium
2004-06-17 11:38:32.040000+00:00,35.247,-4.234,0.0,3.8,m,"25 km W of Tirhanimîne, Morocco",medium
2004-06-17 10:12:00.500000+00:00,35.189,-4.283,0.0,3.5,m,"28 km N of Targuist, Morocco",medium
2004-06-16 01:10:12.890000+00:00,34.949,-3.916,0.0,2.9,m,"18 km SSW of Bni Bouayach, Morocco",low
2004-06-15 12:00:05.850000+00:00,35.157,-3.971,0.0,4.1,m,"8 km S of Tirhanimîne, Morocco",medium
2004-06-15 00:57:38.910000+00:00,34.981,-3.855,0.0,2.9,m,"13 km S of Bni Bouayach, Morocco",low
2004-06-12 15:05:49.180000+00:00,35.157,-4.404,21.1,3.9,m,"25 km NNW of Targuist, Morocco",medium
2004-06-07 17:30:54.310000+00:00,35.114,-4.173,0.0,3.5,m,"23 km NE of Targuist, Morocco",medium
2004-06-07 15:39:36.100000+00:00,34.779,-9.601,10.0,4.2,m,"196 km NNW of El Jadid, Morocco",medium
2004-06-07 05:44:54.810000+00:00,35.092,-3.513,0.0,3.3,m,"16 km N of Midar, Morocco",low
2004-06-07 04:49:26.960000+00:00,35.005,-3.51,0.0,3.1,m,"7 km NNE of Midar, Morocco",low
2004-05-31 20:34:20.870000+00:00,35.04,-3.997,0.0,3.6,m,"16 km WSW of Bni Bouayach, Morocco",medium
2004-05-29 22:50:04.440000+00:00,35.022,-4.018,0.0,3.1,m,"18 km WSW of Bni Bouayach, Morocco",low
2004-05-28 18:01:43.850000+00:00,35.159,-4.001,0.0,3.5,m,"9 km SSW of Tirhanimîne, Morocco",medium
2004-05-27 11:42:22.230000+00:00,35.626,-5.599,10.0,3.7,m,"21 km WNW of Tétouan, Morocco",medium
2004-05-26 03:39:32.490000+00:00,35.35,-3.845,0.0,3.2,m,"13 km NE of Al Hoceïma, Morocco",low
2004-05-26 03:32:38.880000+00:00,35.301,-3.921,0.0,3.5,m,"5 km NNE of Al Hoceïma, Morocco",medium
2004-05-25 11:49:29.990000+00:00,35.129,-4.251,0.0,3.5,m,"22 km NNE of Targuist, Morocco",medium
2004-05-24 04:05:02.120000+00:00,34.958,-4.073,0.0,2.9,m,"22 km E of Targuist, Morocco",low
2004-05-23 09:20:09.210000+00:00,34.979,-4.039,0.0,3.4,m,Morocco,low
2004-05-23 09:04:45.340000+00:00,35.098,-4.234,0.0,3.3,m,"19 km NNE of Targuist, Morocco",low
2004-05-23 04:38:46.260000+00:00,34.949,-4.267,40.1,3.6,m,"4 km ENE of Targuist, Morocco",medium
2004-05-23 00:29:45.030000+00:00,35.157,-4.015,0.0,4.4,m,"10 km SSW of Tirhanimîne, Morocco",medium
2004-05-22 06:03:54.280000+00:00,35.003,-3.984,0.0,3.3,m,"17 km SW of Bni Bouayach, Morocco",low
2004-05-22 02:58:28.690000+00:00,35.214,-3.999,0.0,3.5,m,"4 km WSW of Tirhanimîne, Morocco",medium
2004-05-22 01:35:02.910000+00:00,34.642,-3.872,0.0,3.2,m,"45 km SW of Midar, Morocco",low
2004-05-21 18:27:24.400000+00:00,34.925,-3.84,0.0,3.3,m,"19 km S of Bni Bouayach, Morocco",low
2004-05-21 13:01:50.700000+00:00,35.143,-4.139,0.0,3.2,m,"19 km WSW of Tirhanimîne, Morocco",low
2004-05-21 12:58:05.430000+00:00,35.083,-3.99,0.0,4.0,m,"13 km W of Bni Bouayach, Morocco",medium
2004-05-20 20:27:34.820000+00:00,35.02,-3.995,0.0,3.4,m,"16 km SW of Bni Bouayach, Morocco",low
2004-05-20 18:03:48.350000+00:00,35.231,-4.024,0.0,3.4,m,"6 km W of Tirhanimîne, Morocco",low
2004-05-20 16:50:20.780000+00:00,35.104,-2.632,2.7,3.7,m,"20 km NNE of Zaïo, Morocco",medium
2004-05-20 11:51:18.330000+00:00,35.158,-4.193,0.0,3.3,m,"23 km WSW of Tirhanimîne, Morocco",low
2004-05-19 20:14:32.130000+00:00,35.324,-4.245,0.0,3.0,m,"28 km WNW of Tirhanimîne, Morocco",low
2004-05-19 18:20:52.080000+00:00,35.21,-4.244,7.9,3.2,m,"26 km W of Tirhanimîne, Morocco",low
2004-05-19 12:09:09.590000+00:00,35.102,-3.948,11.5,3.8,m,"9 km W of Bni Bouayach, Morocco",medium
2004-05-18 12:48:11.900000+00:00,35.442,-3.77,0.0,3.4,m,"26 km NE of Al Hoceïma, Morocco",low
2004-05-18 05:01:20.020000+00:00,35.185,-3.999,0.0,3.3,m,"6 km SW of Tirhanimîne, Morocco",low
2004-05-17 11:17:48.030000+00:00,35.291,-4.228,0.0,3.5,m,"25 km WNW of Tirhanimîne, Morocco",medium
2004-05-16 20:20:28.350000+00:00,35.24,-3.954,0.0,2.3,mblg,"0 km N of Tirhanimîne, Morocco",low
2004-05-16 15:46:18.250000+00:00,35.184,-4.131,7.0,3.4,m,"17 km WSW of Tirhanimîne, Morocco",low
2004-05-16 10:09:42.820000+00:00,34.868,-3.882,0.0,3.6,m,"26 km S of Bni Bouayach, Morocco",medium
2004-05-15 00:30:37.650000+00:00,35.108,-3.839,0.0,2.9,m,"0 km NNE of Bni Bouayach, Morocco",low
2004-05-14 07:45:13.710000+00:00,34.79,-3.766,16.1,3.7,m,"27 km SW of Midar, Morocco",medium
2004-05-14 04:16:48.530000+00:00,35.081,-4.175,12.1,3.5,m,"20 km NE of Targuist, Morocco",medium
2004-05-13 12:14:09.080000+00:00,34.74,-2.73,0.0,3.5,m,"22 km S of Zaïo, Morocco",medium
2004-05-12 18:36:03.360000+00:00,35.426,-3.84,0.0,3.3,m,"21 km NNE of Al Hoceïma, Morocco",low
2004-05-11 18:56:00.710000+00:00,35.437,-3.788,0.0,3.6,m,"24 km NNE of Al Hoceïma, Morocco",medium
2004-05-10 15:41:30.870000+00:00,35.151,-3.92,0.0,3.4,m,"6 km W of Imzouren, Morocco",low
2004-05-10 03:44:53.570000+00:00,35.036,-4.045,0.0,3.0,m,"20 km WSW of Bni Bouayach, Morocco",low
2004-05-09 19:21:28.780000+00:00,35.123,-3.943,0.0,3.1,m,"8 km WSW of Imzouren, Morocco",low
2004-05-09 18:24:42.670000+00:00,34.947,-3.894,17.6,3.1,m,"18 km SSW of Bni Bouayach, Morocco",low
2004-05-09 18:15:26.180000+00:00,35.048,-3.908,0.0,3.3,m,"8 km SW of Bni Bouayach, Morocco",low
2004-05-09 16:57:42.740000+00:00,35.222,-4.151,0.0,3.2,m,"17 km W of Tirhanimîne, Morocco",low
2004-05-09 10:42:07.680000+00:00,35.029,-4.021,0.0,3.5,m,"18 km WSW of Bni Bouayach, Morocco",medium
2004-05-07 13:41:28.010000+00:00,35.432,-4.173,0.0,3.2,m,"29 km NW of Al Hoceïma, Morocco",low
2004-05-07 12:36:19.780000+00:00,35.014,-3.996,0.0,3.5,m,"17 km SW of Bni Bouayach, Morocco",medium
2004-05-07 01:51:56.860000+00:00,34.994,-3.82,0.0,3.8,m,"12 km S of Bni Bouayach, Morocco",medium
2004-05-06 23:58:27.710000+00:00,35.221,-4.095,0.0,3.5,m,"12 km W of Tirhanimîne, Morocco",medium
2004-05-06 02:35:38.790000+00:00,35.48,-3.849,0.0,3.2,m,"26 km NNE of Al Hoceïma, Morocco",low
2004-05-05 13:32:53.950000+00:00,35.211,-4.003,0.0,3.4,m,"5 km WSW of Tirhanimîne, Morocco",low
2004-05-05 13:02:21.280000+00:00,35.139,-3.799,0.0,3.4,m,"4 km E of Imzouren, Morocco",low
2004-05-05 12:37:51.160000+00:00,35.276,-3.938,0.0,3.6,m,"2 km N of Al Hoceïma, Morocco",medium
2004-05-04 10:44:35.840000+00:00,35.129,-3.955,0.0,3.4,m,"9 km WSW of Imzouren, Morocco",low
2004-05-03 02:12:24+00:00,35.199,-4.273,0.0,3.4,m,"29 km N of Targuist, Morocco",low
2004-05-03 00:57:01.200000+00:00,35.194,-4.239,0.0,3.5,m,"26 km W of Tirhanimîne, Morocco",medium
2004-05-02 21:03:15.790000+00:00,35.379,-4.214,0.0,2.8,m,"28 km NW of Tirhanimîne, Morocco",low
2004-05-02 20:16:12.030000+00:00,35.254,-4.261,0.0,2.0,mblg,"27 km W of Tirhanimîne, Morocco",low
2004-05-02 18:26:27.660000+00:00,34.972,-2.479,18.0,3.5,m,"15 km WNW of Berkane, Morocco",medium
2004-05-02 17:21:07.990000+00:00,35.031,-3.815,0.0,3.8,m,"8 km SSE of Bni Bouayach, Morocco",medium
2004-05-02 12:27:48.780000+00:00,35.171,-4.007,0.0,3.2,m,"8 km SSW of Tirhanimîne, Morocco",low
2004-05-02 04:15:25.670000+00:00,35.161,-3.932,0.0,2.8,m,"7 km WNW of Imzouren, Morocco",low
2004-05-01 23:29:14.190000+00:00,35.192,-4.09,0.0,3.1,m,"13 km WSW of Tirhanimîne, Morocco",low
2004-04-30 21:32:27.070000+00:00,35.247,-4.192,0.0,2.8,m,"21 km W of Tirhanimîne, Morocco",low
2004-04-30 14:08:41.130000+00:00,34.993,-3.915,0.0,3.5,m,"14 km SSW of Bni Bouayach, Morocco",medium
2004-04-30 04:01:05.890000+00:00,35.276,-4.167,0.0,2.7,m,"19 km WNW of Tirhanimîne, Morocco",low
2004-04-30 03:34:29.360000+00:00,35.211,-4.245,0.0,2.9,m,"26 km W of Tirhanimîne, Morocco",low
2004-04-28 10:11:38.960000+00:00,35.442,-4.366,0.0,3.2,m,"43 km WNW of Tirhanimîne, Morocco",low
2004-04-27 22:17:57.630000+00:00,35.024,-3.994,0.0,3.2,m,"16 km WSW of Bni Bouayach, Morocco",low
2004-04-27 13:19:51.310000+00:00,34.793,-2.852,0.0,3.6,m,"19 km SSW of Zaïo, Morocco",medium
2004-04-27 11:56:39.030000+00:00,34.864,-2.755,0.0,3.9,m,"8 km SSW of Zaïo, Morocco",medium
2004-04-27 02:40:24.690000+00:00,35.224,-4.004,0.0,2.6,m,"4 km WSW of Tirhanimîne, Morocco",low
2004-04-26 22:56:14.760000+00:00,35.247,-4.288,0.0,2.6,m,"30 km W of Tirhanimîne, Morocco",low
2004-04-25 04:08:07.040000+00:00,34.913,-3.998,0.0,3.4,m,"25 km SW of Bni Bouayach, Morocco",low
2004-04-25 02:09:54.440000+00:00,34.988,-4.094,0.0,3.3,m,"21 km ENE of Targuist, Morocco",low
2004-04-24 11:10:24.280000+00:00,35.092,-5.885,0.0,3.7,m,"10 km N of Ksar El Kebir, Morocco",medium
2004-04-24 03:16:38.110000+00:00,35.196,-3.951,0.0,3.7,m,"4 km S of Tirhanimîne, Morocco",medium
2004-04-24 02:18:06.060000+00:00,35.206,-3.963,0.0,2.1,mblg,"3 km SSW of Tirhanimîne, Morocco",low
2004-04-24 01:40:18.230000+00:00,34.983,-3.793,0.0,3.2,m,"14 km SSE of Bni Bouayach, Morocco",low
2004-04-22 19:33:02.690000+00:00,35.261,-3.951,0.0,3.3,m,"1 km NW of Al Hoceïma, Morocco",low
2004-04-20 23:42:23.100000+00:00,35.75,-3.898,0.0,3.4,m,"55 km N of Al Hoceïma, Morocco",low
2004-04-20 05:00:33.440000+00:00,35.725,-2.264,0.0,4.0,m,"71 km N of Saidia, Morocco",medium
2004-04-18 13:20:30.710000+00:00,35.115,-3.981,0.0,3.6,m,"12 km WSW of Imzouren, Morocco",medium
2004-04-18 06:14:37.040000+00:00,35.146,-3.932,0.0,3.1,m,"7 km W of Imzouren, Morocco",low
2004-04-17 05:52:45.730000+00:00,35.043,-4.144,0.0,3.4,m,"19 km NE of Targuist, Morocco",low
2004-04-17 00:28:57.890000+00:00,35.457,-3.827,0.0,2.9,m,"24 km NNE of Al Hoceïma, Morocco",low
2004-04-16 08:32:56.780000+00:00,35.095,-4.123,0.0,4.3,m,"21 km SW of Tirhanimîne, Morocco",medium
2004-04-16 04:22:03.450000+00:00,35.074,-4.069,0.0,2.8,m,"20 km SSW of Tirhanimîne, Morocco",low
2004-04-15 22:30:25.330000+00:00,34.633,-3.731,0.0,2.8,m,"38 km SSW of Midar, Morocco",low
2004-04-15 18:26:44.780000+00:00,34.63,-3.787,0.0,3.3,m,"41 km SW of Midar, Morocco",low
2004-04-14 21:20:47.940000+00:00,35.211,-4.286,0.0,2.9,m,"30 km W of Tirhanimîne, Morocco",low
2004-04-14 15:35:13.770000+00:00,35.242,-3.89,0.0,3.3,m,"4 km ESE of Al Hoceïma, Morocco",low
2004-04-12 23:32:24.990000+00:00,35.123,-3.958,0.0,3.2,m,"10 km WSW of Imzouren, Morocco",low
2004-04-12 03:54:29.370000+00:00,35.314,-3.97,0.0,2.9,m,"7 km NNW of Al Hoceïma, Morocco",low
2004-04-12 03:52:44.580000+00:00,35.331,-3.927,0.0,2.8,m,"8 km N of Al Hoceïma, Morocco",low
2004-04-12 03:46:31.360000+00:00,35.232,-4.024,0.0,3.0,m,"6 km W of Tirhanimîne, Morocco",low
2004-04-12 00:57:01.340000+00:00,35.155,-3.999,0.0,3.3,m,"9 km SSW of Tirhanimîne, Morocco",low
2004-04-11 15:34:58.880000+00:00,35.059,-3.983,0.0,4.1,m,"13 km WSW of Bni Bouayach, Morocco",medium
2004-04-11 06:22:55.990000+00:00,35.015,-3.984,0.0,3.6,m,"16 km SW of Bni Bouayach, Morocco",medium
2004-04-10 15:54:04.910000+00:00,35.224,-3.94,0.0,3.1,m,"1 km SE of Tirhanimîne, Morocco",low
2004-04-10 11:45:02.580000+00:00,35.15,-4.124,0.0,3.1,m,"18 km WSW of Tirhanimîne, Morocco",low
2004-04-09 23:11:08.030000+00:00,35.141,-3.899,0.0,3.7,m,"4 km W of Imzouren, Morocco",medium
2004-04-09 20:41:22.260000+00:00,35.04,-3.715,0.0,3.3,m,"13 km ESE of Bni Bouayach, Morocco",low
2004-04-09 07:23:55.070000+00:00,34.832,-4.037,10.0,4.0,m,"28 km ESE of Targuist, Morocco",medium
2004-04-09 01:41:39.650000+00:00,35.227,-4.109,0.0,2.7,m,"14 km W of Tirhanimîne, Morocco",low
2004-04-08 19:20:44.340000+00:00,35.088,-4.055,0.0,3.1,m,"18 km SSW of Tirhanimîne, Morocco",low
2004-04-08 03:25:40.660000+00:00,35.122,-4.027,0.0,3.5,m,"14 km SSW of Tirhanimîne, Morocco",medium
2004-04-08 01:05:50.110000+00:00,34.911,-3.7,0.0,3.4,m,"15 km WSW of Midar, Morocco",low
2004-04-07 18:30:29.590000+00:00,35.0,-4.014,0.0,3.0,m,"19 km SW of Bni Bouayach, Morocco",low
2004-04-07 04:27:17.100000+00:00,34.957,-4.02,0.0,3.2,m,"23 km SW of Bni Bouayach, Morocco",low
2004-04-07 00:29:37.690000+00:00,34.634,-3.768,0.0,3.6,m,"40 km SSW of Midar, Morocco",medium
2004-04-06 22:15:01.510000+00:00,35.152,-4.184,0.0,3.0,m,"22 km WSW of Tirhanimîne, Morocco",low
2004-04-06 17:25:41.450000+00:00,35.083,-3.898,19.3,3.7,m,"5 km WSW of Bni Bouayach, Morocco",medium
2004-04-06 07:56:58.380000+00:00,35.275,-4.082,0.0,3.3,m,"12 km WNW of Tirhanimîne, Morocco",low
2004-04-06 02:00:15.660000+00:00,35.167,-4.039,0.0,3.4,m,"10 km SW of Tirhanimîne, Morocco",low
2004-04-06 01:53:09.280000+00:00,35.059,-4.108,0.0,4.5,m,"23 km NE of Targuist, Morocco",high
2004-04-06 00:05:01.480000+00:00,35.258,-5.07,0.0,2.8,m,"20 km ENE of Chefchaouene, Morocco",low
2004-04-05 16:28:08.850000+00:00,34.926,-4.015,0.0,3.7,m,"25 km SW of Bni Bouayach, Morocco",medium
2004-04-05 09:49:08+00:00,35.07,-3.957,0.0,3.8,m,"11 km WSW of Bni Bouayach, Morocco",medium
2004-04-05 06:58:02.150000+00:00,35.202,-5.306,0.0,3.3,m,"5 km NW of Chefchaouene, Morocco",low
2004-04-05 03:01:52.480000+00:00,35.153,-3.982,0.0,2.7,m,"9 km SSW of Tirhanimîne, Morocco",low
2004-04-05 02:41:50.630000+00:00,35.146,-3.969,0.0,3.2,m,"10 km S of Tirhanimîne, Morocco",low
2004-04-05 00:26:01.530000+00:00,35.073,-3.998,0.0,3.0,m,"14 km WSW of Bni Bouayach, Morocco",low
2004-04-04 21:15:27.580000+00:00,35.24,-3.966,0.0,3.4,m,"1 km WNW of Tirhanimîne, Morocco",low
2004-04-04 20:08:15.130000+00:00,34.968,-4.107,26.5,3.5,m,"19 km E of Targuist, Morocco",medium
2004-04-04 19:44:00.800000+00:00,35.015,-3.879,0.0,2.8,m,"10 km SSW of Bni Bouayach, Morocco",low
2004-04-04 16:09:09.560000+00:00,35.239,-4.062,0.0,3.2,m,"9 km W of Tirhanimîne, Morocco",low
2004-04-04 06:55:09.150000+00:00,35.033,-3.981,0.0,3.1,m,"15 km WSW of Bni Bouayach, Morocco",low
2004-04-03 19:24:21.240000+00:00,35.057,-3.996,0.0,2.1,mblg,"15 km WSW of Bni Bouayach, Morocco",low
2004-04-02 21:43:00.090000+00:00,35.091,-3.977,0.0,3.7,m,"12 km W of Bni Bouayach, Morocco",medium
2004-04-02 07:02:27.780000+00:00,35.209,-4.147,0.0,3.3,m,"17 km W of Tirhanimîne, Morocco",low
2004-04-02 06:39:39.470000+00:00,35.107,-4.125,0.0,3.4,m,"21 km SW of Tirhanimîne, Morocco",low
2004-04-01 00:25:35.820000+00:00,35.093,-4.099,0.0,4.1,mb,"20 km SW of Tirhanimîne, Morocco",medium
2004-03-31 14:07:34.530000+00:00,35.552,-3.623,0.0,3.0,m,"43 km NE of Al Hoceïma, Morocco",low
2004-03-31 12:49:52.120000+00:00,35.175,-3.991,0.0,3.4,m,"7 km SSW of Tirhanimîne, Morocco",low
2004-03-31 12:11:55.720000+00:00,35.18,-4.011,0.0,3.4,m,"8 km SW of Tirhanimîne, Morocco",low
2004-03-31 08:03:33.530000+00:00,35.1,-4.094,0.0,3.7,m,"19 km SW of Tirhanimîne, Morocco",medium
2004-03-30 23:09:40.820000+00:00,35.27,-4.19,0.0,3.2,m,"21 km W of Tirhanimîne, Morocco",low
2004-03-30 10:29:28.650000+00:00,35.311,-3.846,0.0,3.2,m,"10 km NE of Al Hoceïma, Morocco",low
2004-03-30 01:02:14.340000+00:00,35.069,-4.019,0.0,3.2,m,"16 km WSW of Bni Bouayach, Morocco",low
2004-03-29 13:58:58.990000+00:00,35.076,-3.996,0.0,3.4,m,"14 km WSW of Bni Bouayach, Morocco",low
2004-03-29 13:54:24.050000+00:00,35.105,-4.015,0.0,3.4,m,"15 km SSW of Tirhanimîne, Morocco",low
2004-03-29 13:05:38.100000+00:00,34.977,-3.995,0.0,3.5,m,Morocco,medium
2004-03-29 09:18:19.630000+00:00,35.016,-4.089,0.0,3.5,m,"22 km ENE of Targuist, Morocco",medium
2004-03-29 08:47:04.730000+00:00,35.139,-3.932,0.0,3.4,m,"7 km W of Imzouren, Morocco",low
2004-03-29 06:23:29.600000+00:00,34.9,-4.154,0.0,3.7,m,"16 km ESE of Targuist, Morocco",medium
2004-03-29 00:42:54.150000+00:00,35.069,-4.065,0.0,3.4,m,"20 km W of Bni Bouayach, Morocco",low
2004-03-28 23:19:30.950000+00:00,35.095,-4.133,0.0,3.2,m,"22 km SW of Tirhanimîne, Morocco",low
2004-03-28 20:11:39.930000+00:00,35.162,-3.959,0.0,3.5,m,"8 km S of Tirhanimîne, Morocco",medium
2004-03-28 07:48:44.310000+00:00,34.923,-4.205,0.0,3.5,m,"10 km E of Targuist, Morocco",medium
2004-03-27 23:02:51.520000+00:00,34.831,-3.778,0.0,3.2,m,"25 km WSW of Midar, Morocco",low
2004-03-27 22:32:26.590000+00:00,35.257,-4.23,0.0,3.4,m,"25 km W of Tirhanimîne, Morocco",low
2004-03-27 22:24:48.490000+00:00,35.017,-4.004,83.0,2.6,m,"17 km WSW of Bni Bouayach, Morocco",low
2004-03-27 22:02:54.060000+00:00,35.058,-3.825,0.0,2.7,m,"5 km SSE of Bni Bouayach, Morocco",low
2004-03-27 20:20:13.200000+00:00,35.073,-4.15,0.0,2.9,m,"21 km NE of Targuist, Morocco",low
2004-03-27 19:15:08.120000+00:00,34.96,-3.992,0.0,3.8,m,"21 km SW of Bni Bouayach, Morocco",medium
2004-03-27 14:31:00.920000+00:00,35.089,-3.805,0.0,2.7,m,"3 km ESE of Bni Bouayach, Morocco",low
2004-03-27 07:17:42.890000+00:00,35.086,-4.078,0.0,2.9,m,"20 km SW of Tirhanimîne, Morocco",low
2004-03-27 02:47:46.620000+00:00,35.297,-3.749,0.0,2.8,m,"17 km ENE of Al Hoceïma, Morocco",low
2004-03-27 00:50:35.080000+00:00,35.123,-3.827,0.0,3.6,m,"2 km NNE of Bni Bouayach, Morocco",medium
2004-03-27 00:01:24.230000+00:00,35.06,-3.801,0.0,2.4,m,"6 km SE of Bni Bouayach, Morocco",low
2004-03-26 23:18:26.940000+00:00,35.068,-3.837,0.0,3.1,m,"4 km S of Bni Bouayach, Morocco",low
2004-03-26 22:45:40.980000+00:00,35.079,-3.775,0.0,3.1,m,"6 km ESE of Bni Bouayach, Morocco",low
2004-03-26 21:01:19.940000+00:00,35.131,-3.747,0.0,2.7,m,"8 km ENE of Bni Bouayach, Morocco",low
2004-03-26 20:53:32.910000+00:00,35.087,-3.767,0.0,2.6,m,"6 km ESE of Bni Bouayach, Morocco",low
2004-03-26 20:12:26.060000+00:00,34.931,-2.733,0.0,3.1,m,"1 km S of Zaïo, Morocco",low
2004-03-26 17:59:56.690000+00:00,35.222,-3.828,0.0,3.1,m,"8 km NNE of Imzouren, Morocco",low
2004-03-26 16:39:39.510000+00:00,34.623,-3.999,0.0,3.8,m,"45 km SE of Targuist, Morocco",medium
2004-03-26 16:34:09.350000+00:00,34.97,-3.97,0.0,3.7,m,"19 km SW of Bni Bouayach, Morocco",medium
2004-03-26 10:22:04.600000+00:00,35.241,-3.965,0.0,3.5,m,"1 km WNW of Tirhanimîne, Morocco",medium
2004-03-25 22:38:39.140000+00:00,35.052,-4.03,0.0,4.2,m,"18 km WSW of Bni Bouayach, Morocco",medium
2004-03-25 13:36:30.350000+00:00,33.977,-3.866,10.0,2.4,m,"16 km ENE of Tmourghout, Morocco",low
2004-03-25 13:30:03.720000+00:00,34.984,-3.948,0.0,3.2,m,"16 km SW of Bni Bouayach, Morocco",low
2004-03-25 08:03:50.430000+00:00,35.273,-4.09,0.0,3.1,m,"12 km WNW of Tirhanimîne, Morocco",low
2004-03-25 07:20:58.760000+00:00,35.008,-3.983,0.0,3.8,m,"16 km SW of Bni Bouayach, Morocco",medium
2004-03-25 05:19:22.960000+00:00,35.082,-4.036,0.0,3.4,m,"18 km W of Bni Bouayach, Morocco",low
2004-03-24 19:51:04.610000+00:00,35.211,-4.56,0.0,3.2,m,"37 km NW of Targuist, Morocco",low
2004-03-24 15:32:59.530000+00:00,35.009,-2.714,0.0,3.7,m,"7 km NNE of Zaïo, Morocco",medium
2004-03-24 06:26:10.390000+00:00,35.0,-3.986,0.0,3.5,m,"17 km SW of Bni Bouayach, Morocco",medium
2004-03-24 05:08:55.030000+00:00,34.992,-2.725,0.0,3.3,m,"5 km N of Zaïo, Morocco",low
2004-03-24 04:16:31.080000+00:00,35.193,-3.977,0.0,3.2,m,"5 km SSW of Tirhanimîne, Morocco",low
2004-03-24 03:53:58.610000+00:00,35.114,-4.03,0.0,3.3,m,"15 km SSW of Tirhanimîne, Morocco",low
2004-03-24 02:46:18.370000+00:00,34.05,-3.852,10.0,3.2,m,"22 km NE of Tmourghout, Morocco",low
2004-03-24 01:21:04.560000+00:00,35.205,-4.027,0.0,3.2,m,"7 km WSW of Tirhanimîne, Morocco",low
2004-03-24 01:16:25.550000+00:00,35.178,-3.986,0.0,3.1,m,"7 km SSW of Tirhanimîne, Morocco",low
2004-03-23 23:31:35.330000+00:00,35.251,-4.063,0.0,3.1,m,"10 km W of Tirhanimîne, Morocco",low
2004-03-23 23:16:05.970000+00:00,35.172,-3.89,0.0,3.2,m,"4 km NW of Imzouren, Morocco",low
2004-03-23 23:11:55.840000+00:00,35.239,-3.901,0.0,3.2,m,"3 km ESE of Al Hoceïma, Morocco",low
2004-03-23 21:38:37.670000+00:00,35.151,-3.969,0.0,3.2,m,"9 km S of Tirhanimîne, Morocco",low
2004-03-23 13:03:50.460000+00:00,35.339,-3.873,0.0,3.9,m,"11 km NNE of Al Hoceïma, Morocco",medium
2004-03-23 01:31:21.290000+00:00,35.14,-4.001,0.0,3.2,m,"11 km SSW of Tirhanimîne, Morocco",low
2004-03-22 05:25:14.290000+00:00,35.171,-3.99,0.0,3.3,m,"7 km SSW of Tirhanimîne, Morocco",low
2004-03-22 05:18:03.250000+00:00,35.044,-3.988,11.5,4.1,m,"15 km WSW of Bni Bouayach, Morocco",medium
2004-03-22 04:35:19.650000+00:00,34.941,-2.787,0.0,3.0,m,"4 km W of Zaïo, Morocco",low
2004-03-22 02:31:08.740000+00:00,35.208,-4.002,0.0,3.3,m,"5 km SW of Tirhanimîne, Morocco",low
2004-03-22 02:28:47.540000+00:00,34.914,-4.009,0.0,4.0,m,"26 km SW of Bni Bouayach, Morocco",medium
2004-03-21 21:25:16.570000+00:00,35.115,-2.598,0.0,2.1,mblg,"22 km NNE of Zaïo, Morocco",low
2004-03-21 17:04:17.040000+00:00,35.253,-4.162,0.0,3.3,m,"18 km W of Tirhanimîne, Morocco",low
2004-03-21 16:06:30.020000+00:00,35.163,-4.014,0.0,3.4,m,"9 km SSW of Tirhanimîne, Morocco",low
2004-03-21 16:00:09.010000+00:00,35.196,-4.037,0.0,3.5,m,"8 km WSW of Tirhanimîne, Morocco",medium
2004-03-21 12:45:37.700000+00:00,35.178,-3.982,0.0,3.3,m,"6 km SSW of Tirhanimîne, Morocco",low
2004-03-21 08:18:46.450000+00:00,35.171,-4.034,24.1,3.8,m,"10 km SW of Tirhanimîne, Morocco",medium
2004-03-20 20:57:54.730000+00:00,35.069,-4.116,0.0,3.3,m,"23 km NE of Targuist, Morocco",low
2004-03-20 20:24:00.830000+00:00,35.105,-4.09,0.0,3.8,m,"19 km SW of Tirhanimîne, Morocco",medium
2004-03-20 16:17:59.620000+00:00,35.0,-3.888,0.0,3.6,m,"12 km SSW of Bni Bouayach, Morocco",medium
2004-03-20 14:56:00.830000+00:00,35.184,-3.88,0.0,3.1,m,"4 km NNW of Imzouren, Morocco",low
2004-03-20 09:37:26.460000+00:00,35.007,-4.148,0.0,4.4,mb,"17 km ENE of Targuist, Morocco",medium
2004-03-19 12:19:05.530000+00:00,35.211,-3.846,0.0,3.7,m,"7 km N of Imzouren, Morocco",medium
2004-03-19 07:02:27.200000+00:00,35.104,-3.953,0.0,3.3,m,"10 km W of Bni Bouayach, Morocco",low
2004-03-19 06:22:53.510000+00:00,35.005,-2.65,0.0,3.0,m,"10 km NE of Zaïo, Morocco",low
2004-03-19 06:02:47.110000+00:00,35.139,-3.977,0.0,3.9,m,"10 km S of Tirhanimîne, Morocco",medium
2004-03-18 22:58:27.280000+00:00,35.111,-4.046,0.0,3.7,m,"16 km SSW of Tirhanimîne, Morocco",medium
2004-03-18 22:19:39.120000+00:00,35.064,-4.066,0.0,3.5,m,"21 km WSW of Bni Bouayach, Morocco",medium
2004-03-18 21:07:40.090000+00:00,35.066,-3.981,0.0,3.4,m,"13 km WSW of Bni Bouayach, Morocco",low
2004-03-18 14:11:22.540000+00:00,35.17,-4.008,0.0,3.4,m,"8 km SSW of Tirhanimîne, Morocco",low
2004-03-18 11:45:31.880000+00:00,35.165,-4.226,0.0,3.8,mblg,"25 km WSW of Tirhanimîne, Morocco",medium
2004-03-18 07:41:52.830000+00:00,35.052,-3.922,0.0,3.4,m,"9 km SW of Bni Bouayach, Morocco",low
2004-03-18 05:01:08.160000+00:00,34.899,-2.704,0.0,2.8,m,"5 km SSE of Zaïo, Morocco",low
2004-03-18 04:17:59.700000+00:00,35.176,-4.179,0.0,3.5,m,"21 km WSW of Tirhanimîne, Morocco",medium
2004-03-18 02:09:14.690000+00:00,35.137,-3.977,0.0,2.8,m,"11 km S of Tirhanimîne, Morocco",low
2004-03-18 02:03:17.800000+00:00,34.944,-2.87,0.0,2.9,m,"12 km W of Zaïo, Morocco",low
2004-03-18 01:46:57.110000+00:00,35.019,-2.643,0.0,3.5,m,"11 km NE of Zaïo, Morocco",medium
2004-03-18 01:38:29.900000+00:00,34.979,-2.812,0.0,3.6,m,"8 km WNW of Zaïo, Morocco",medium
2004-03-18 01:36:45.950000+00:00,35.0,-2.716,0.0,3.4,m,"6 km NNE of Zaïo, Morocco",low
2004-03-18 01:33:34.790000+00:00,35.065,-4.204,37.2,3.0,m,"17 km NE of Targuist, Morocco",low
2004-03-18 01:10:18+00:00,35.216,-4.096,0.0,3.0,m,"13 km W of Tirhanimîne, Morocco",low
2004-03-18 00:50:54.050000+00:00,35.217,-4.233,0.0,2.2,mblg,"25 km W of Tirhanimîne, Morocco",low
2004-03-17 23:51:07.040000+00:00,35.229,-3.887,0.0,2.9,m,"5 km ESE of Al Hoceïma, Morocco",low
2004-03-17 22:39:17.120000+00:00,35.058,-4.02,0.0,3.3,m,"17 km WSW of Bni Bouayach, Morocco",low
2004-03-17 18:11:58.700000+00:00,34.935,-4.02,71.0,3.4,m,"25 km SW of Bni Bouayach, Morocco",low
2004-03-17 17:00:29.090000+00:00,34.971,-2.698,0.0,3.9,m,"4 km NE of Zaïo, Morocco",medium
2004-03-17 13:57:55.630000+00:00,34.945,-4.008,0.0,3.6,m,"23 km SW of Bni Bouayach, Morocco",medium
2004-03-17 05:51:54.670000+00:00,35.14,-3.967,0.0,3.4,m,"10 km W of Imzouren, Morocco",low
2004-03-17 04:04:33.540000+00:00,35.161,-3.988,0.0,3.4,m,"8 km SSW of Tirhanimîne, Morocco",low
2004-03-16 23:54:30.130000+00:00,35.097,-2.673,7.7,3.1,m,"17 km NNE of Zaïo, Morocco",low
2004-03-16 22:05:04.970000+00:00,35.151,-3.724,0.0,2.3,m,"11 km E of Imzouren, Morocco",low
2004-03-16 20:51:08.300000+00:00,34.788,-4.047,0.0,3.6,m,"29 km SE of Targuist, Morocco",medium
2004-03-16 13:18:28.330000+00:00,35.012,-2.759,7.7,2.4,mblg,"8 km NNW of Zaïo, Morocco",low
2004-03-16 11:10:58.320000+00:00,35.32,-4.083,0.0,3.5,m,"14 km NW of Tirhanimîne, Morocco",medium
2004-03-16 02:58:16.450000+00:00,34.941,-4.052,0.0,4.0,m,"24 km E of Targuist, Morocco",medium
2004-03-16 02:03:49.010000+00:00,35.188,-3.911,0.0,2.6,m,"6 km SE of Tirhanimîne, Morocco",low
2004-03-15 22:18:29.190000+00:00,34.908,-4.066,0.0,4.5,m,"23 km E of Targuist, Morocco",high
2004-03-15 19:55:18.600000+00:00,35.076,-4.011,0.0,3.5,m,"15 km WSW of Bni Bouayach, Morocco",medium
2004-03-15 15:07:38.740000+00:00,35.325,-3.855,0.0,3.2,m,"11 km NE of Al Hoceïma, Morocco",low
2004-03-15 12:39:13.160000+00:00,35.119,-4.2,11.4,4.4,m,"22 km NNE of Targuist, Morocco",medium
2004-03-15 05:09:38.680000+00:00,35.394,-3.79,0.0,3.5,m,"20 km NE of Al Hoceïma, Morocco",medium
2004-03-15 05:06:35.300000+00:00,35.266,-3.883,0.0,3.0,m,"5 km ENE of Al Hoceïma, Morocco",low
2004-03-15 04:54:47.390000+00:00,35.135,-3.828,12.8,3.3,m,"2 km ESE of Imzouren, Morocco",low
2004-03-14 23:54:59.770000+00:00,35.079,-3.872,13.3,3.3,m,"4 km SW of Bni Bouayach, Morocco",low
2004-03-14 14:14:06.080000+00:00,35.011,-3.913,0.0,2.7,m,"12 km SSW of Bni Bouayach, Morocco",low
2004-03-14 13:48:17.270000+00:00,35.155,-3.939,0.0,2.8,m,"8 km W of Imzouren, Morocco",low
2004-03-14 13:40:09.740000+00:00,34.863,-3.73,10.0,2.9,m,"19 km WSW of Midar, Morocco",low
2004-03-14 11:37:03.930000+00:00,35.019,-3.995,0.0,3.5,m,"17 km SW of Bni Bouayach, Morocco",medium
2004-03-14 07:35:19.030000+00:00,35.027,-4.001,0.0,3.6,m,"17 km WSW of Bni Bouayach, Morocco",medium
2004-03-14 02:46:49.120000+00:00,35.186,-3.997,0.0,3.0,m,"6 km SW of Tirhanimîne, Morocco",low
2004-03-14 01:25:34.240000+00:00,35.032,-3.983,0.0,3.9,m,"15 km WSW of Bni Bouayach, Morocco",medium
2004-03-13 21:45:06+00:00,35.292,-4.017,0.0,3.2,m,"8 km NW of Tirhanimîne, Morocco",low
2004-03-13 21:41:22.210000+00:00,34.749,-3.846,10.0,3.8,m,"35 km SW of Midar, Morocco",medium
2004-03-13 21:31:34.300000+00:00,35.258,-3.846,0.0,3.4,m,"8 km E of Al Hoceïma, Morocco",low
2004-03-13 20:59:58.410000+00:00,35.113,-4.028,0.0,3.4,m,"15 km SSW of Tirhanimîne, Morocco",low
2004-03-13 17:27:31.130000+00:00,35.155,-4.096,0.0,3.5,m,"15 km SW of Tirhanimîne, Morocco",medium
2004-03-13 13:02:03.530000+00:00,35.06,-4.132,21.8,3.6,m,"21 km NE of Targuist, Morocco",medium
2004-03-13 12:17:48.050000+00:00,35.095,-3.998,0.0,3.7,m,"14 km W of Bni Bouayach, Morocco",medium
2004-03-13 10:56:53.700000+00:00,34.989,-4.123,10.0,3.9,m,"18 km ENE of Targuist, Morocco",medium
2004-03-13 05:11:04.320000+00:00,35.154,-3.957,0.0,2.9,m,"9 km S of Tirhanimîne, Morocco",low
2004-03-13 03:25:28.950000+00:00,35.221,-4.225,0.0,3.8,m,"24 km W of Tirhanimîne, Morocco",medium
2004-03-13 02:51:57.030000+00:00,35.105,-3.924,0.0,3.4,m,"7 km W of Bni Bouayach, Morocco",low
2004-03-13 00:13:15.800000+00:00,35.063,-4.205,17.4,3.5,m,"17 km NE of Targuist, Morocco",medium
2004-03-12 23:35:31.340000+00:00,35.169,-4.151,22.1,3.9,m,"19 km WSW of Tirhanimîne, Morocco",medium
2004-03-12 22:26:53.280000+00:00,35.196,-3.949,0.0,3.3,m,"4 km S of Tirhanimîne, Morocco",low
2004-03-12 20:20:46.530000+00:00,35.061,-3.943,0.0,3.6,m,"10 km WSW of Bni Bouayach, Morocco",medium
2004-03-12 19:27:15.740000+00:00,35.109,-4.025,0.0,3.5,m,"15 km SSW of Tirhanimîne, Morocco",medium
2004-03-12 18:17:33.690000+00:00,34.374,-3.646,10.0,2.2,m,"31 km WNW of Guercif, Morocco",low
2004-03-12 18:11:56.100000+00:00,35.098,-3.94,0.0,3.6,m,"9 km W of Bni Bouayach, Morocco",medium
2004-03-12 17:31:07.550000+00:00,35.116,-3.96,0.0,4.4,m,"10 km WSW of Imzouren, Morocco",medium
2004-03-12 17:21:51.820000+00:00,34.935,-4.041,0.0,4.7,mb,"25 km E of Targuist, Morocco",high
2004-03-11 17:45:33.760000+00:00,35.111,-4.125,0.0,3.8,m,"20 km SW of Tirhanimîne, Morocco",medium
2004-03-11 13:18:54.910000+00:00,35.568,-3.927,0.0,3.3,m,"35 km N of Al Hoceïma, Morocco",low
2004-03-11 01:50:04.540000+00:00,35.045,-3.981,0.0,3.0,m,"14 km WSW of Bni Bouayach, Morocco",low
2004-03-11 01:30:54.380000+00:00,35.207,-3.948,0.0,3.0,m,"3 km S of Tirhanimîne, Morocco",low
2004-03-11 00:18:00.800000+00:00,35.339,-4.281,0.0,3.3,m,"31 km WNW of Tirhanimîne, Morocco",low
2004-03-10 21:22:55.530000+00:00,35.101,-3.83,0.0,3.4,m,"1 km ESE of Bni Bouayach, Morocco",low
2004-03-10 11:58:31.800000+00:00,35.0,-3.829,0.0,3.7,m,"11 km S of Bni Bouayach, Morocco",medium
2004-03-10 04:22:18.510000+00:00,35.043,-4.103,0.0,4.0,mb,"22 km ENE of Targuist, Morocco",medium
2004-03-10 03:48:48.320000+00:00,35.102,-4.006,0.0,2.8,mblg,"14 km WSW of Imzouren, Morocco",low
2004-03-10 02:28:12.540000+00:00,35.135,-3.892,0.0,3.4,m,"3 km WSW of Imzouren, Morocco",low
2004-03-09 22:35:58.730000+00:00,34.983,-3.894,0.0,3.5,m,"14 km SSW of Bni Bouayach, Morocco",medium
2004-03-09 21:54:37.770000+00:00,35.042,-3.865,0.0,3.1,m,"7 km SSW of Bni Bouayach, Morocco",low
2004-03-09 19:25:18.730000+00:00,35.039,-3.96,0.0,3.3,m,"13 km SW of Bni Bouayach, Morocco",low
2004-03-09 16:54:17.180000+00:00,34.969,-3.758,0.0,3.4,m,"16 km SSE of Bni Bouayach, Morocco",low
2004-03-09 15:45:23.020000+00:00,35.05,-3.903,0.0,3.3,m,"8 km SW of Bni Bouayach, Morocco",low
2004-03-09 11:12:22.020000+00:00,35.135,-3.993,0.0,3.9,m,"11 km SSW of Tirhanimîne, Morocco",medium
2004-03-09 10:38:09.850000+00:00,35.219,-3.984,0.0,3.4,m,"3 km SW of Tirhanimîne, Morocco",low
2004-03-09 00:58:51.970000+00:00,35.037,-4.025,0.0,3.4,m,"18 km WSW of Bni Bouayach, Morocco",low
2004-03-09 00:15:19.830000+00:00,35.122,-3.957,0.0,3.5,m,"10 km WSW of Imzouren, Morocco",medium
2004-03-09 00:07:54.060000+00:00,35.111,-3.997,0.0,3.2,m,"13 km WSW of Imzouren, Morocco",low
2004-03-08 21:02:58.120000+00:00,35.218,-3.943,0.0,3.1,m,"2 km SSE of Tirhanimîne, Morocco",low
2004-03-08 18:10:17.910000+00:00,35.384,-3.892,0.9,2.9,m,"15 km NNE of Al Hoceïma, Morocco",low
2004-03-08 15:37:49.380000+00:00,35.1,-3.979,0.0,3.7,m,"12 km W of Bni Bouayach, Morocco",medium
2004-03-08 13:22:52.660000+00:00,35.393,-4.113,0.0,3.1,m,"22 km NW of Al Hoceïma, Morocco",low
2004-03-08 11:47:10.980000+00:00,35.188,-3.977,0.0,3.6,m,"5 km SSW of Tirhanimîne, Morocco",medium
2004-03-08 11:27:56.310000+00:00,35.219,-3.93,0.0,3.5,m,"2 km SE of Tirhanimîne, Morocco",medium
2004-03-08 07:08:59.620000+00:00,35.189,-3.926,0.0,3.4,m,"5 km SSE of Tirhanimîne, Morocco",low
2004-03-08 04:34:01.610000+00:00,35.397,-5.611,82.5,2.3,m,"29 km SW of Tétouan, Morocco",low
2004-03-08 03:29:37.060000+00:00,35.201,-3.954,0.0,3.1,m,"3 km S of Tirhanimîne, Morocco",low
2004-03-08 02:56:27.660000+00:00,35.125,-4.005,0.0,3.1,m,"13 km SSW of Tirhanimîne, Morocco",low
2004-03-08 02:34:42.620000+00:00,35.181,-3.938,0.0,3.0,m,"6 km SSE of Tirhanimîne, Morocco",low
2004-03-08 02:07:15.520000+00:00,35.139,-3.933,0.0,2.5,m,"7 km W of Imzouren, Morocco",low
2004-03-08 01:31:53.900000+00:00,35.103,-3.963,0.0,3.8,m,"11 km W of Bni Bouayach, Morocco",medium
2004-03-07 22:45:19.350000+00:00,35.181,-3.95,0.0,2.8,m,"6 km S of Tirhanimîne, Morocco",low
2004-03-07 22:43:31.010000+00:00,35.248,-3.932,0.0,2.9,m,"0 km SE of Al Hoceïma, Morocco",low
2004-03-07 21:20:24.450000+00:00,35.111,-3.941,0.0,3.1,m,"9 km WSW of Imzouren, Morocco",low
2004-03-07 21:10:48.580000+00:00,35.455,-3.765,0.0,2.9,m,"27 km NE of Al Hoceïma, Morocco",low
2004-03-07 19:34:39.350000+00:00,35.111,-3.909,0.0,3.0,m,"6 km W of Bni Bouayach, Morocco",low
2004-03-07 15:38:56.670000+00:00,34.95,-4.005,0.0,4.1,m,"22 km SW of Bni Bouayach, Morocco",medium
2004-03-07 13:04:08.900000+00:00,35.083,-4.01,0.0,3.6,m,"15 km W of Bni Bouayach, Morocco",medium
2004-03-07 11:29:48.190000+00:00,35.176,-3.99,0.0,3.1,m,"7 km SSW of Tirhanimîne, Morocco",low
2004-03-07 11:14:38.550000+00:00,35.182,-3.916,0.0,3.5,m,"6 km SSE of Tirhanimîne, Morocco",medium
2004-03-07 10:30:05.980000+00:00,35.115,-3.893,0.0,3.7,m,"4 km WNW of Bni Bouayach, Morocco",medium
2004-03-07 10:08:02.270000+00:00,35.039,-3.942,0.0,3.4,m,"11 km SW of Bni Bouayach, Morocco",low
2004-03-07 10:02:47.650000+00:00,35.114,-4.047,0.0,2.9,m,"15 km SSW of Tirhanimîne, Morocco",low
2004-03-07 09:17:15.730000+00:00,35.19,-3.974,0.0,3.0,m,"5 km SSW of Tirhanimîne, Morocco",low
2004-03-07 09:05:59.350000+00:00,35.16,-4.001,0.0,3.1,m,"9 km SSW of Tirhanimîne, Morocco",low
2004-03-07 08:06:28.490000+00:00,34.982,-4.014,0.0,3.4,m,"20 km SW of Bni Bouayach, Morocco",low
2004-03-07 07:54:32.630000+00:00,35.12,-3.983,0.0,3.2,m,"12 km WSW of Imzouren, Morocco",low
2004-03-07 07:31:59.290000+00:00,35.157,-3.961,0.0,3.1,m,"8 km S of Tirhanimîne, Morocco",low
2004-03-07 07:19:26.980000+00:00,34.96,-4.039,0.0,3.6,m,"24 km SW of Bni Bouayach, Morocco",medium
2004-03-07 07:17:04.700000+00:00,35.234,-3.994,0.0,3.0,m,"3 km W of Tirhanimîne, Morocco",low
2004-03-07 06:45:58.620000+00:00,35.062,-3.972,0.0,3.9,m,"12 km WSW of Bni Bouayach, Morocco",medium
2004-03-07 06:37:52.270000+00:00,35.036,-4.022,0.0,5.1,mwc,"18 km WSW of Bni Bouayach, Morocco",high
2004-03-07 05:56:08.220000+00:00,35.241,-4.172,0.0,3.6,m,"19 km W of Tirhanimîne, Morocco",medium
2004-03-07 04:29:17.930000+00:00,34.949,-3.889,10.0,2.0,m,"17 km SSW of Bni Bouayach, Morocco",low
2004-03-07 04:26:47.870000+00:00,35.38,-3.905,0.0,3.5,m,"14 km NNE of Al Hoceïma, Morocco",medium
2004-03-07 03:03:59.700000+00:00,35.198,-4.186,0.0,3.5,m,"21 km WSW of Tirhanimîne, Morocco",medium
2004-03-06 23:35:07.380000+00:00,35.121,-3.967,0.0,3.2,m,"10 km WSW of Imzouren, Morocco",low
2004-03-06 22:30:17.320000+00:00,35.267,-3.972,0.0,3.4,m,"3 km WNW of Al Hoceïma, Morocco",low
2004-03-06 20:54:08.130000+00:00,35.188,-3.98,0.0,3.2,m,"5 km SSW of Tirhanimîne, Morocco",low
2004-03-06 19:40:18.340000+00:00,35.042,-4.007,0.0,3.4,m,"16 km WSW of Bni Bouayach, Morocco",low
2004-03-06 09:11:00.780000+00:00,35.133,-3.943,0.0,4.0,m,"8 km W of Imzouren, Morocco",medium
2004-03-06 06:35:05.580000+00:00,35.267,-4.168,0.0,3.3,m,"19 km W of Tirhanimîne, Morocco",low
2004-03-06 03:53:15.350000+00:00,35.233,-3.931,0.0,3.4,m,"2 km SSE of Al Hoceïma, Morocco",low
2004-03-06 03:22:13.810000+00:00,35.156,-3.98,0.0,3.4,m,"9 km SSW of Tirhanimîne, Morocco",low
2004-03-06 01:20:02.400000+00:00,34.978,-4.076,0.0,3.3,m,"22 km ENE of Targuist, Morocco",low
2004-03-05 23:50:27.660000+00:00,35.145,-3.892,6.7,3.5,m,"3 km W of Imzouren, Morocco",medium
2004-03-05 22:29:06.550000+00:00,35.139,-3.714,0.0,2.2,mblg,"12 km ENE of Bni Bouayach, Morocco",low
2004-03-05 15:52:49.810000+00:00,35.139,-3.942,0.0,4.0,m,"8 km W of Imzouren, Morocco",medium
2004-03-05 13:29:45.430000+00:00,35.252,-3.979,0.0,3.4,m,"2 km NW of Tirhanimîne, Morocco",low
2004-03-05 13:08:00.460000+00:00,35.17,-4.001,0.0,3.3,m,"8 km SSW of Tirhanimîne, Morocco",low
2004-03-05 12:22:27.010000+00:00,35.054,-3.854,0.0,3.7,m,"5 km SSW of Bni Bouayach, Morocco",medium
2004-03-05 08:47:17.890000+00:00,35.178,-3.955,0.0,3.6,m,"6 km S of Tirhanimîne, Morocco",medium
2004-03-05 03:25:32.840000+00:00,35.177,-3.912,0.0,3.2,m,"6 km WNW of Imzouren, Morocco",low
2004-03-05 03:21:13.320000+00:00,35.3,-3.948,0.0,3.1,m,"5 km N of Al Hoceïma, Morocco",low
2004-03-05 03:01:01.800000+00:00,35.28,-4.08,0.0,3.3,m,"12 km WNW of Tirhanimîne, Morocco",low
2004-03-05 01:05:10.810000+00:00,35.544,-3.878,0.0,3.2,m,"32 km N of Al Hoceïma, Morocco",low
2004-03-04 22:24:29.010000+00:00,35.175,-3.952,0.0,4.0,m,"6 km S of Tirhanimîne, Morocco",medium
2004-03-04 22:15:14.320000+00:00,35.15,-3.705,0.1,3.8,m,"13 km E of Imzouren, Morocco",medium
2004-03-04 21:20:02.710000+00:00,35.152,-3.882,0.0,3.1,m,"2 km WNW of Imzouren, Morocco",low
2004-03-04 20:13:02.380000+00:00,35.251,-3.983,0.0,3.2,m,"3 km WNW of Tirhanimîne, Morocco",low
2004-03-04 19:00:38.410000+00:00,35.548,-3.864,0.0,3.2,m,"33 km NNE of Al Hoceïma, Morocco",low
2004-03-04 16:55:28.350000+00:00,35.314,-4.003,0.0,2.6,m,"9 km NW of Al Hoceïma, Morocco",low
2004-03-04 14:16:30.350000+00:00,35.236,-3.891,0.0,4.2,m,"4 km ESE of Al Hoceïma, Morocco",medium
2004-03-04 14:09:49.800000+00:00,35.324,-3.751,0.0,3.6,m,"18 km ENE of Al Hoceïma, Morocco",medium
2004-03-04 11:44:14.200000+00:00,35.174,-3.993,0.0,4.3,m,"7 km SSW of Tirhanimîne, Morocco",medium
2004-03-04 05:46:50.570000+00:00,35.109,-3.975,0.0,3.5,m,"12 km WSW of Imzouren, Morocco",medium
2004-03-04 04:50:08.740000+00:00,35.233,-3.891,0.0,3.1,m,"4 km ESE of Al Hoceïma, Morocco",low
2004-03-04 02:55:09.220000+00:00,35.187,-3.976,0.0,3.6,m,"5 km SSW of Tirhanimîne, Morocco",medium
2004-03-04 01:41:31.470000+00:00,35.015,-4.035,0.0,3.2,m,"20 km WSW of Bni Bouayach, Morocco",low
2004-03-04 00:07:45.190000+00:00,35.372,-3.949,0.0,3.4,m,"13 km N of Al Hoceïma, Morocco",low
2004-03-03 23:19:07.080000+00:00,35.138,-3.963,0.0,3.2,m,"10 km W of Imzouren, Morocco",low
2004-03-03 21:34:14.990000+00:00,35.13,-3.997,0.0,3.9,m,"12 km SSW of Tirhanimîne, Morocco",medium
2004-03-03 19:08:24.560000+00:00,34.96,-3.703,1.9,3.4,m,"15 km W of Midar, Morocco",low
2004-03-03 15:33:49.780000+00:00,35.316,-4.152,0.0,3.7,m,"20 km WNW of Tirhanimîne, Morocco",medium
2004-03-03 09:51:06.670000+00:00,34.752,-3.465,16.6,3.8,m,"21 km SSE of Midar, Morocco",medium
2004-03-03 08:43:08.170000+00:00,35.172,-4.038,0.0,3.1,m,"10 km SW of Tirhanimîne, Morocco",low
2004-03-03 06:40:56.890000+00:00,35.138,-3.961,2.1,3.2,m,"10 km W of Imzouren, Morocco",low
2004-03-03 06:36:48.920000+00:00,35.122,-3.897,0.0,3.9,m,"5 km WSW of Imzouren, Morocco",medium
2004-03-03 06:06:37.650000+00:00,35.159,-4.03,0.0,3.3,m,"10 km SW of Tirhanimîne, Morocco",low
2004-03-03 05:31:58.550000+00:00,34.934,-3.734,0.0,3.5,m,"18 km W of Midar, Morocco",medium
2004-03-03 04:42:07.060000+00:00,35.171,-3.978,0.0,3.2,m,"7 km SSW of Tirhanimîne, Morocco",low
2004-03-03 04:41:09.070000+00:00,35.112,-3.841,0.0,3.1,m,"0 km N of Bni Bouayach, Morocco",low
2004-03-03 04:29:00.870000+00:00,35.175,-4.041,0.0,3.6,m,"10 km SW of Tirhanimîne, Morocco",medium
2004-03-03 03:51:20.720000+00:00,35.196,-3.817,0.0,3.2,m,"6 km NNE of Imzouren, Morocco",low
2004-03-03 03:48:53.990000+00:00,35.125,-3.846,0.0,3.1,m,"2 km NNW of Bni Bouayach, Morocco",low
2004-03-03 01:59:48.770000+00:00,35.183,-3.902,1.8,3.0,m,"6 km NW of Imzouren, Morocco",low
2004-03-03 01:45:22.280000+00:00,35.136,-4.042,10.0,4.5,m,"13 km SW of Tirhanimîne, Morocco",high
2004-03-03 00:45:24+00:00,35.346,-3.945,16.4,3.4,m,"10 km N of Al Hoceïma, Morocco",low
2004-03-02 23:59:54.080000+00:00,35.176,-3.972,0.0,3.0,m,"6 km SSW of Tirhanimîne, Morocco",low
2004-03-02 22:28:04.300000+00:00,35.038,-3.976,0.0,3.0,mblg,"14 km WSW of Bni Bouayach, Morocco",low
2004-03-02 20:36:26.810000+00:00,35.148,-3.867,0.0,4.5,mb,"1 km W of Imzouren, Morocco",high
2004-03-02 17:13:11.800000+00:00,35.01,-4.017,0.9,3.2,m,"19 km WSW of Bni Bouayach, Morocco",low
2004-03-02 14:56:18.350000+00:00,35.083,-3.962,5.2,4.2,m,"11 km WSW of Bni Bouayach, Morocco",medium
2004-03-02 13:52:12.660000+00:00,35.267,-3.979,0.0,3.4,m,"4 km NNW of Tirhanimîne, Morocco",low
2004-03-02 08:57:24.890000+00:00,35.232,-4.15,0.0,2.9,m,"17 km W of Tirhanimîne, Morocco",low
2004-03-02 06:37:36.480000+00:00,35.279,-3.896,17.1,3.3,m,"4 km NE of Al Hoceïma, Morocco",low
2004-03-02 04:11:37.970000+00:00,35.229,-3.978,0.0,2.9,m,"2 km WSW of Tirhanimîne, Morocco",low
2004-03-02 01:57:24.720000+00:00,35.225,-4.033,0.0,2.7,m,"7 km W of Tirhanimîne, Morocco",low
2004-03-02 00:29:55.100000+00:00,35.044,-4.077,0.0,3.2,m,"22 km WSW of Bni Bouayach, Morocco",low
2004-03-01 23:48:55.570000+00:00,35.212,-3.947,0.0,3.0,m,"2 km SSE of Tirhanimîne, Morocco",low
2004-03-01 21:56:43.640000+00:00,35.211,-3.961,0.0,2.8,m,"2 km SSW of Tirhanimîne, Morocco",low
2004-03-01 21:04:06.700000+00:00,35.131,-3.982,0.0,2.0,mblg,"11 km SSW of Tirhanimîne, Morocco",low
2004-03-01 17:49:50.010000+00:00,35.069,-3.993,0.0,2.1,mblg,"14 km WSW of Bni Bouayach, Morocco",low
2004-03-01 14:14:58.090000+00:00,35.253,-3.957,0.0,2.2,mblg,"1 km W of Al Hoceïma, Morocco",low
2004-03-01 13:27:29.500000+00:00,35.323,-4.022,0.0,3.1,m,"11 km NW of Al Hoceïma, Morocco",low
2004-03-01 12:52:19.220000+00:00,35.364,-4.143,0.0,2.9,m,"22 km NW of Tirhanimîne, Morocco",low
2004-03-01 08:16:52.540000+00:00,35.157,-3.98,0.0,3.4,m,"9 km SSW of Tirhanimîne, Morocco",low
2004-03-01 06:43:23.070000+00:00,35.204,-3.938,0.0,3.4,m,"3 km SSE of Tirhanimîne, Morocco",low
2004-03-01 04:59:25.700000+00:00,35.157,-3.954,0.0,4.0,m,"8 km S of Tirhanimîne, Morocco",medium
2004-03-01 04:35:28.440000+00:00,35.113,-3.985,0.0,2.9,m,"12 km WSW of Imzouren, Morocco",low
2004-03-01 03:39:40.280000+00:00,35.225,-3.988,0.0,2.9,m,"3 km WSW of Tirhanimîne, Morocco",low
2004-03-01 02:49:14.970000+00:00,35.183,-3.965,0.0,3.2,m,"5 km S of Tirhanimîne, Morocco",low
2004-03-01 02:18:10.710000+00:00,35.156,-3.956,0.0,4.0,m,"8 km S of Tirhanimîne, Morocco",medium
2004-03-01 01:55:06.100000+00:00,35.139,-3.972,0.5,2.9,m,"10 km S of Tirhanimîne, Morocco",low
2004-03-01 01:49:03.640000+00:00,35.21,-3.974,0.0,2.9,m,"3 km SSW of Tirhanimîne, Morocco",low
2004-03-01 01:20:52.210000+00:00,35.171,-3.995,0.0,3.6,m,"8 km SSW of Tirhanimîne, Morocco",medium
2004-03-01 01:01:45.340000+00:00,35.132,-3.698,0.0,3.2,m,"13 km ENE of Bni Bouayach, Morocco",low
2004-03-01 00:51:17.240000+00:00,35.092,-3.898,15.6,2.8,m,"5 km WSW of Bni Bouayach, Morocco",low
2004-03-01 00:33:59.520000+00:00,35.223,-4.069,0.0,2.8,m,"10 km W of Tirhanimîne, Morocco",low
2004-03-01 00:28:48.980000+00:00,35.128,-3.991,3.3,3.2,m,"12 km SSW of Tirhanimîne, Morocco",low
2004-03-01 00:09:10.700000+00:00,35.115,-3.965,0.0,3.1,m,"10 km WSW of Imzouren, Morocco",low
2004-02-29 22:08:41.220000+00:00,35.121,-4.003,0.2,3.6,m,"13 km SSW of Tirhanimîne, Morocco",medium
2004-02-29 21:04:41.570000+00:00,35.142,-4.036,1.9,3.0,m,"12 km SW of Tirhanimîne, Morocco",low
2004-02-29 20:48:28.050000+00:00,35.118,-3.999,0.0,3.6,m,"13 km SSW of Tirhanimîne, Morocco",medium
2004-02-29 19:06:50.080000+00:00,35.029,-4.097,0.0,2.8,m,"22 km ENE of Targuist, Morocco",low
2004-02-29 18:39:11.030000+00:00,35.053,-3.857,0.0,3.1,m,"5 km SSW of Bni Bouayach, Morocco",low
2004-02-29 13:55:27.980000+00:00,35.117,-3.953,0.0,3.1,m,"9 km WSW of Imzouren, Morocco",low
2004-02-29 12:50:07.960000+00:00,35.064,-4.0,0.0,3.3,m,"15 km WSW of Bni Bouayach, Morocco",low
2004-02-29 12:36:37.210000+00:00,35.066,-3.855,0.0,3.0,m,"4 km SSW of Bni Bouayach, Morocco",low
2004-02-29 11:46:26.890000+00:00,35.262,-3.992,0.0,3.5,m,"4 km NW of Tirhanimîne, Morocco",medium
2004-02-29 11:21:59.590000+00:00,35.225,-3.922,0.0,3.2,m,"3 km ESE of Tirhanimîne, Morocco",low
2004-02-29 11:05:44.550000+00:00,35.11,-3.991,1.1,3.7,m,"13 km WSW of Imzouren, Morocco",medium
2004-02-29 10:40:02.190000+00:00,35.186,-3.85,0.0,3.5,m,"4 km N of Imzouren, Morocco",medium
2004-02-29 10:14:06.910000+00:00,35.087,-3.953,6.7,4.0,m,"10 km W of Bni Bouayach, Morocco",medium
2004-02-29 08:54:50.270000+00:00,35.299,-4.114,0.0,3.5,m,"16 km WNW of Tirhanimîne, Morocco",medium
2004-02-29 07:16:56.720000+00:00,35.211,-3.81,0.0,2.8,m,"8 km NNE of Imzouren, Morocco",low
2004-02-29 05:16:55.070000+00:00,35.012,-4.031,0.0,3.5,m,"20 km WSW of Bni Bouayach, Morocco",medium
2004-02-29 03:38:58.430000+00:00,35.126,-3.983,0.0,3.1,m,"12 km W of Imzouren, Morocco",low
2004-02-29 02:56:55.580000+00:00,35.204,-3.948,0.0,2.8,mblg,"3 km S of Tirhanimîne, Morocco",low
2004-02-29 01:44:00.310000+00:00,35.174,-3.921,0.0,2.0,mblg,"7 km WNW of Imzouren, Morocco",low
2004-02-29 00:29:27.400000+00:00,35.141,-3.986,0.0,3.3,m,"10 km SSW of Tirhanimîne, Morocco",low
2004-02-29 00:17:08.890000+00:00,35.317,-3.944,0.0,2.4,mblg,"7 km N of Al Hoceïma, Morocco",low
2004-02-28 21:15:18.830000+00:00,35.318,-3.992,0.0,3.1,m,"8 km NW of Al Hoceïma, Morocco",low
2004-02-28 21:03:53.320000+00:00,35.224,-3.944,0.0,3.2,m,"1 km SE of Tirhanimîne, Morocco",low
2004-02-28 20:46:38.730000+00:00,35.138,-3.839,0.0,3.2,m,"1 km SE of Imzouren, Morocco",low
2004-02-28 17:51:37.020000+00:00,35.218,-3.96,6.5,3.3,m,"2 km SSW of Tirhanimîne, Morocco",low
2004-02-28 17:35:19.240000+00:00,35.273,-3.887,0.0,3.5,m,"5 km ENE of Al Hoceïma, Morocco",medium
2004-02-28 17:22:00.310000+00:00,35.225,-3.913,15.8,3.5,m,"3 km SE of Al Hoceïma, Morocco",medium
2004-02-28 16:56:04.620000+00:00,34.738,-3.792,10.0,3.0,m,"32 km SW of Midar, Morocco",low
2004-02-28 16:29:25.250000+00:00,35.023,-4.013,23.8,4.2,mb,"18 km WSW of Bni Bouayach, Morocco",medium
2004-02-28 16:20:16.910000+00:00,35.325,-3.635,0.0,3.0,m,"27 km NE of Imzouren, Morocco",low
2004-02-28 15:56:03.530000+00:00,34.713,-3.853,10.0,3.3,m,"38 km SW of Midar, Morocco",low
2004-02-28 14:28:53.190000+00:00,35.223,-3.959,3.3,3.4,m,"1 km SSW of Tirhanimîne, Morocco",low
2004-02-28 13:19:39.570000+00:00,35.36,-3.996,0.0,3.5,m,"13 km NNW of Al Hoceïma, Morocco",medium
2004-02-28 12:34:27.050000+00:00,35.18,-4.083,0.0,3.3,m,"13 km WSW of Tirhanimîne, Morocco",low
2004-02-28 12:21:52.430000+00:00,35.302,-4.094,0.0,2.1,mblg,"14 km WNW of Tirhanimîne, Morocco",low
2004-02-28 12:00:12.090000+00:00,35.181,-4.037,0.0,3.4,m,"9 km SW of Tirhanimîne, Morocco",low
2004-02-28 10:58:44.240000+00:00,35.163,-4.055,0.0,3.0,m,"12 km SW of Tirhanimîne, Morocco",low
2004-02-28 10:13:39.110000+00:00,35.076,-4.054,0.0,2.7,m,"19 km W of Bni Bouayach, Morocco",low
2004-02-28 09:41:52.330000+00:00,35.014,-3.708,0.0,3.0,m,"15 km SE of Bni Bouayach, Morocco",low
2004-02-28 08:12:25+00:00,35.467,-4.083,0.0,2.9,m,"27 km NNW of Al Hoceïma, Morocco",low
2004-02-28 08:09:46+00:00,35.142,-3.994,0.0,3.5,m,"11 km SSW of Tirhanimîne, Morocco",medium
2004-02-28 07:39:15.520000+00:00,35.225,-3.922,0.0,3.5,m,"3 km ESE of Tirhanimîne, Morocco",medium
2004-02-28 07:24:51.580000+00:00,35.292,-3.885,0.0,3.5,m,"6 km NE of Al Hoceïma, Morocco",medium
2004-02-28 05:49:06.550000+00:00,35.161,-3.957,0.0,3.8,m,"8 km S of Tirhanimîne, Morocco",medium
2004-02-28 05:43:41.290000+00:00,35.249,-3.847,0.0,3.4,m,"8 km E of Al Hoceïma, Morocco",low
2004-02-28 00:13:10.930000+00:00,35.105,-3.881,11.3,3.1,m,"3 km W of Bni Bouayach, Morocco",low
2004-02-27 21:30:11.750000+00:00,35.111,-3.93,9.3,3.6,m,"8 km W of Bni Bouayach, Morocco",medium
2004-02-27 20:07:12.310000+00:00,35.318,-4.007,10.0,3.8,m,"9 km NW of Al Hoceïma, Morocco",medium
2004-02-27 20:03:17.170000+00:00,35.259,-3.998,0.0,3.2,m,"4 km WNW of Tirhanimîne, Morocco",low
2004-02-27 18:32:28.470000+00:00,35.404,-3.996,6.9,3.3,m,"17 km NNW of Al Hoceïma, Morocco",low
2004-02-27 17:54:59.720000+00:00,35.156,-3.962,0.0,3.5,m,"8 km S of Tirhanimîne, Morocco",medium
2004-02-27 17:16:24.770000+00:00,35.208,-4.007,0.0,3.3,m,"5 km WSW of Tirhanimîne, Morocco",low
2004-02-27 16:53:44.710000+00:00,35.247,-3.86,13.3,4.0,m,"7 km E of Al Hoceïma, Morocco",medium
2004-02-27 16:50:42.660000+00:00,35.194,-3.927,0.0,4.6,mblg,"5 km SSE of Tirhanimîne, Morocco",high
2004-02-27 15:30:02.870000+00:00,35.239,-3.928,0.0,3.5,m,"1 km SSE of Al Hoceïma, Morocco",medium
2004-02-27 15:26:11.750000+00:00,34.878,-3.918,24.7,3.9,m,"26 km SSW of Bni Bouayach, Morocco",medium
2004-02-27 14:35:14.120000+00:00,35.049,-4.022,0.9,3.6,m,"17 km WSW of Bni Bouayach, Morocco",medium
2004-02-27 12:37:53.610000+00:00,35.388,-4.336,0.0,2.9,m,"38 km WNW of Tirhanimîne, Morocco",low
2004-02-27 12:31:31.250000+00:00,35.311,-4.25,0.0,3.0,m,"28 km WNW of Tirhanimîne, Morocco",low
2004-02-27 12:03:34.710000+00:00,35.207,-3.963,0.0,3.6,m,"3 km SSW of Tirhanimîne, Morocco",medium
2004-02-27 09:59:34.510000+00:00,35.238,-4.149,0.0,3.3,m,"17 km W of Tirhanimîne, Morocco",low
2004-02-27 09:36:33.330000+00:00,35.085,-3.923,0.0,3.9,m,"7 km WSW of Bni Bouayach, Morocco",medium
2004-02-27 08:39:13.590000+00:00,35.189,-4.003,0.0,3.8,m,"6 km SW of Tirhanimîne, Morocco",medium
2004-02-27 08:20:18.780000+00:00,35.174,-4.018,0.0,3.3,m,"9 km SW of Tirhanimîne, Morocco",low
2004-02-27 07:00:31.090000+00:00,35.145,-3.886,0.0,3.2,m,"3 km W of Imzouren, Morocco",low
2004-02-27 06:13:56.810000+00:00,35.196,-4.065,0.0,3.1,m,"11 km WSW of Tirhanimîne, Morocco",low
2004-02-27 06:07:14.160000+00:00,35.197,-4.024,0.0,3.6,m,"7 km SW of Tirhanimîne, Morocco",medium
2004-02-27 05:39:40.880000+00:00,35.228,-3.876,0.0,3.5,m,"6 km ESE of Al Hoceïma, Morocco",medium
2004-02-27 04:15:44.190000+00:00,35.263,-3.885,0.0,3.2,m,"4 km ENE of Al Hoceïma, Morocco",low
2004-02-27 03:33:29.830000+00:00,35.667,-3.982,0.0,2.8,m,"46 km N of Al Hoceïma, Morocco",low
2004-02-27 02:59:17.330000+00:00,35.045,-4.146,0.0,3.1,m,"19 km NE of Targuist, Morocco",low
2004-02-27 02:18:10.430000+00:00,35.27,-3.796,0.0,2.6,m,"13 km E of Al Hoceïma, Morocco",low
2004-02-27 02:16:11.490000+00:00,35.201,-3.958,0.0,3.0,m,"3 km S of Tirhanimîne, Morocco",low
2004-02-27 01:44:11.740000+00:00,35.187,-3.982,0.0,3.7,m,"6 km SSW of Tirhanimîne, Morocco",medium
2004-02-27 01:38:54.100000+00:00,35.081,-3.986,0.0,3.1,m,"13 km WSW of Bni Bouayach, Morocco",low
2004-02-27 01:25:53.050000+00:00,35.174,-4.203,0.0,2.9,m,"23 km WSW of Tirhanimîne, Morocco",low
2004-02-27 00:59:01.020000+00:00,35.098,-4.02,18.5,4.4,mb,"16 km WSW of Imzouren, Morocco",medium
2004-02-27 00:24:40.400000+00:00,35.343,-3.801,0.0,3.3,m,"16 km NE of Al Hoceïma, Morocco",low
2004-02-26 23:48:36.400000+00:00,35.142,-3.842,7.7,3.2,m,"0 km ESE of Imzouren, Morocco",low
2004-02-26 23:02:46.950000+00:00,34.877,-4.04,0.0,3.7,m,"26 km ESE of Targuist, Morocco",medium
2004-02-26 22:47:55.210000+00:00,35.208,-3.886,0.0,3.0,m,"6 km SE of Al Hoceïma, Morocco",low
2004-02-26 22:24:51.960000+00:00,34.597,-3.981,10.0,2.3,m,"43 km N of Taza, Morocco",low
2004-02-26 22:06:16.480000+00:00,35.4,-3.822,0.0,2.8,m,"19 km NNE of Al Hoceïma, Morocco",low
2004-02-26 21:56:58.920000+00:00,35.505,-3.849,0.0,2.9,m,"29 km NNE of Al Hoceïma, Morocco",low
2004-02-26 21:14:08.950000+00:00,34.902,-3.95,22.5,4.0,m,"24 km SSW of Bni Bouayach, Morocco",medium
2004-02-26 20:47:47.020000+00:00,35.0,-3.755,0.0,3.4,m,"14 km SSE of Bni Bouayach, Morocco",low
2004-02-26 20:01:49.010000+00:00,35.058,-3.994,0.0,3.3,m,"14 km WSW of Bni Bouayach, Morocco",low
2004-02-26 19:33:05.220000+00:00,35.007,-3.793,0.0,3.3,m,"11 km SSE of Bni Bouayach, Morocco",low
2004-02-26 19:03:05.410000+00:00,34.81,-4.073,0.0,3.6,m,"26 km ESE of Targuist, Morocco",medium
2004-02-26 18:40:34.780000+00:00,35.005,-3.987,0.0,3.4,m,"17 km SW of Bni Bouayach, Morocco",low
2004-02-26 17:55:47.050000+00:00,35.358,-3.883,0.0,3.0,m,"12 km NNE of Al Hoceïma, Morocco",low
2004-02-26 16:41:20.760000+00:00,35.005,-3.996,0.0,3.4,m,"18 km SW of Bni Bouayach, Morocco",low
2004-02-26 15:57:08.050000+00:00,35.177,-3.942,0.0,3.9,m,"6 km S of Tirhanimîne, Morocco",medium
2004-02-26 12:37:18.430000+00:00,35.219,-3.88,0.0,3.4,m,"6 km SE of Al Hoceïma, Morocco",low
2004-02-26 12:07:04.260000+00:00,35.233,-4.182,10.8,5.0,mwc,"20 km W of Tirhanimîne, Morocco",high
2004-02-26 11:45:42.460000+00:00,35.247,-4.089,0.0,3.2,m,"12 km W of Tirhanimîne, Morocco",low
2004-02-26 09:29:58.870000+00:00,35.086,-4.041,0.0,4.2,m,"18 km W of Bni Bouayach, Morocco",medium
2004-02-26 09:26:20.090000+00:00,35.19,-4.048,0.0,3.4,m,"9 km WSW of Tirhanimîne, Morocco",low
2004-02-26 09:06:01.160000+00:00,35.15,-3.986,0.0,3.8,m,"9 km SSW of Tirhanimîne, Morocco",medium
2004-02-26 06:37:34.650000+00:00,35.071,-4.024,0.0,3.9,m,"17 km WSW of Bni Bouayach, Morocco",medium
2004-02-26 05:54:57.270000+00:00,35.027,-3.998,0.0,3.5,m,"16 km WSW of Bni Bouayach, Morocco",medium
2004-02-26 05:27:14.490000+00:00,35.085,-4.015,0.0,3.2,m,"16 km W of Bni Bouayach, Morocco",low
2004-02-26 05:24:01+00:00,35.204,-4.202,0.0,3.4,m,"22 km W of Tirhanimîne, Morocco",low
2004-02-26 05:18:22.830000+00:00,34.942,-3.813,0.0,3.4,m,"18 km S of Bni Bouayach, Morocco",low
2004-02-26 04:47:14.810000+00:00,34.982,-4.06,0.0,3.0,m,Morocco,low
2004-02-26 04:45:12.210000+00:00,34.904,-3.889,16.1,3.9,m,"22 km SSW of Bni Bouayach, Morocco",medium
2004-02-26 04:15:24.770000+00:00,35.056,-4.023,0.0,3.1,m,"17 km WSW of Bni Bouayach, Morocco",low
2004-02-26 04:10:30.720000+00:00,35.037,-4.038,0.0,3.2,m,"19 km WSW of Bni Bouayach, Morocco",low
2004-02-26 03:31:09.620000+00:00,35.225,-3.983,0.0,3.7,m,"2 km WSW of Tirhanimîne, Morocco",medium
2004-02-26 02:04:51.590000+00:00,35.263,-4.051,0.0,3.2,m,"9 km WNW of Tirhanimîne, Morocco",low
2004-02-26 01:07:20.460000+00:00,35.177,-3.898,0.0,3.1,m,"5 km NW of Imzouren, Morocco",low
2004-02-26 00:48:01.400000+00:00,35.25,-4.167,0.0,3.1,m,"19 km W of Tirhanimîne, Morocco",low
2004-02-26 00:45:41.490000+00:00,35.273,-4.283,0.0,2.8,m,"30 km W of Tirhanimîne, Morocco",low
2004-02-26 00:39:39.420000+00:00,35.195,-3.924,0.0,2.9,m,"5 km SSE of Tirhanimîne, Morocco",low
2004-02-26 00:04:11.120000+00:00,35.189,-3.985,0.0,3.4,m,"5 km SSW of Tirhanimîne, Morocco",low
2004-02-25 23:59:09.790000+00:00,35.213,-3.991,0.0,3.2,m,"4 km SW of Tirhanimîne, Morocco",low
2004-02-25 23:44:48.810000+00:00,35.076,-3.926,10.7,3.4,m,"8 km WSW of Bni Bouayach, Morocco",low
2004-02-25 23:25:35.830000+00:00,35.197,-3.961,0.0,2.9,m,"4 km S of Tirhanimîne, Morocco",low
2004-02-25 23:06:47.800000+00:00,35.258,-3.993,0.0,3.0,m,"4 km NW of Tirhanimîne, Morocco",low
2004-02-25 22:55:43.320000+00:00,35.247,-3.975,2.8,3.7,m,"2 km WNW of Tirhanimîne, Morocco",medium
2004-02-25 22:38:39.040000+00:00,35.166,-3.927,0.0,3.8,m,"7 km WNW of Imzouren, Morocco",medium
2004-02-25 22:14:39.950000+00:00,35.137,-4.016,0.0,3.7,m,"12 km SSW of Tirhanimîne, Morocco",medium
2004-02-25 22:09:38.870000+00:00,35.138,-3.891,0.0,3.6,m,"3 km WSW of Imzouren, Morocco",medium
2004-02-25 21:55:00.980000+00:00,35.173,-3.88,0.0,3.0,m,"3 km NW of Imzouren, Morocco",low
2004-02-25 21:41:55.730000+00:00,35.21,-4.001,0.0,3.6,m,"5 km SW of Tirhanimîne, Morocco",medium
2004-02-25 21:39:34.570000+00:00,35.12,-4.0,0.0,3.5,m,"13 km SSW of Tirhanimîne, Morocco",medium
2004-02-25 20:33:18.510000+00:00,35.229,-4.022,0.0,3.3,m,"6 km W of Tirhanimîne, Morocco",low
2004-02-25 19:56:11.400000+00:00,35.199,-3.859,0.0,3.9,m,"5 km N of Imzouren, Morocco",medium
2004-02-25 19:55:28.090000+00:00,35.257,-3.994,0.0,3.4,m,"4 km WNW of Tirhanimîne, Morocco",low
2004-02-25 19:50:27.090000+00:00,35.293,-4.199,0.0,3.3,m,"23 km WNW of Tirhanimîne, Morocco",low
2004-02-25 19:07:32.630000+00:00,35.199,-3.944,1.4,3.0,m,"4 km SSE of Tirhanimîne, Morocco",low
2004-02-25 18:52:17.180000+00:00,35.32,-4.083,0.0,2.9,m,"14 km NW of Tirhanimîne, Morocco",low
2004-02-25 18:39:42.340000+00:00,35.308,-4.006,0.0,3.3,m,"8 km NW of Al Hoceïma, Morocco",low
2004-02-25 18:33:13.220000+00:00,35.119,-4.008,8.4,3.7,m,"13 km SSW of Tirhanimîne, Morocco",medium
2004-02-25 18:24:17.290000+00:00,35.227,-4.042,0.0,3.6,m,"8 km W of Tirhanimîne, Morocco",medium
2004-02-25 18:00:13.030000+00:00,35.332,-3.972,0.0,3.2,m,"9 km NNW of Al Hoceïma, Morocco",low
2004-02-25 17:39:45.430000+00:00,35.166,-4.0,0.0,3.4,m,"8 km SSW of Tirhanimîne, Morocco",low
2004-02-25 17:33:30.080000+00:00,35.185,-3.962,0.0,3.7,m,"5 km S of Tirhanimîne, Morocco",medium
2004-02-25 17:04:50.380000+00:00,35.146,-3.953,6.4,3.7,m,"9 km W of Imzouren, Morocco",medium
2004-02-25 16:44:43.270000+00:00,35.163,-3.995,0.0,3.5,m,"8 km SSW of Tirhanimîne, Morocco",medium
2004-02-25 16:33:28.810000+00:00,35.17,-3.941,0.0,4.5,m,"7 km S of Tirhanimîne, Morocco",high
2004-02-25 16:29:06.260000+00:00,35.142,-3.968,0.0,3.6,m,"10 km S of Tirhanimîne, Morocco",medium
2004-02-25 16:06:47.300000+00:00,35.172,-3.938,0.0,3.9,m,"7 km SSE of Tirhanimîne, Morocco",medium
2004-02-25 15:55:13.980000+00:00,35.154,-3.93,0.0,3.6,m,"7 km W of Imzouren, Morocco",medium
2004-02-25 15:04:18.100000+00:00,35.08,-3.987,0.0,3.5,m,"13 km WSW of Bni Bouayach, Morocco",medium
2004-02-25 14:39:45.530000+00:00,35.256,-3.949,0.7,3.0,m,"1 km WNW of Al Hoceïma, Morocco",low
2004-02-25 14:33:12.150000+00:00,35.113,-3.768,0.0,2.8,mblg,"6 km E of Bni Bouayach, Morocco",low
2004-02-25 14:25:13.540000+00:00,34.802,-3.622,11.2,3.4,m,"17 km SSW of Midar, Morocco",low
2004-02-25 14:21:18.470000+00:00,35.317,-3.896,0.0,3.3,m,"8 km NNE of Al Hoceïma, Morocco",low
2004-02-25 14:18:27.690000+00:00,35.257,-3.725,0.0,3.0,m,"16 km NE of Imzouren, Morocco",low
2004-02-25 14:04:45.860000+00:00,35.262,-4.025,0.0,3.2,m,"7 km WNW of Tirhanimîne, Morocco",low
2004-02-25 13:16:19.680000+00:00,34.758,-3.842,10.0,3.8,m,"34 km SW of Midar, Morocco",medium
2004-02-25 13:06:04.410000+00:00,35.186,-4.031,0.0,2.0,mblg,"8 km SW of Tirhanimîne, Morocco",low
2004-02-25 12:44:57.450000+00:00,35.278,-4.113,10.1,5.3,mwc,"15 km WNW of Tirhanimîne, Morocco",high
2004-02-25 12:22:51.410000+00:00,35.162,-3.925,0.0,3.4,m,"6 km WNW of Imzouren, Morocco",low
2004-02-25 11:31:11.660000+00:00,35.153,-3.975,0.0,3.5,m,"9 km SSW of Tirhanimîne, Morocco",medium
2004-02-25 10:05:19.420000+00:00,35.171,-4.047,0.0,4.4,m,"11 km SW of Tirhanimîne, Morocco",medium
2004-02-25 08:09:14.360000+00:00,35.347,-3.932,0.0,3.2,m,"10 km N of Al Hoceïma, Morocco",low
2004-02-25 07:45:43.750000+00:00,35.223,-3.936,0.0,3.5,m,"2 km SE of Tirhanimîne, Morocco",medium
2004-02-25 07:34:01.700000+00:00,35.285,-3.94,0.0,4.1,m,"3 km N of Al Hoceïma, Morocco",medium
2004-02-25 07:24:53.800000+00:00,35.222,-3.977,0.0,4.1,m,"2 km SW of Tirhanimîne, Morocco",medium
2004-02-25 07:20:00.630000+00:00,35.282,-3.977,0.0,3.3,m,"4 km NW of Al Hoceïma, Morocco",low
2004-02-25 05:42:53.180000+00:00,35.24,-3.856,0.0,2.2,mblg,"7 km E of Al Hoceïma, Morocco",low
2004-02-25 05:21:14.310000+00:00,35.122,-3.931,0.0,4.5,mb,"7 km WSW of Imzouren, Morocco",high
2004-02-25 05:14:13.310000+00:00,35.35,-3.846,0.0,2.4,mblg,"13 km NE of Al Hoceïma, Morocco",low
2004-02-25 05:02:39.350000+00:00,35.158,-4.013,0.0,2.7,mblg,"10 km SSW of Tirhanimîne, Morocco",low
2004-02-25 04:51:37.920000+00:00,35.3,-4.022,0.0,3.2,m,"9 km NW of Tirhanimîne, Morocco",low
2004-02-25 04:48:05.860000+00:00,35.274,-3.939,0.0,3.3,m,"2 km N of Al Hoceïma, Morocco",low
2004-02-25 04:11:31.590000+00:00,35.108,-3.984,0.0,4.0,m,"12 km WSW of Imzouren, Morocco",medium
2004-02-25 04:09:57.540000+00:00,35.182,-3.806,0.0,3.4,m,"5 km NE of Imzouren, Morocco",low
2004-02-25 04:00:26.460000+00:00,35.174,-3.963,0.0,3.3,m,"6 km S of Tirhanimîne, Morocco",low
2004-02-25 03:51:41.460000+00:00,35.11,-3.986,0.0,3.5,m,"12 km WSW of Imzouren, Morocco",medium
2004-02-25 03:20:49.980000+00:00,35.29,-3.942,0.0,3.1,m,"4 km N of Al Hoceïma, Morocco",low
2004-02-25 03:16:45.080000+00:00,35.216,-3.965,0.0,3.3,m,"2 km SSW of Tirhanimîne, Morocco",low
2004-02-25 02:57:14.940000+00:00,35.216,-3.878,0.0,3.7,m,"6 km SE of Al Hoceïma, Morocco",medium
2004-02-25 02:56:00.230000+00:00,35.215,-4.099,0.0,3.4,m,"13 km W of Tirhanimîne, Morocco",low
2004-02-25 02:46:56.910000+00:00,35.286,-4.076,0.0,2.8,m,"12 km WNW of Tirhanimîne, Morocco",low
2004-02-25 02:27:36.410000+00:00,35.158,-3.987,0.0,3.1,m,"9 km SSW of Tirhanimîne, Morocco",low
2004-02-25 02:18:19.560000+00:00,35.225,-3.909,0.0,3.3,m,"3 km SE of Al Hoceïma, Morocco",low
2004-02-25 02:03:34.420000+00:00,35.208,-3.781,0.0,3.2,m,"9 km NE of Imzouren, Morocco",low
2004-02-25 01:49:49.690000+00:00,35.279,-3.943,0.0,3.1,m,"3 km N of Al Hoceïma, Morocco",low
2004-02-25 01:37:21.260000+00:00,35.201,-3.924,11.6,3.5,m,"4 km SE of Tirhanimîne, Morocco",medium
2004-02-25 01:34:23.010000+00:00,35.287,-3.96,0.0,3.1,m,"4 km NNW of Al Hoceïma, Morocco",low
2004-02-25 00:57:11.560000+00:00,34.658,-3.774,10.0,3.1,m,"38 km SW of Midar, Morocco",low
2004-02-25 00:46:30.960000+00:00,35.225,-3.981,1.6,3.2,m,"2 km WSW of Tirhanimîne, Morocco",low
2004-02-25 00:30:59.260000+00:00,35.192,-3.978,0.0,3.0,m,"5 km SSW of Tirhanimîne, Morocco",low
2004-02-25 00:13:31.480000+00:00,35.178,-3.97,0.9,4.0,m,"6 km SSW of Tirhanimîne, Morocco",medium
2004-02-25 00:11:14.210000+00:00,35.157,-4.065,5.6,4.1,m,"13 km SW of Tirhanimîne, Morocco",medium
2004-02-24 23:58:47.090000+00:00,35.177,-3.836,14.4,4.0,m,"3 km NNE of Imzouren, Morocco",medium
2004-02-24 23:51:14.230000+00:00,35.249,-3.85,0.0,3.0,m,"7 km E of Al Hoceïma, Morocco",low
2004-02-24 23:38:31.890000+00:00,35.132,-3.952,7.2,3.2,m,"9 km W of Imzouren, Morocco",low
2004-02-24 23:18:32.290000+00:00,35.259,-3.984,0.0,3.7,m,"3 km NW of Tirhanimîne, Morocco",medium
2004-02-24 23:17:32.880000+00:00,35.147,-3.98,0.0,3.2,m,"10 km SSW of Tirhanimîne, Morocco",low
2004-02-24 23:15:43.870000+00:00,35.123,-3.929,1.1,3.8,m,"7 km WSW of Imzouren, Morocco",medium
2004-02-24 22:43:48.700000+00:00,35.145,-4.005,0.0,3.3,m,"11 km SSW of Tirhanimîne, Morocco",low
2004-02-24 22:30:15.120000+00:00,35.313,-4.039,1.9,3.4,m,"11 km NW of Tirhanimîne, Morocco",low
2004-02-24 22:28:40.660000+00:00,35.246,-3.848,0.0,3.4,m,"8 km E of Al Hoceïma, Morocco",low
2004-02-24 22:24:12.180000+00:00,34.691,-3.79,10.0,3.2,m,"36 km SW of Midar, Morocco",low
2004-02-24 22:19:02.250000+00:00,35.316,-3.891,6.2,3.4,m,"8 km NNE of Al Hoceïma, Morocco",low
2004-02-24 22:05:11.710000+00:00,35.181,-3.952,0.0,3.0,m,"6 km S of Tirhanimîne, Morocco",low
2004-02-24 21:54:49.350000+00:00,35.286,-3.941,0.0,3.8,m,"3 km N of Al Hoceïma, Morocco",medium
2004-02-24 21:44:00.910000+00:00,35.24,-3.982,0.0,3.1,m,"2 km W of Tirhanimîne, Morocco",low
2004-02-24 21:35:12.160000+00:00,35.211,-3.915,0.0,3.5,m,"4 km SE of Tirhanimîne, Morocco",medium
2004-02-24 21:32:32.800000+00:00,35.23,-4.021,0.1,3.3,m,"6 km W of Tirhanimîne, Morocco",low
2004-02-24 21:31:36.850000+00:00,35.211,-4.027,0.0,3.2,m,"7 km WSW of Tirhanimîne, Morocco",low
2004-02-24 21:21:14.200000+00:00,35.342,-3.741,0.0,3.2,m,"20 km ENE of Al Hoceïma, Morocco",low
2004-02-24 21:12:42.490000+00:00,35.236,-3.829,1.0,3.0,m,"10 km E of Al Hoceïma, Morocco",low
2004-02-24 21:00:50.770000+00:00,35.092,-3.96,0.0,3.9,m,"11 km W of Bni Bouayach, Morocco",medium
2004-02-24 21:00:01.670000+00:00,35.191,-3.977,0.0,3.3,m,"5 km SSW of Tirhanimîne, Morocco",low
2004-02-24 20:56:55.660000+00:00,35.282,-3.897,2.7,3.5,m,"4 km NE of Al Hoceïma, Morocco",medium
2004-02-24 20:53:52.300000+00:00,35.144,-3.935,8.5,3.6,m,"7 km W of Imzouren, Morocco",medium
2004-02-24 20:37:02.250000+00:00,35.115,-3.952,6.0,4.7,m,"9 km WSW of Imzouren, Morocco",high
2004-02-24 20:22:50.130000+00:00,34.938,-3.847,10.0,3.6,m,"18 km S of Bni Bouayach, Morocco",medium
2004-02-24 20:19:07.300000+00:00,35.196,-3.969,0.0,3.1,m,"4 km SSW of Tirhanimîne, Morocco",low
2004-02-24 19:55:43.430000+00:00,35.358,-3.93,5.2,3.5,m,"11 km N of Al Hoceïma, Morocco",medium
2004-02-24 18:53:02.480000+00:00,35.077,-3.905,9.5,4.8,mb,"6 km WSW of Bni Bouayach, Morocco",high
2004-02-24 18:43:53.100000+00:00,35.17,-3.996,0.0,3.3,m,"8 km SSW of Tirhanimîne, Morocco",low
2004-02-24 18:40:41.210000+00:00,35.137,-3.994,0.0,3.4,m,"11 km SSW of Tirhanimîne, Morocco",low
2004-02-24 18:34:06.060000+00:00,35.167,-3.927,8.8,3.0,mblg,"7 km WNW of Imzouren, Morocco",low
2004-02-24 18:27:41.030000+00:00,35.206,-4.013,0.0,3.6,m,"6 km WSW of Tirhanimîne, Morocco",medium
2004-02-24 18:21:55.100000+00:00,35.217,-3.892,0.0,3.1,m,"5 km SE of Al Hoceïma, Morocco",low
2004-02-24 18:12:43.230000+00:00,35.196,-4.034,0.0,3.3,m,"8 km WSW of Tirhanimîne, Morocco",low
2004-02-24 18:05:06.600000+00:00,35.157,-3.984,3.1,3.3,m,"9 km SSW of Tirhanimîne, Morocco",low
2004-02-24 17:38:08.330000+00:00,35.262,-3.991,2.0,3.3,m,"4 km NW of Tirhanimîne, Morocco",low
2004-02-24 17:25:53.050000+00:00,35.176,-4.008,0.0,3.2,m,"8 km SW of Tirhanimîne, Morocco",low
2004-02-24 17:19:57.980000+00:00,35.213,-3.986,0.0,3.5,m,"3 km SW of Tirhanimîne, Morocco",medium
2004-02-24 16:57:41.930000+00:00,35.204,-3.997,0.0,3.5,m,"5 km SW of Tirhanimîne, Morocco",medium
2004-02-24 16:47:03.170000+00:00,35.291,-3.965,0.0,3.4,m,"5 km NNW of Al Hoceïma, Morocco",low
2004-02-24 16:42:12.290000+00:00,35.055,-4.078,26.0,4.3,mb,"22 km WSW of Bni Bouayach, Morocco",medium
2004-02-24 16:25:43.930000+00:00,35.14,-4.018,10.1,3.9,m,"12 km SSW of Tirhanimîne, Morocco",medium
2004-02-24 16:14:32.690000+00:00,35.205,-3.989,0.0,3.4,m,"4 km SW of Tirhanimîne, Morocco",low
2004-02-24 16:08:49.720000+00:00,35.252,-3.927,8.7,3.3,m,"0 km E of Al Hoceïma, Morocco",low
2004-02-24 16:02:49.680000+00:00,35.313,-4.011,0.0,3.6,m,"9 km NW of Al Hoceïma, Morocco",medium
2004-02-24 15:58:05.500000+00:00,35.226,-4.037,0.0,3.2,m,"7 km W of Tirhanimîne, Morocco",low
2004-02-24 15:42:16.510000+00:00,35.201,-3.995,0.0,4.0,m,"5 km SW of Tirhanimîne, Morocco",medium
2004-02-24 15:35:14.640000+00:00,35.127,-3.943,0.0,3.5,m,"8 km WSW of Imzouren, Morocco",medium
2004-02-24 14:56:08.040000+00:00,35.232,-4.046,0.0,3.8,m,"8 km W of Tirhanimîne, Morocco",medium
2004-02-24 14:30:26.740000+00:00,35.268,-3.938,0.0,2.1,mblg,"1 km N of Al Hoceïma, Morocco",low
2004-02-24 14:12:42.770000+00:00,35.232,-4.012,0.0,2.3,mblg,"5 km W of Tirhanimîne, Morocco",low
2004-02-24 14:10:58.500000+00:00,35.127,-3.983,0.0,4.1,m,"12 km W of Imzouren, Morocco",medium
2004-02-24 14:06:13.950000+00:00,35.185,-3.935,0.0,3.8,m,"5 km SSE of Tirhanimîne, Morocco",medium
2004-02-24 13:43:33.780000+00:00,35.152,-3.966,6.7,3.9,m,"9 km S of Tirhanimîne, Morocco",medium
2004-02-24 13:32:24.870000+00:00,35.269,-4.102,0.0,3.4,m,"13 km WNW of Tirhanimîne, Morocco",low
2004-02-24 13:29:22.170000+00:00,35.258,-4.009,0.0,3.7,m,"5 km WNW of Tirhanimîne, Morocco",medium
2004-02-24 13:24:19.430000+00:00,35.247,-3.934,0.0,3.1,m,"0 km SSE of Al Hoceïma, Morocco",low
2004-02-24 13:23:22.440000+00:00,35.283,-4.101,0.0,3.0,m,"14 km WNW of Tirhanimîne, Morocco",low
2004-02-24 13:09:45.810000+00:00,35.235,-3.947,0.0,3.8,m,"0 km E of Tirhanimîne, Morocco",medium
2004-02-24 13:03:14.010000+00:00,35.235,-3.873,7.9,3.7,m,"6 km ESE of Al Hoceïma, Morocco",medium
2004-02-24 12:07:23.880000+00:00,35.185,-3.95,0.0,3.7,m,"5 km S of Tirhanimîne, Morocco",medium
2004-02-24 11:51:51.540000+00:00,35.213,-3.885,11.2,3.9,m,"6 km SE of Al Hoceïma, Morocco",medium
2004-02-24 11:31:41.180000+00:00,35.205,-3.971,0.0,3.9,m,"3 km SSW of Tirhanimîne, Morocco",medium
2004-02-24 11:25:09.280000+00:00,35.226,-3.893,1.6,3.8,m,"4 km SE of Al Hoceïma, Morocco",medium
2004-02-24 11:13:10.530000+00:00,35.311,-3.903,0.0,3.8,m,"7 km NNE of Al Hoceïma, Morocco",medium
2004-02-24 11:04:44.400000+00:00,35.176,-4.083,0.0,4.4,mb,"13 km WSW of Tirhanimîne, Morocco",medium
2004-02-24 10:55:35.950000+00:00,35.247,-3.995,0.0,3.5,m,"3 km WNW of Tirhanimîne, Morocco",medium
2004-02-24 10:50:33.080000+00:00,35.158,-3.987,0.0,3.7,m,"9 km SSW of Tirhanimîne, Morocco",medium
2004-02-24 10:46:58.290000+00:00,35.164,-3.887,1.6,3.7,m,"3 km WNW of Imzouren, Morocco",medium
2004-02-24 10:10:22.230000+00:00,35.159,-3.9,0.0,4.0,m,"4 km WNW of Imzouren, Morocco",medium
2004-02-24 10:01:02.810000+00:00,35.032,-3.958,0.0,3.3,m,"13 km SW of Bni Bouayach, Morocco",low
2004-02-24 09:59:18.700000+00:00,35.313,-3.856,5.9,3.2,m,"10 km NE of Al Hoceïma, Morocco",low
2004-02-24 09:47:17.840000+00:00,35.311,-3.928,1.6,3.6,m,"6 km N of Al Hoceïma, Morocco",medium
2004-02-24 09:45:12.780000+00:00,35.243,-3.8,0.0,3.4,m,"11 km NNE of Imzouren, Morocco",low
2004-02-24 09:34:32.100000+00:00,35.238,-3.948,7.0,4.1,m,"0 km ENE of Tirhanimîne, Morocco",medium
2004-02-24 09:25:51.760000+00:00,35.33,-4.012,0.0,2.8,m,"11 km NW of Al Hoceïma, Morocco",low
2004-02-24 09:14:17.120000+00:00,35.185,-4.023,0.0,3.2,m,"8 km SW of Tirhanimîne, Morocco",low
2004-02-24 09:11:27.510000+00:00,35.21,-3.974,0.0,3.3,m,"3 km SSW of Tirhanimîne, Morocco",low
2004-02-24 09:10:16.790000+00:00,35.247,-3.994,0.0,3.4,m,"3 km WNW of Tirhanimîne, Morocco",low
2004-02-24 09:01:51.060000+00:00,35.174,-3.976,0.0,4.6,m,"7 km SSW of Tirhanimîne, Morocco",high
2004-02-24 08:58:58.280000+00:00,35.382,-2.004,0.0,3.3,m,"39 km NNE of Saidia, Morocco",low
2004-02-24 08:55:32.820000+00:00,35.271,-3.976,0.0,3.1,m,"4 km WNW of Al Hoceïma, Morocco",low
2004-02-24 08:44:37.550000+00:00,35.215,-3.975,0.0,3.7,m,"3 km SW of Tirhanimîne, Morocco",medium
2004-02-24 08:36:17.610000+00:00,35.302,-3.991,0.0,3.2,m,"7 km NW of Al Hoceïma, Morocco",low
2004-02-24 08:33:28.040000+00:00,35.254,-3.967,0.0,3.5,m,"2 km NNW of Tirhanimîne, Morocco",medium
2004-02-24 08:16:47.380000+00:00,35.115,-3.952,0.0,3.8,m,"9 km WSW of Imzouren, Morocco",medium
2004-02-24 08:11:44.910000+00:00,35.115,-3.94,0.0,3.3,m,"8 km WSW of Imzouren, Morocco",low
2004-02-24 08:09:05.130000+00:00,35.314,-3.954,0.0,3.3,m,"7 km NNW of Al Hoceïma, Morocco",low
2004-02-24 08:05:27.370000+00:00,35.301,-4.016,0.0,3.4,m,"9 km NW of Al Hoceïma, Morocco",low
2004-02-24 07:54:09+00:00,35.187,-3.927,0.0,3.1,m,"6 km SSE of Tirhanimîne, Morocco",low
2004-02-24 07:38:49.160000+00:00,35.045,-3.9,26.1,4.4,m,"8 km SW of Bni Bouayach, Morocco",medium
2004-02-24 07:28:25.070000+00:00,35.294,-3.838,5.4,3.6,m,"10 km ENE of Al Hoceïma, Morocco",medium
2004-02-24 07:21:35.650000+00:00,35.243,-4.016,0.0,3.7,m,"5 km W of Tirhanimîne, Morocco",medium
2004-02-24 07:16:16.990000+00:00,35.315,-2.141,0.0,3.5,m,"27 km NNE of Saidia, Morocco",medium
2004-02-24 07:07:59.770000+00:00,35.244,-4.002,0.0,4.0,m,"4 km WNW of Tirhanimîne, Morocco",medium
2004-02-24 07:04:05.630000+00:00,35.264,-3.97,0.0,3.2,m,"3 km WNW of Al Hoceïma, Morocco",low
2004-02-24 07:02:12.780000+00:00,35.278,-3.956,0.0,3.5,m,"3 km NNW of Al Hoceïma, Morocco",medium
2004-02-24 07:00:13.200000+00:00,35.175,-4.009,0.0,3.9,m,"8 km SW of Tirhanimîne, Morocco",medium
2004-02-24 06:50:32.680000+00:00,35.224,-4.012,0.0,3.7,m,"5 km WSW of Tirhanimîne, Morocco",medium
2004-02-24 06:41:57.450000+00:00,35.377,-4.094,0.0,3.5,m,"19 km NW of Al Hoceïma, Morocco",medium
2004-02-24 06:38:04.380000+00:00,35.195,-4.021,0.0,3.6,m,"7 km SW of Tirhanimîne, Morocco",medium
2004-02-24 06:34:28.100000+00:00,35.227,-4.077,0.0,3.2,mblg,"11 km W of Tirhanimîne, Morocco",low
2004-02-24 06:30:31.300000+00:00,35.206,-3.994,0.0,3.5,m,"4 km SW of Tirhanimîne, Morocco",medium
2004-02-24 06:20:19.420000+00:00,35.291,-3.894,0.0,4.3,m,"5 km NE of Al Hoceïma, Morocco",medium
2004-02-24 06:19:52.080000+00:00,35.189,-3.996,0.0,3.6,m,"6 km SW of Tirhanimîne, Morocco",medium
2004-02-24 06:17:52.090000+00:00,35.226,-4.014,1.5,3.6,m,"5 km WSW of Tirhanimîne, Morocco",medium
2004-02-24 06:16:06.360000+00:00,35.276,-3.99,4.3,3.9,m,"5 km NW of Tirhanimîne, Morocco",medium
2004-02-24 06:12:57.380000+00:00,35.186,-3.992,0.0,3.5,m,"6 km SSW of Tirhanimîne, Morocco",medium
2004-02-24 06:10:34.300000+00:00,35.179,-3.924,0.0,3.4,m,"6 km SSE of Tirhanimîne, Morocco",low
2004-02-24 06:10:22.830000+00:00,35.329,-3.934,0.0,2.7,m,"8 km N of Al Hoceïma, Morocco",low
2004-02-24 06:07:52.890000+00:00,35.228,-3.936,1.6,3.1,m,"1 km ESE of Tirhanimîne, Morocco",low
2004-02-24 06:06:07.880000+00:00,35.229,-3.991,3.3,3.7,m,"3 km WSW of Tirhanimîne, Morocco",medium
2004-02-24 06:05:21.400000+00:00,35.169,-3.978,0.0,3.2,m,"7 km SSW of Tirhanimîne, Morocco",low
2004-02-24 06:03:00.180000+00:00,35.132,-4.004,0.0,3.5,m,"12 km SSW of Tirhanimîne, Morocco",medium
2004-02-24 06:01:33.010000+00:00,35.191,-3.961,0.0,3.2,m,"5 km S of Tirhanimîne, Morocco",low
2004-02-24 05:57:19.520000+00:00,35.26,-3.97,0.0,2.2,mblg,"2 km NNW of Tirhanimîne, Morocco",low
2004-02-24 05:54:09.540000+00:00,35.178,-3.974,0.0,3.0,m,"6 km SSW of Tirhanimîne, Morocco",low
2004-02-24 05:53:11.930000+00:00,35.229,-3.992,0.0,2.9,m,"3 km WSW of Tirhanimîne, Morocco",low
2004-02-24 05:50:16.020000+00:00,35.266,-3.998,0.0,3.3,m,"5 km NW of Tirhanimîne, Morocco",low
2004-02-24 05:44:48.630000+00:00,35.202,-3.921,0.0,3.4,m,"4 km SE of Tirhanimîne, Morocco",low
2004-02-24 05:41:35.010000+00:00,35.242,-3.927,0.0,3.7,m,"1 km SE of Al Hoceïma, Morocco",medium
2004-02-24 05:36:18.810000+00:00,35.194,-3.882,0.0,3.5,m,"6 km NNW of Imzouren, Morocco",medium
2004-02-24 05:34:27.070000+00:00,35.204,-3.961,0.0,3.7,m,"3 km S of Tirhanimîne, Morocco",medium
2004-02-24 05:32:48.190000+00:00,35.258,-3.955,2.5,2.7,mblg,"1 km WNW of Al Hoceïma, Morocco",low
2004-02-24 05:23:15.380000+00:00,35.182,-4.023,0.0,3.2,m,"8 km SW of Tirhanimîne, Morocco",low
2004-02-24 05:20:51.460000+00:00,35.148,-3.872,10.3,2.9,m,"1 km W of Imzouren, Morocco",low
2004-02-24 05:18:28.830000+00:00,35.408,-3.554,18.8,2.6,mblg,"38 km ENE of Al Hoceïma, Morocco",low
2004-02-24 05:16:37.200000+00:00,35.168,-3.959,0.0,3.1,m,"7 km S of Tirhanimîne, Morocco",low
2004-02-24 05:08:30.490000+00:00,35.258,-3.821,0.0,2.0,mblg,"10 km E of Al Hoceïma, Morocco",low
2004-02-24 05:04:59.700000+00:00,35.14,-3.979,0.0,2.7,mblg,"10 km SSW of Tirhanimîne, Morocco",low
2004-02-24 05:01:26.330000+00:00,35.236,-3.922,0.0,3.3,m,"2 km SE of Al Hoceïma, Morocco",low
2004-02-24 04:59:46.980000+00:00,35.258,-3.922,0.0,3.4,m,"1 km ENE of Al Hoceïma, Morocco",low
2004-02-24 04:58:27.240000+00:00,35.098,-3.961,0.0,3.3,m,"11 km W of Bni Bouayach, Morocco",low
2004-02-24 04:55:36.120000+00:00,35.201,-3.952,0.0,4.2,m,"3 km S of Tirhanimîne, Morocco",medium
2004-02-24 04:50:55.980000+00:00,35.209,-3.845,0.0,2.3,mblg,"6 km N of Imzouren, Morocco",low
2004-02-24 04:45:05.620000+00:00,35.135,-3.993,0.0,2.7,mblg,"11 km SSW of Tirhanimîne, Morocco",low
2004-02-24 04:42:57.040000+00:00,35.226,-3.884,0.0,2.8,m,"5 km ESE of Al Hoceïma, Morocco",low
2004-02-24 04:39:28.190000+00:00,35.1,-4.02,0.0,2.7,mblg,"16 km SSW of Tirhanimîne, Morocco",low
2004-02-24 04:32:42.800000+00:00,35.23,-4.016,0.0,3.3,mblg,"5 km W of Tirhanimîne, Morocco",low
2004-02-24 04:32:23.050000+00:00,35.204,-3.966,0.0,3.6,m,"3 km SSW of Tirhanimîne, Morocco",medium
2004-02-24 04:31:14.290000+00:00,35.104,-3.953,0.0,2.3,mblg,"10 km W of Bni Bouayach, Morocco",low
2004-02-24 04:29:40.480000+00:00,35.2,-3.995,0.0,3.0,m,"5 km SW of Tirhanimîne, Morocco",low
2004-02-24 04:27:45.440000+00:00,35.221,-3.985,0.0,2.8,m,"3 km WSW of Tirhanimîne, Morocco",low
2004-02-24 04:24:56.660000+00:00,35.181,-3.987,0.0,3.4,m,"6 km SSW of Tirhanimîne, Morocco",low
2004-02-24 04:22:58.830000+00:00,35.149,-3.918,0.0,2.8,mblg,"6 km W of Imzouren, Morocco",low
2004-02-24 04:18:39.720000+00:00,35.123,-3.998,0.0,3.7,m,"13 km SSW of Tirhanimîne, Morocco",medium
2004-02-24 04:16:52.680000+00:00,35.273,-4.009,11.8,4.1,m,"6 km NW of Tirhanimîne, Morocco",medium
2004-02-24 04:16:27.560000+00:00,35.252,-3.957,0.0,3.6,m,"1 km N of Tirhanimîne, Morocco",medium
2004-02-24 04:13:52.680000+00:00,35.082,-3.928,0.0,4.1,mb,"8 km WSW of Bni Bouayach, Morocco",medium
2004-02-24 04:06:37.400000+00:00,35.103,-3.996,0.0,3.4,mblg,"14 km WSW of Imzouren, Morocco",low
2004-02-24 04:04:47.780000+00:00,35.341,-3.856,0.0,2.4,mblg,"12 km NE of Al Hoceïma, Morocco",low
2004-02-24 04:00:30.220000+00:00,35.191,-3.979,0.0,2.6,mblg,"5 km SSW of Tirhanimîne, Morocco",low
2004-02-24 03:57:04.310000+00:00,35.054,-3.971,0.0,2.9,mblg,"13 km WSW of Bni Bouayach, Morocco",low
2004-02-24 03:53:56.970000+00:00,35.056,-4.026,0.0,3.2,mblg,"17 km WSW of Bni Bouayach, Morocco",low
2004-02-24 03:43:23.900000+00:00,35.144,-4.051,0.0,4.3,m,"13 km SW of Tirhanimîne, Morocco",medium
2004-02-24 03:37:45.280000+00:00,35.344,-3.578,23.0,4.0,m,"33 km NE of Imzouren, Morocco",medium
2004-02-24 03:27:14.950000+00:00,35.194,-3.979,2.3,4.4,m,"5 km SSW of Tirhanimîne, Morocco",medium
2004-02-24 03:25:10.680000+00:00,35.026,-3.932,27.5,3.8,m,"12 km SW of Bni Bouayach, Morocco",medium
2004-02-24 03:17:40.790000+00:00,34.683,-4.051,16.7,4.7,m,"37 km SE of Targuist, Morocco",high
2004-02-24 03:11:27.220000+00:00,35.106,-3.925,0.7,3.6,m,"7 km W of Bni Bouayach, Morocco",medium
2004-02-24 03:10:13.180000+00:00,35.224,-3.933,11.5,3.6,m,"2 km SE of Tirhanimîne, Morocco",medium
2004-02-24 03:08:26.510000+00:00,35.194,-3.858,0.0,3.7,m,"5 km N of Imzouren, Morocco",medium
2004-02-24 03:06:22.040000+00:00,35.322,-3.934,0.0,4.2,m,"7 km N of Al Hoceïma, Morocco",medium
2004-02-24 02:59:03.120000+00:00,35.25,-3.984,0.0,4.2,mb,"3 km WNW of Tirhanimîne, Morocco",medium
2004-02-24 02:55:48.240000+00:00,35.244,-3.898,0.0,2.5,mblg,"3 km ESE of Al Hoceïma, Morocco",low
2004-02-24 02:51:04.500000+00:00,35.184,-3.918,0.0,2.8,mblg,"6 km SSE of Tirhanimîne, Morocco",low
2004-02-24 02:48:02.170000+00:00,35.084,-3.941,0.5,4.7,m,"9 km WSW of Bni Bouayach, Morocco",high
2004-02-24 02:43:03.950000+00:00,35.222,-3.943,0.0,2.6,mblg,"1 km SSE of Tirhanimîne, Morocco",low
2004-02-24 02:41:10.530000+00:00,35.254,-4.055,0.0,3.7,m,"9 km WNW of Tirhanimîne, Morocco",medium
2004-02-24 02:39:00.610000+00:00,35.18,-3.921,10.6,4.4,m,"6 km SSE of Tirhanimîne, Morocco",medium
2004-02-24 02:37:56.540000+00:00,35.274,-4.098,2.8,4.3,m,"13 km WNW of Tirhanimîne, Morocco",medium
2004-02-24 02:36:40.060000+00:00,35.2,-3.863,8.3,3.8,mblg,"6 km N of Imzouren, Morocco",medium
2004-02-24 02:35:12.390000+00:00,35.135,-4.111,17.0,2.6,mblg,"18 km SW of Tirhanimîne, Morocco",low
2004-02-24 02:32:18.300000+00:00,35.173,-3.955,0.0,4.7,m,"7 km S of Tirhanimîne, Morocco",high
2004-02-24 02:31:19.280000+00:00,35.277,-3.936,0.0,4.5,m,"2 km N of Al Hoceïma, Morocco",high
2004-02-24 02:27:46.230000+00:00,35.142,-3.997,0.0,6.4,mwb,"11 km SSW of Tirhanimîne, Morocco",high
2004-02-16 16:43:59.060000+00:00,34.506,-5.276,10.0,2.8,mblg,"42 km SE of Ouezzane, Morocco",low
2004-02-13 04:53:20.310000+00:00,35.671,-4.638,70.0,2.7,m,"58 km E of Martil, Morocco",low
2004-02-10 21:21:36.840000+00:00,35.337,-5.911,25.0,2.3,mblg,"18 km SE of Asilah, Morocco",low
2004-01-25 13:46:51.750000+00:00,35.28,-4.17,0.0,2.5,mblg,"20 km WNW of Tirhanimîne, Morocco",low
2004-01-15 07:32:29.900000+00:00,30.953,-8.688,20.0,4.1,mb,"56 km NNE of Taroudant, Morocco",medium
2004-01-04 21:04:19.900000+00:00,35.652,-2.185,0.0,2.0,mblg,"63 km N of Saidia, Morocco",low
2003-12-19 15:45:54.830000+00:00,35.489,-3.751,0.0,2.3,mblg,"31 km NNE of Al Hoceïma, Morocco",low
2003-10-26 12:20:06.050000+00:00,35.391,-3.877,0.0,2.0,mblg,"16 km NNE of Al Hoceïma, Morocco",low
2003-10-16 15:27:01.690000+00:00,35.23,-4.488,0.0,2.4,mblg,"35 km NNW of Targuist, Morocco",low
2003-10-15 22:18:50.190000+00:00,35.205,-4.052,0.0,2.1,mblg,"9 km WSW of Tirhanimîne, Morocco",low
2003-09-25 17:16:50.850000+00:00,35.198,-3.846,0.0,2.3,mblg,"5 km N of Imzouren, Morocco",low
2003-09-24 06:31:59.410000+00:00,35.325,-2.388,17.7,2.1,mblg,"30 km NNW of Saidia, Morocco",low
2003-09-04 11:19:32.220000+00:00,33.304,-3.761,10.0,3.6,ml,"71 km SSE of Tmourghout, Morocco",medium
2003-08-24 04:08:34.450000+00:00,35.125,-4.446,29.4,2.2,mblg,"23 km NNW of Targuist, Morocco",low
2003-08-23 04:13:44.420000+00:00,35.864,-3.548,0.2,3.3,mblg,"76 km NNE of Al Hoceïma, Morocco",low
2003-08-23 04:12:15.630000+00:00,35.855,-3.566,4.9,2.5,mblg,"74 km NNE of Al Hoceïma, Morocco",low
2003-08-20 05:05:02.640000+00:00,35.847,-3.548,0.0,2.1,mblg,"74 km NNE of Al Hoceïma, Morocco",low
2003-08-20 04:21:57.740000+00:00,35.577,-3.684,1.4,2.0,mblg,"42 km NNE of Al Hoceïma, Morocco",low
2003-08-06 06:40:50.120000+00:00,35.434,-4.034,0.0,2.1,mblg,"22 km NNW of Al Hoceïma, Morocco",low
2003-08-05 21:05:37.940000+00:00,35.197,-4.007,21.8,2.1,mblg,"6 km SW of Tirhanimîne, Morocco",low
2003-08-05 18:45:32.510000+00:00,35.254,-4.023,0.0,2.7,mblg,"6 km WNW of Tirhanimîne, Morocco",low
2003-08-05 06:40:07.330000+00:00,35.317,-4.014,13.8,2.1,mblg,"10 km NW of Al Hoceïma, Morocco",low
2003-08-04 18:53:09.360000+00:00,35.309,-4.055,16.5,2.0,mblg,"12 km NW of Tirhanimîne, Morocco",low
2003-08-04 17:26:18.190000+00:00,35.331,-4.056,0.0,2.2,mblg,"13 km NW of Al Hoceïma, Morocco",low
2003-08-04 17:20:02.820000+00:00,35.439,-4.077,0.0,2.2,mblg,"24 km NNW of Al Hoceïma, Morocco",low
2003-08-04 16:53:17.160000+00:00,35.393,-4.112,0.0,2.0,mblg,"22 km NW of Al Hoceïma, Morocco",low
2003-07-28 16:16:09.120000+00:00,35.339,-3.849,8.3,3.2,mblg,"12 km NE of Al Hoceïma, Morocco",low
2003-07-02 05:05:25.570000+00:00,32.975,-12.046,10.0,3.0,mblg,"268 km NW of Essaouira, Morocco",low
2003-05-27 15:33:09.330000+00:00,33.354,-5.178,10.0,2.8,mblg,"9 km SSE of Azrou, Morocco",low
2003-04-22 21:13:04.390000+00:00,34.761,-4.135,10.0,2.7,mblg,"25 km SE of Targuist, Morocco",low
2003-04-15 17:40:57.820000+00:00,32.577,-5.64,10.0,2.9,mblg,"27 km ESE of Zawyat ech Cheïkh, Morocco",low
2003-03-28 11:48:35.900000+00:00,35.106,-2.878,10.0,2.5,mblg,"8 km SE of Nador, Morocco",low
2003-03-24 01:54:39.220000+00:00,34.629,-3.782,30.0,2.0,mblg,"41 km SSW of Midar, Morocco",low
2003-03-19 06:37:45.630000+00:00,35.599,-5.85,8.4,3.0,mblg,"19 km SSW of Tangier, Morocco",low
2003-03-18 06:33:46.340000+00:00,35.824,-3.53,0.0,2.4,mblg,"73 km NNE of Al Hoceïma, Morocco",low
2003-03-14 13:48:31.590000+00:00,35.81,-3.566,0.0,2.6,mblg,"70 km NNE of Al Hoceïma, Morocco",low
2003-03-06 08:01:32.950000+00:00,35.588,-3.85,0.0,2.1,mblg,"38 km NNE of Al Hoceïma, Morocco",low
2003-02-26 16:00:59.230000+00:00,35.831,-3.525,21.2,2.8,mblg,"74 km NNE of Al Hoceïma, Morocco",low
2003-02-22 20:53:55.060000+00:00,35.642,-3.679,0.0,2.4,mblg,"49 km NNE of Al Hoceïma, Morocco",low
2003-02-22 11:07:47.120000+00:00,35.867,-3.56,0.0,3.7,mb,"76 km NNE of Al Hoceïma, Morocco",medium
2003-02-22 10:24:04.700000+00:00,35.873,-3.551,2.5,2.9,mblg,"77 km NNE of Al Hoceïma, Morocco",low
2003-02-22 04:43:59.080000+00:00,35.793,-3.6,21.6,2.9,mblg,"67 km NNE of Al Hoceïma, Morocco",low
2003-02-22 04:31:59+00:00,35.874,-3.555,0.0,2.8,mblg,"77 km NNE of Al Hoceïma, Morocco",low
2003-02-21 16:49:43.360000+00:00,35.838,-3.522,0.0,2.7,mblg,"75 km NNE of Al Hoceïma, Morocco",low
2003-02-21 12:06:52.120000+00:00,35.834,-3.622,0.0,3.5,ml,"70 km NNE of Al Hoceïma, Morocco",medium
2003-02-21 11:55:26.760000+00:00,35.8,-3.589,0.0,2.9,mblg,"68 km NNE of Al Hoceïma, Morocco",low
2003-02-21 11:46:39.210000+00:00,35.863,-3.483,10.0,3.9,mblg,"79 km NNE of Al Hoceïma, Morocco",medium
2003-02-21 00:04:44.770000+00:00,35.885,-3.51,0.0,2.5,mblg,"80 km NNE of Al Hoceïma, Morocco",low
2003-02-19 00:33:53.160000+00:00,35.876,-3.512,0.0,3.8,mb,"79 km NNE of Al Hoceïma, Morocco",medium
2003-02-18 20:12:37.220000+00:00,35.861,-3.513,0.0,3.0,mblg,"77 km NNE of Al Hoceïma, Morocco",low
2003-02-18 16:32:33.370000+00:00,35.842,-3.674,0.0,2.6,mblg,"69 km NNE of Al Hoceïma, Morocco",low
2003-02-18 15:47:41.260000+00:00,35.844,-3.536,0.0,2.2,mblg,"75 km NNE of Al Hoceïma, Morocco",low
2003-02-18 14:52:00.710000+00:00,35.835,-3.491,0.0,2.8,mblg,"76 km NNE of Al Hoceïma, Morocco",low
2003-02-18 13:59:32.090000+00:00,35.891,-3.566,10.0,3.9,mblg,"78 km NNE of Al Hoceïma, Morocco",medium
2003-02-18 13:35:39.180000+00:00,35.888,-3.551,0.0,2.1,mblg,"78 km NNE of Al Hoceïma, Morocco",low
2003-02-18 13:28:42.090000+00:00,35.898,-3.489,0.0,2.3,mblg,"82 km NNE of Al Hoceïma, Morocco",low
2003-02-18 13:22:46.880000+00:00,35.88,-3.515,0.0,3.0,mblg,"79 km NNE of Al Hoceïma, Morocco",low
2003-02-18 13:09:36.120000+00:00,35.836,-3.487,10.0,4.7,mb,"76 km NNE of Al Hoceïma, Morocco",high
2003-02-15 03:56:35.600000+00:00,35.712,-3.686,11.0,3.1,mblg,"55 km NNE of Al Hoceïma, Morocco",low
2003-02-07 05:17:33.900000+00:00,34.73,-3.857,16.8,2.6,mblg,"37 km SW of Midar, Morocco",low
2003-01-19 02:13:07.260000+00:00,35.18,-3.924,0.0,2.3,mblg,"6 km SSE of Tirhanimîne, Morocco",low
2002-12-13 03:31:12.630000+00:00,35.65,-3.795,0.0,2.5,mblg,"46 km NNE of Al Hoceïma, Morocco",low
2002-11-03 01:05:03.710000+00:00,35.431,-4.303,0.0,2.2,mblg,"38 km NW of Tirhanimîne, Morocco",low
2002-10-19 13:44:46.140000+00:00,35.733,-4.563,0.0,2.2,mblg,"65 km E of Martil, Morocco",low
2002-10-19 08:56:02.620000+00:00,32.47,-3.55,0.0,3.3,mblg,"101 km NE of Errachidia, Morocco",low
2002-10-08 11:07:57.440000+00:00,35.659,-4.068,10.1,2.5,mblg,"46 km NNW of Al Hoceïma, Morocco",low
2002-09-29 12:33:50.640000+00:00,35.643,-4.599,32.2,2.8,mblg,"61 km E of Martil, Morocco",low
2002-09-28 00:47:02.250000+00:00,35.238,-5.685,0.0,2.6,mblg,"33 km NE of Ksar El Kebir, Morocco",low
2002-09-19 21:16:51.600000+00:00,35.627,-3.78,0.0,2.2,mblg,"44 km NNE of Al Hoceïma, Morocco",low
2002-09-01 17:00:06.680000+00:00,35.861,-3.771,0.0,2.3,mblg,"69 km NNE of Al Hoceïma, Morocco",low
2002-07-18 19:19:06.440000+00:00,35.725,-3.973,0.0,2.2,mblg,"52 km N of Al Hoceïma, Morocco",low
2002-07-12 23:44:20.890000+00:00,35.391,-4.452,22.9,2.7,mblg,"48 km WNW of Tirhanimîne, Morocco",low
2002-07-12 22:07:25.420000+00:00,35.826,-3.792,2.5,2.6,mblg,"65 km NNE of Al Hoceïma, Morocco",low
2002-07-12 06:17:13.400000+00:00,35.748,-3.862,0.0,2.4,mblg,"55 km N of Al Hoceïma, Morocco",low
2002-07-10 21:40:15.260000+00:00,35.821,-3.793,1.6,2.3,mblg,"64 km NNE of Al Hoceïma, Morocco",low
2002-07-07 06:13:42.790000+00:00,35.488,-3.839,6.1,2.3,mblg,"27 km NNE of Al Hoceïma, Morocco",low
2002-07-06 19:33:09.160000+00:00,35.649,-3.904,0.0,2.5,mblg,"44 km N of Al Hoceïma, Morocco",low
2002-07-06 17:30:32.130000+00:00,35.685,-3.857,0.0,2.6,mblg,"48 km N of Al Hoceïma, Morocco",low
2002-07-06 17:24:19.190000+00:00,35.628,-3.925,10.0,4.4,mb,"41 km N of Al Hoceïma, Morocco",medium
2002-07-01 08:38:29.640000+00:00,35.896,-3.877,5.8,2.2,mblg,"71 km N of Al Hoceïma, Morocco",low
2002-06-30 11:31:16.130000+00:00,35.495,-3.988,1.3,2.4,mblg,"27 km N of Al Hoceïma, Morocco",low
2002-06-29 08:11:31.080000+00:00,35.686,-3.867,0.0,2.6,mblg,"48 km N of Al Hoceïma, Morocco",low
2002-06-27 20:20:11.920000+00:00,35.64,-3.873,0.0,2.2,mblg,"43 km N of Al Hoceïma, Morocco",low
2002-06-27 13:29:54.550000+00:00,35.813,-3.906,0.0,3.4,mblg,"62 km N of Al Hoceïma, Morocco",low
2002-06-19 21:15:13.680000+00:00,35.892,-4.055,0.5,2.3,mblg,"71 km N of Al Hoceïma, Morocco",low
2002-06-19 04:57:47.940000+00:00,35.845,-3.985,0.0,2.5,mblg,"65 km N of Al Hoceïma, Morocco",low
2002-06-07 23:46:20.260000+00:00,35.736,-3.911,0.0,2.5,mblg,"53 km N of Al Hoceïma, Morocco",low
2002-05-21 10:07:08.110000+00:00,35.469,-2.25,8.8,2.5,mblg,"42 km N of Saidia, Morocco",low
2002-05-19 04:16:51.490000+00:00,34.906,-3.784,23.2,2.4,mblg,"22 km SSE of Bni Bouayach, Morocco",low
2002-05-06 02:47:21.830000+00:00,34.341,-4.19,10.0,2.8,mblg,"22 km NW of Taza, Morocco",low
2002-04-02 07:12:32.190000+00:00,35.745,-6.296,0.0,2.9,mblg,"39 km NW of Asilah, Morocco",low
2002-03-24 02:33:14.180000+00:00,35.308,-2.492,13.0,2.6,mblg,"34 km NW of Saidia, Morocco",low
2002-03-21 23:46:44.730000+00:00,35.268,-3.957,0.0,2.0,mblg,"2 km NW of Al Hoceïma, Morocco",low
2002-03-03 03:05:37.380000+00:00,35.354,-3.867,0.0,2.3,mblg,"13 km NNE of Al Hoceïma, Morocco",low
2002-03-02 08:59:15.600000+00:00,34.235,-5.744,0.0,2.3,mblg,"3 km WNW of Sidi Qacem, Morocco",low
2002-03-01 00:51:56.720000+00:00,35.475,-3.969,0.2,2.2,mblg,"24 km N of Al Hoceïma, Morocco",low
2002-03-01 00:50:27.960000+00:00,35.597,-3.877,0.0,2.1,mblg,"38 km N of Al Hoceïma, Morocco",low
2002-02-25 10:47:02.510000+00:00,35.295,-3.981,0.1,2.4,mblg,"6 km NW of Al Hoceïma, Morocco",low
2002-02-24 12:29:45.140000+00:00,35.536,-3.969,4.1,2.1,mblg,"31 km N of Al Hoceïma, Morocco",low
2002-02-23 19:51:55.050000+00:00,35.546,-3.948,1.7,2.3,mblg,"32 km N of Al Hoceïma, Morocco",low
2002-02-10 04:55:46.440000+00:00,35.08,-3.716,14.1,2.3,mblg,"11 km ESE of Bni Bouayach, Morocco",low
2002-02-07 17:42:19.610000+00:00,33.634,-4.901,33.0,2.8,mblg,"22 km ENE of Ifrane, Morocco",low
2002-02-02 13:08:16.140000+00:00,35.636,-3.949,1.2,2.1,mblg,"42 km N of Al Hoceïma, Morocco",low
2002-02-01 01:47:23.090000+00:00,35.581,-3.797,0.0,2.0,mblg,"38 km NNE of Al Hoceïma, Morocco",low
2002-01-12 00:45:49.850000+00:00,35.327,-3.915,11.0,3.0,mblg,"8 km NNE of Al Hoceïma, Morocco",low
2002-01-10 13:13:18.590000+00:00,35.281,-3.611,14.3,2.5,mblg,"26 km NE of Imzouren, Morocco",low
2002-01-03 14:10:50.610000+00:00,35.296,-3.936,7.8,2.0,mblg,"4 km N of Al Hoceïma, Morocco",low
2002-01-01 15:12:06.370000+00:00,35.268,-4.621,30.0,2.7,mblg,"45 km NW of Targuist, Morocco",low
2001-12-21 22:21:55.840000+00:00,35.57,-3.695,0.0,2.3,mblg,"41 km NNE of Al Hoceïma, Morocco",low
2001-12-09 23:51:02.740000+00:00,35.434,-3.716,0.0,2.2,mblg,"28 km NE of Al Hoceïma, Morocco",low
2001-12-07 09:13:09.240000+00:00,35.669,-3.82,0.0,2.8,mblg,"47 km NNE of Al Hoceïma, Morocco",low
2001-12-06 23:16:04.390000+00:00,35.447,-3.672,16.9,2.4,mblg,"32 km NE of Al Hoceïma, Morocco",low
2001-11-26 01:10:17.850000+00:00,35.045,-3.794,0.0,2.7,mblg,"7 km SSE of Bni Bouayach, Morocco",low
2001-11-10 03:28:35.440000+00:00,35.183,-3.213,0.0,2.6,mblg,"25 km W of Nador, Morocco",low
2001-10-27 09:32:05.280000+00:00,35.706,-3.776,15.4,2.3,mblg,"52 km NNE of Al Hoceïma, Morocco",low
2001-09-28 22:11:11.930000+00:00,35.893,-3.988,7.1,2.4,mblg,"71 km N of Al Hoceïma, Morocco",low
2001-08-04 09:13:26.880000+00:00,35.489,-3.767,0.0,2.6,mblg,"30 km NNE of Al Hoceïma, Morocco",low
2001-07-13 02:56:23.540000+00:00,35.225,-3.131,22.7,2.2,mblg,"19 km WNW of Nador, Morocco",low
2001-06-28 15:21:40.800000+00:00,34.114,-6.522,22.7,4.6,mb,"17 km SSE of Kenitra, Morocco",high
2001-06-22 01:13:52.390000+00:00,35.166,-4.777,27.2,3.4,ml,"44 km E of Chefchaouene, Morocco",low
2001-06-14 23:17:26.770000+00:00,35.713,-3.749,0.0,2.0,mblg,"53 km NNE of Al Hoceïma, Morocco",low
2001-06-11 11:43:31.580000+00:00,35.886,-3.654,0.0,3.1,mblg,"74 km NNE of Al Hoceïma, Morocco",low
2001-06-11 10:32:40.110000+00:00,35.85,-3.707,0.0,2.9,mblg,"69 km NNE of Al Hoceïma, Morocco",low
2001-06-09 20:25:23.350000+00:00,35.358,-4.095,21.9,2.1,mblg,"18 km NW of Al Hoceïma, Morocco",low
2001-06-08 21:35:09.410000+00:00,35.788,-3.922,0.0,2.7,mblg,"59 km N of Al Hoceïma, Morocco",low
2001-05-30 17:44:55.960000+00:00,35.643,-3.618,0.0,2.3,mblg,"52 km NE of Al Hoceïma, Morocco",low
2001-05-22 21:11:04.240000+00:00,35.343,-4.326,0.0,2.1,mblg,"35 km WNW of Tirhanimîne, Morocco",low
2001-05-15 23:20:56.140000+00:00,35.778,-4.66,0.0,2.1,mblg,"58 km ENE of Cap Negro II, Morocco",low
2001-05-07 01:21:28.320000+00:00,35.211,-3.962,0.0,2.1,mblg,"2 km SSW of Tirhanimîne, Morocco",low
2001-05-06 00:06:40.550000+00:00,35.349,-4.14,0.0,2.2,mblg,"21 km NW of Tirhanimîne, Morocco",low
2001-05-06 00:04:06.910000+00:00,35.358,-4.01,0.0,2.3,mblg,"13 km NNW of Al Hoceïma, Morocco",low
2001-05-02 19:39:09.630000+00:00,35.699,-3.658,0.0,2.5,mblg,"55 km NNE of Al Hoceïma, Morocco",low
2001-04-15 17:17:42.680000+00:00,35.68,-4.411,0.0,2.1,mblg,"64 km NW of Al Hoceïma, Morocco",low
2001-04-10 21:21:04.490000+00:00,35.188,-3.986,19.4,2.5,mblg,"6 km SSW of Tirhanimîne, Morocco",low
2001-04-06 03:59:49.020000+00:00,34.95,-3.79,0.0,2.5,mblg,"17 km SSE of Bni Bouayach, Morocco",low
2001-04-05 12:03:12.580000+00:00,34.309,-5.515,0.0,2.6,mblg,"20 km ENE of Sidi Qacem, Morocco",low
2001-03-24 16:56:48.950000+00:00,35.594,-3.667,0.0,2.1,mblg,"45 km NNE of Al Hoceïma, Morocco",low
2001-03-21 10:54:01.940000+00:00,35.269,-3.535,21.3,2.4,mblg,"31 km ENE of Imzouren, Morocco",low
2001-03-08 14:30:00.050000+00:00,35.661,-3.907,0.0,2.8,mblg,"45 km N of Al Hoceïma, Morocco",low
2001-02-02 13:44:05.780000+00:00,34.725,-3.673,10.0,2.8,mblg,"27 km SSW of Midar, Morocco",low
2001-01-08 11:01:40.790000+00:00,35.088,-3.956,0.0,2.1,mblg,"10 km W of Bni Bouayach, Morocco",low
2000-12-28 19:25:31.250000+00:00,35.485,-3.506,0.0,2.3,mblg,"46 km ENE of Al Hoceïma, Morocco",low
2000-12-17 00:49:51.690000+00:00,35.352,-3.497,0.0,2.1,mblg,"39 km NE of Imzouren, Morocco",low
2000-12-03 06:29:51.100000+00:00,35.568,-3.594,0.0,2.7,mblg,"46 km NE of Al Hoceïma, Morocco",low
2000-11-30 01:04:50.570000+00:00,35.618,-3.654,0.0,2.5,mblg,"48 km NNE of Al Hoceïma, Morocco",low
2000-11-28 03:31:01.530000+00:00,35.459,-3.777,10.0,3.3,mblg,"27 km NNE of Al Hoceïma, Morocco",low
2000-11-21 19:20:30.490000+00:00,35.776,-4.685,0.0,2.1,mblg,"55 km ENE of Cap Negro II, Morocco",low
2000-11-14 05:48:45.500000+00:00,31.293,-7.094,10.0,2.8,mblg,"45 km NNW of Ouarzazat, Morocco",low
2000-11-10 03:17:45+00:00,35.636,-3.631,0.0,2.0,mblg,"50 km NNE of Al Hoceïma, Morocco",low
2000-10-15 16:53:03.340000+00:00,35.007,-4.099,0.0,3.1,mblg,"21 km ENE of Targuist, Morocco",low
2000-10-10 00:07:27.830000+00:00,35.39,-3.642,11.8,3.0,mblg,"30 km ENE of Al Hoceïma, Morocco",low
2000-09-27 03:07:45.550000+00:00,34.377,-5.121,10.0,4.6,mb,"37 km NNW of Fès al Bali, Morocco",high
2000-09-26 03:47:41.960000+00:00,35.228,-3.784,0.0,2.3,mblg,"10 km NE of Imzouren, Morocco",low
2000-09-21 00:21:04.910000+00:00,35.58,-3.653,0.0,2.3,mblg,"44 km NE of Al Hoceïma, Morocco",low
2000-09-19 14:41:42+00:00,35.628,-5.692,5.0,2.2,mblg,"18 km SSE of Tangier, Morocco",low
2000-09-08 22:40:11.760000+00:00,35.399,-6.19,0.0,2.3,mblg,"15 km WSW of Asilah, Morocco",low
2000-09-06 23:58:13.430000+00:00,34.632,-3.971,21.4,2.8,mblg,"46 km SE of Targuist, Morocco",low
2000-09-03 16:34:30.940000+00:00,35.716,-3.896,0.0,2.0,mblg,"51 km N of Al Hoceïma, Morocco",low
2000-08-13 23:17:56.630000+00:00,35.853,-3.499,10.0,3.7,mb,"77 km NNE of Al Hoceïma, Morocco",medium
2000-08-06 21:04:44.200000+00:00,35.297,-5.31,0.0,2.0,mblg,"14 km NNW of Chefchaouene, Morocco",low
2000-07-30 21:36:33.900000+00:00,35.718,-4.349,31.4,2.8,mblg,"63 km NW of Al Hoceïma, Morocco",low
2000-07-22 08:29:13.750000+00:00,35.755,-3.951,0.0,2.2,mblg,"55 km N of Al Hoceïma, Morocco",low
2000-07-14 03:43:27.710000+00:00,35.821,-4.119,0.0,2.1,mblg,"65 km NNW of Al Hoceïma, Morocco",low
2000-07-11 20:58:19.890000+00:00,35.148,-3.419,22.1,2.3,mblg,"25 km NNE of Midar, Morocco",low
2000-06-28 00:29:12.540000+00:00,35.386,-4.24,1.1,2.1,mblg,"30 km WNW of Tirhanimîne, Morocco",low
2000-06-24 01:52:00.610000+00:00,35.494,-4.046,0.0,2.2,mblg,"28 km NNW of Al Hoceïma, Morocco",low
2000-06-12 12:35:08.140000+00:00,35.704,-3.634,0.0,2.2,mblg,"57 km NNE of Al Hoceïma, Morocco",low
2000-05-15 10:41:04.550000+00:00,35.771,-3.793,0.0,2.9,mblg,"59 km NNE of Al Hoceïma, Morocco",low
2000-04-30 18:19:38.710000+00:00,35.62,-3.533,0.0,2.4,mblg,"54 km NE of Al Hoceïma, Morocco",low
2000-04-28 18:05:35.120000+00:00,34.484,-5.861,15.9,3.0,mblg,"13 km SE of Mechraa Bel Ksiri, Morocco",low
2000-04-02 13:14:01.760000+00:00,34.45,-4.88,0.0,2.1,mblg,"24 km WSW of Taounate, Morocco",low
2000-03-29 04:03:44.330000+00:00,32.023,-6.194,10.0,4.0,mb,"37 km SSE of Beni Mellal, Morocco",medium
2000-02-26 07:44:08.760000+00:00,33.836,-6.095,0.0,2.2,ml,"2 km WNW of Khemisset, Morocco",low
2000-01-13 10:58:16.170000+00:00,35.245,-6.062,15.2,2.7,ml,"10 km NE of Larache, Morocco",low
1999-11-20 09:01:43.400000+00:00,35.47,-3.82,0.0,2.1,mblg,"26 km NNE of Al Hoceïma, Morocco",low
1999-11-10 13:10:12.280000+00:00,35.68,-4.634,110.2,4.7,mb,"58 km E of Martil, Morocco",high
1999-10-31 03:55:35.510000+00:00,34.882,-3.629,10.0,2.8,mblg,"10 km SW of Midar, Morocco",low
1999-10-07 00:09:18.900000+00:00,35.27,-3.68,0.0,2.3,mblg,"20 km NE of Imzouren, Morocco",low
1999-10-02 17:36:36.900000+00:00,35.89,-3.82,0.0,2.6,mblg,"71 km N of Al Hoceïma, Morocco",low
1999-09-28 15:30:17.900000+00:00,35.58,-3.81,14.5,2.8,mblg,"38 km NNE of Al Hoceïma, Morocco",low
1999-09-27 23:20:21.700000+00:00,35.15,-3.59,21.0,2.5,mblg,"23 km ENE of Bni Bouayach, Morocco",low
1999-09-05 06:14:08.600000+00:00,35.26,-5.16,0.0,2.3,mblg,"13 km NE of Chefchaouene, Morocco",low
1999-09-04 13:52:46+00:00,35.54,-3.64,2.8,2.2,mblg,"41 km NE of Al Hoceïma, Morocco",low
1999-08-21 14:51:02.900000+00:00,35.22,-5.89,15.5,2.9,mblg,"24 km E of Larache, Morocco",low
1999-08-17 23:04:45.200000+00:00,35.53,-5.17,0.0,2.6,mblg,"13 km SE of Martil, Morocco",low
1999-08-17 21:37:12.900000+00:00,35.04,-5.51,14.2,2.8,mblg,"26 km WSW of Chefchaouene, Morocco",low
1999-08-16 19:39:00.200000+00:00,35.58,-4.94,11.7,2.3,mblg,"30 km E of Martil, Morocco",low
1999-08-16 14:04:03.600000+00:00,35.73,-4.89,15.0,2.2,mblg,"36 km ENE of Cap Negro II, Morocco",low
1999-08-04 09:02:54.890000+00:00,35.575,-5.169,10.0,4.2,mb,"10 km ESE of Martil, Morocco",medium
1999-08-03 09:59:04.400000+00:00,35.63,-4.78,1.4,2.9,mblg,"44 km E of Martil, Morocco",low
1999-07-30 21:12:31.600000+00:00,35.06,-3.99,0.0,2.4,mblg,"14 km WSW of Bni Bouayach, Morocco",low
1999-07-18 17:26:47.020000+00:00,35.243,-4.095,33.0,3.5,mb,"12 km W of Tirhanimîne, Morocco",medium
1999-07-18 17:21:28.500000+00:00,35.29,-4.12,2.9,3.2,mblg,"16 km WNW of Tirhanimîne, Morocco",low
1999-07-11 16:03:54.400000+00:00,35.06,-4.19,13.5,2.9,mblg,"17 km NE of Targuist, Morocco",low
1999-07-11 01:44:16.500000+00:00,35.6,-4.0,2.8,2.0,mblg,"39 km N of Al Hoceïma, Morocco",low
1999-07-09 04:45:50.800000+00:00,35.09,-3.87,14.3,2.8,mblg,"3 km WSW of Bni Bouayach, Morocco",low
1999-07-07 17:27:34.800000+00:00,35.14,-4.08,30.0,3.4,mblg,"15 km SW of Tirhanimîne, Morocco",low
1999-07-07 12:24:25.800000+00:00,35.09,-4.05,14.8,2.6,mblg,"18 km SSW of Tirhanimîne, Morocco",low
1999-07-07 04:07:48.500000+00:00,35.71,-6.22,4.2,2.6,mblg,"31 km NNW of Asilah, Morocco",low
1999-07-06 20:42:49.600000+00:00,35.4,-6.15,26.6,3.0,mblg,"12 km SW of Asilah, Morocco",low
1999-05-18 22:38:51.100000+00:00,35.07,-3.38,15.0,2.1,mblg,"20 km NE of Midar, Morocco",low
1999-05-12 03:08:39.100000+00:00,35.27,-4.11,13.8,2.3,mblg,"14 km WNW of Tirhanimîne, Morocco",low
1999-05-08 05:18:03.320000+00:00,35.007,-3.932,10.0,2.7,mblg,"13 km SW of Bni Bouayach, Morocco",low
1999-05-02 07:37:04.700000+00:00,35.5,-4.04,5.2,2.0,mblg,"29 km NNW of Al Hoceïma, Morocco",low
1999-04-05 14:49:21.900000+00:00,35.75,-3.61,0.0,2.6,mblg,"62 km NNE of Al Hoceïma, Morocco",low
1999-04-03 20:45:23.500000+00:00,35.66,-3.6,0.0,2.3,mblg,"54 km NE of Al Hoceïma, Morocco",low
1999-03-24 06:27:30.970000+00:00,35.888,-3.712,10.0,2.9,mblg,"73 km NNE of Al Hoceïma, Morocco",low
1999-03-20 19:47:18.300000+00:00,35.78,-3.67,0.0,2.6,mblg,"63 km NNE of Al Hoceïma, Morocco",low
1999-03-20 18:31:04.200000+00:00,35.69,-3.5,2.2,2.6,mblg,"62 km NE of Al Hoceïma, Morocco",low
1999-03-18 09:03:51.200000+00:00,34.55,-4.1,0.0,2.4,mblg,"38 km NNW of Taza, Morocco",low
1999-03-16 21:41:37.270000+00:00,34.222,-4.386,10.0,3.8,mb,"19 km N of Tahla, Morocco",medium
1999-03-16 21:10:58.500000+00:00,34.72,-4.24,0.1,2.3,mblg,"25 km SSE of Targuist, Morocco",low
1999-03-02 06:38:19.800000+00:00,35.63,-6.34,16.3,2.0,mblg,"33 km WNW of Asilah, Morocco",low
1999-02-27 23:49:21.600000+00:00,35.81,-3.83,0.8,2.2,mblg,"62 km N of Al Hoceïma, Morocco",low
1999-01-31 15:55:25.900000+00:00,34.51,-8.97,22.3,2.6,mblg,"145 km NNW of El Jadid, Morocco",low
1999-01-29 15:31:24.500000+00:00,35.4,-7.1,15.5,2.9,mblg,"88 km WNW of Larache, Morocco",low
1999-01-14 19:02:46.300000+00:00,35.19,-4.11,11.3,2.3,mblg,"15 km WSW of Tirhanimîne, Morocco",low
1998-12-11 14:09:02.300000+00:00,35.57,-6.08,15.6,2.3,mblg,"12 km NNW of Asilah, Morocco",low
1998-12-04 02:02:40.100000+00:00,35.66,-3.72,0.0,2.7,mblg,"49 km NNE of Al Hoceïma, Morocco",low
1998-11-16 00:04:43.500000+00:00,35.74,-7.02,15.5,2.6,mblg,"94 km WNW of Asilah, Morocco",low
1998-10-28 12:33:22.500000+00:00,34.3,-3.02,0.0,3.0,mblg,"16 km SW of Taourirt, Morocco",low
1998-10-20 23:47:03.790000+00:00,34.844,-3.776,10.0,4.7,mblg,"24 km WSW of Midar, Morocco",high
1998-10-20 23:02:32.200000+00:00,35.1,-3.75,9.9,3.0,mblg,"8 km E of Bni Bouayach, Morocco",low
1998-10-20 22:59:37.130000+00:00,34.798,-3.742,10.0,3.5,mblg,"24 km SW of Midar, Morocco",medium
1998-10-20 22:50:58.200000+00:00,35.2,-3.7,1.6,2.5,mblg,"14 km ENE of Imzouren, Morocco",low
1998-09-23 02:30:13.500000+00:00,35.5,-3.81,15.3,2.2,mblg,"29 km NNE of Al Hoceïma, Morocco",low
1998-08-03 15:25:31.440000+00:00,35.056,-4.748,10.0,4.0,mb,"41 km WNW of Targuist, Morocco",medium
1998-06-18 19:45:30.330000+00:00,32.745,-5.644,10.0,4.2,mb,"21 km S of Khenifra, Morocco",medium
1998-05-28 11:04:10.700000+00:00,35.49,-4.39,0.8,2.9,mblg,"48 km NW of Tirhanimîne, Morocco",low
1998-05-23 00:00:55+00:00,35.64,-6.24,2.9,2.2,mblg,"26 km NW of Asilah, Morocco",low
1998-05-22 06:50:41.200000+00:00,35.68,-3.64,0.0,3.2,mblg,"54 km NNE of Al Hoceïma, Morocco",low
1998-05-21 02:57:33.900000+00:00,35.51,-4.72,0.0,2.3,mblg,"51 km ESE of Martil, Morocco",low
1998-05-20 04:22:56.800000+00:00,35.31,-4.01,0.0,2.4,mblg,"9 km NW of Al Hoceïma, Morocco",low
1998-05-16 17:39:58.600000+00:00,35.18,-3.82,0.0,3.3,mblg,"4 km NE of Imzouren, Morocco",low
1998-05-01 03:52:06.600000+00:00,35.81,-3.71,0.0,2.2,mblg,"65 km NNE of Al Hoceïma, Morocco",low
1998-02-24 23:03:05.600000+00:00,34.6,-5.7,0.0,2.2,mblg,"23 km E of Mechraa Bel Ksiri, Morocco",low
1998-02-23 05:17:20.600000+00:00,35.15,-4.97,0.0,2.5,mblg,"26 km E of Chefchaouene, Morocco",low
1998-02-06 04:16:12.700000+00:00,35.74,-3.53,0.0,2.8,mblg,"65 km NE of Al Hoceïma, Morocco",low
1998-02-06 00:55:57.100000+00:00,35.86,-3.62,0.3,3.0,mblg,"73 km NNE of Al Hoceïma, Morocco",low
1998-01-25 14:02:37.300000+00:00,35.19,-3.82,12.0,2.7,mblg,"5 km NNE of Imzouren, Morocco",low
1997-08-13 08:29:05.050000+00:00,35.855,-3.629,10.0,3.1,mblg,"72 km NNE of Al Hoceïma, Morocco",low
1997-08-04 14:23:35.790000+00:00,32.388,-5.741,10.0,4.1,mb,"32 km SSE of Zawyat ech Cheïkh, Morocco",medium
1997-07-23 13:17:07.470000+00:00,35.793,-3.761,10.0,3.1,mblg,"62 km NNE of Al Hoceïma, Morocco",low
1997-07-14 11:24:57.920000+00:00,33.619,-4.156,10.0,4.3,mb,"34 km SSW of Tmourghout, Morocco",medium
1997-07-04 05:29:26.470000+00:00,35.174,-4.507,33.0,3.5,mblg,"31 km NNW of Targuist, Morocco",medium
1997-07-04 05:16:30.420000+00:00,35.855,-4.477,10.0,3.1,mblg,"76 km ENE of Cap Negro II, Morocco",low
1997-04-30 03:42:18.850000+00:00,35.414,-4.832,10.0,3.0,mblg,"46 km ESE of Martil, Morocco",low
1997-04-01 21:07:45.070000+00:00,34.758,-4.824,10.0,3.5,md,"29 km NW of Taounate, Morocco",medium
1996-11-18 05:43:59.570000+00:00,34.937,-3.968,10.0,3.1,mblg,"21 km SSW of Bni Bouayach, Morocco",low
1996-11-18 05:25:39.830000+00:00,35.071,-3.899,10.0,3.7,mblg,"6 km SW of Bni Bouayach, Morocco",medium
1996-11-14 21:14:53.490000+00:00,35.858,-2.154,10.0,3.3,mblg,"86 km N of Saidia, Morocco",low
1996-11-11 17:49:39.160000+00:00,35.846,-2.155,5.0,3.2,mblg,"85 km N of Saidia, Morocco",low
1996-10-04 07:28:24.720000+00:00,35.592,-3.8,10.0,3.4,mblg,"39 km NNE of Al Hoceïma, Morocco",low
1996-09-16 01:38:11.300000+00:00,34.898,-4.332,10.0,3.9,mb,"4 km SSW of Targuist, Morocco",medium
1996-07-13 09:08:02.530000+00:00,34.803,-5.812,33.0,4.3,ms,"21 km W of Ouezzane, Morocco",medium
1996-06-18 13:58:49.830000+00:00,35.292,-5.76,94.0,3.2,mb,"31 km SE of Asilah, Morocco",low
1996-06-10 11:34:06.010000+00:00,35.297,-4.02,10.0,3.3,mblg,"9 km NW of Tirhanimîne, Morocco",low
1996-06-09 22:03:13.850000+00:00,35.432,-3.852,10.0,3.3,mblg,"21 km NNE of Al Hoceïma, Morocco",low
1996-06-09 17:21:20.860000+00:00,35.345,-3.954,10.0,3.4,mblg,"10 km N of Al Hoceïma, Morocco",low
1996-06-09 12:58:19.920000+00:00,35.222,-4.051,10.0,3.3,mblg,"8 km W of Tirhanimîne, Morocco",low
1996-06-09 11:37:04.060000+00:00,35.136,-4.156,10.0,3.5,mblg,"21 km WSW of Tirhanimîne, Morocco",medium
1996-06-08 21:16:17.960000+00:00,35.286,-4.004,23.6,3.6,mb,"7 km NW of Tirhanimîne, Morocco",medium
1996-06-08 17:49:01.140000+00:00,35.464,-4.152,10.0,3.4,mblg,"30 km NW of Al Hoceïma, Morocco",low
1996-05-30 20:35:55.640000+00:00,35.442,-3.938,23.5,3.3,mblg,"21 km N of Al Hoceïma, Morocco",low
1996-04-24 19:36:08.960000+00:00,35.181,-4.147,10.0,3.7,mb,"18 km WSW of Tirhanimîne, Morocco",medium
1996-04-03 01:24:03.830000+00:00,33.762,-4.837,33.0,3.5,mb,"7 km S of Sefrou, Morocco",medium
1996-02-28 05:30:12.580000+00:00,33.642,-5.805,10.0,3.1,md,"30 km NE of Oulmes, Morocco",low
1996-02-23 07:30:21.110000+00:00,35.273,-4.116,10.0,2.6,mblg,"15 km WNW of Tirhanimîne, Morocco",low
1996-01-30 19:29:02.140000+00:00,34.902,-2.767,10.0,3.5,md,"5 km SW of Zaïo, Morocco",medium
1996-01-30 13:03:13.960000+00:00,34.828,-2.793,10.0,3.7,md,"13 km SSW of Zaïo, Morocco",medium
1996-01-16 20:20:37.360000+00:00,35.656,-4.746,10.0,2.7,mblg,"48 km E of Martil, Morocco",low
1995-12-23 21:23:59.320000+00:00,35.285,-4.012,19.6,3.5,mb,"7 km NW of Tirhanimîne, Morocco",medium
1995-12-23 01:43:16.580000+00:00,34.812,-3.894,33.0,3.2,md,"32 km S of Bni Bouayach, Morocco",low
1995-12-22 19:23:59+00:00,34.804,-3.968,33.0,3.3,md,"35 km ESE of Targuist, Morocco",low
1995-12-21 19:31:59.410000+00:00,34.647,-3.871,10.0,3.4,md,"44 km SW of Midar, Morocco",low
1995-12-08 09:44:26.340000+00:00,34.578,-10.759,33.0,3.8,md,"254 km NW of El Jadid, Morocco",medium
1995-10-31 22:53:48.110000+00:00,35.223,-3.834,22.5,3.4,mblg,"8 km N of Imzouren, Morocco",low
1995-10-15 01:43:11.610000+00:00,35.21,-3.947,33.0,4.0,mb,"2 km SSE of Tirhanimîne, Morocco",medium
1995-09-21 20:50:00.660000+00:00,35.446,-3.844,10.0,3.3,mblg,"23 km NNE of Al Hoceïma, Morocco",low
1995-09-03 22:34:55.440000+00:00,33.307,-3.098,36.7,4.1,mb,"104 km SSE of Guercif, Morocco",medium
1995-09-02 07:33:49.190000+00:00,35.522,-3.94,10.0,3.3,mblg,"29 km N of Al Hoceïma, Morocco",low
1995-08-25 04:45:27.970000+00:00,35.484,-3.944,10.0,3.2,mblg,"25 km N of Al Hoceïma, Morocco",low
1995-08-24 23:18:25.890000+00:00,35.368,-3.977,18.2,2.9,mblg,"13 km NNW of Al Hoceïma, Morocco",low
1995-08-11 05:00:18.950000+00:00,34.672,-8.639,33.0,3.6,mblg,"153 km NW of Casablanca, Morocco",medium
1995-07-23 17:50:06.450000+00:00,34.99,-6.181,33.0,3.4,mblg,"22 km S of Larache, Morocco",low
1995-07-14 19:03:48+00:00,35.371,-3.905,10.0,3.3,mblg,"13 km NNE of Al Hoceïma, Morocco",low
1995-06-30 03:35:11.040000+00:00,35.141,-4.085,10.0,3.4,mblg,"15 km SW of Tirhanimîne, Morocco",low
1995-06-24 18:45:15.270000+00:00,35.772,-4.629,104.1,3.1,md,"60 km ENE of Cap Negro II, Morocco",low
1995-06-14 13:30:37.480000+00:00,35.595,-6.957,10.0,3.0,md,"84 km W of Asilah, Morocco",low
1995-06-05 09:29:35.350000+00:00,35.248,-2.363,10.0,3.2,mblg,"22 km NNW of Saidia, Morocco",low
1995-05-28 07:56:53.040000+00:00,33.733,-5.081,29.5,3.0,mb,"23 km N of Ifrane, Morocco",low
1995-05-06 09:44:48.600000+00:00,35.424,-3.644,5.0,3.2,mblg,"32 km NE of Al Hoceïma, Morocco",low
1995-04-11 00:23:47.030000+00:00,35.567,-3.762,10.0,3.3,mblg,"38 km NNE of Al Hoceïma, Morocco",low
1995-03-26 15:52:56.020000+00:00,35.619,-4.613,33.0,3.2,md,"59 km E of Martil, Morocco",low
1995-03-26 14:23:52.340000+00:00,34.906,-2.444,33.0,3.7,md,"11 km W of Berkane, Morocco",medium
1995-03-22 00:38:11.350000+00:00,34.888,-4.089,33.0,3.5,md,"21 km ESE of Targuist, Morocco",medium
1995-03-20 01:30:03.550000+00:00,35.599,-4.615,20.0,3.0,mblg,"59 km E of Martil, Morocco",low
1995-03-16 06:07:01.950000+00:00,35.266,-3.915,10.0,3.7,md,"2 km NE of Al Hoceïma, Morocco",medium
1995-03-14 10:29:36.240000+00:00,35.422,-3.912,10.0,3.5,md,"19 km N of Al Hoceïma, Morocco",medium
1995-03-05 15:01:27.970000+00:00,35.276,-4.04,10.0,3.2,md,"8 km WNW of Tirhanimîne, Morocco",low
1995-02-25 23:22:31.130000+00:00,35.075,-4.675,10.0,3.0,mb,"35 km WNW of Targuist, Morocco",low
1995-01-30 06:30:49.750000+00:00,34.84,-4.116,10.0,3.1,md,"21 km ESE of Targuist, Morocco",low
1995-01-29 17:43:14.610000+00:00,33.497,-5.311,10.0,3.2,mb,"10 km NW of Azrou, Morocco",low
1995-01-17 09:44:33.950000+00:00,35.358,-3.961,10.0,2.5,md,"11 km N of Al Hoceïma, Morocco",low
1995-01-16 02:09:24.420000+00:00,35.221,-3.911,10.0,3.1,md,"4 km SE of Al Hoceïma, Morocco",low
1994-12-17 14:43:09.630000+00:00,35.51,-3.731,10.0,3.4,mblg,"34 km NNE of Al Hoceïma, Morocco",low
1994-12-13 14:53:44.120000+00:00,35.451,-3.795,5.0,3.3,md,"25 km NNE of Al Hoceïma, Morocco",low
1994-12-10 07:06:45.810000+00:00,35.456,-3.817,10.0,3.4,mblg,"25 km NNE of Al Hoceïma, Morocco",low
1994-12-10 01:13:10.120000+00:00,35.561,-3.76,5.0,3.4,mblg,"37 km NNE of Al Hoceïma, Morocco",low
1994-11-25 05:33:17.370000+00:00,34.651,-4.575,77.6,4.4,mb,"14 km NNE of Taounate, Morocco",medium
1994-11-21 15:17:13.640000+00:00,35.47,-3.629,10.0,3.1,mblg,"37 km NE of Al Hoceïma, Morocco",low
1994-10-31 04:44:37.750000+00:00,35.314,-3.95,10.0,3.3,mblg,"7 km N of Al Hoceïma, Morocco",low
1994-10-29 21:47:52.350000+00:00,35.51,-3.737,10.0,3.4,mblg,"33 km NNE of Al Hoceïma, Morocco",low
1994-10-25 01:24:18.760000+00:00,35.378,-3.993,10.0,3.4,mblg,"14 km NNW of Al Hoceïma, Morocco",low
1994-10-14 03:26:16.780000+00:00,35.516,-3.859,10.0,3.3,mblg,"30 km NNE of Al Hoceïma, Morocco",low
1994-10-09 01:21:40.150000+00:00,35.203,-3.925,10.0,3.3,mblg,"4 km SE of Tirhanimîne, Morocco",low
1994-10-08 10:26:54.360000+00:00,35.153,-3.993,33.0,3.3,md,"9 km SSW of Tirhanimîne, Morocco",low
1994-10-07 08:52:43.550000+00:00,35.268,-4.048,35.8,4.3,mb,"9 km WNW of Tirhanimîne, Morocco",medium
1994-09-23 20:22:34.820000+00:00,35.171,-5.897,33.0,2.9,md,"18 km N of Ksar El Kebir, Morocco",low
1994-09-17 02:25:08.700000+00:00,35.179,-4.096,10.0,3.1,md,"14 km WSW of Tirhanimîne, Morocco",low
1994-09-15 23:23:56.830000+00:00,35.258,-4.056,10.0,3.5,md,"9 km WNW of Tirhanimîne, Morocco",medium
1994-09-14 02:55:25.970000+00:00,35.295,-4.0,10.0,3.5,mblg,"7 km NW of Al Hoceïma, Morocco",medium
1994-09-08 18:16:34.920000+00:00,34.789,-5.463,33.0,3.0,mb,"10 km E of Ouezzane, Morocco",low
1994-09-07 17:41:32.310000+00:00,35.25,-3.963,10.0,3.2,mblg,"1 km NNW of Tirhanimîne, Morocco",low
1994-09-07 01:02:28.820000+00:00,35.395,-3.79,10.0,3.4,mblg,"20 km NE of Al Hoceïma, Morocco",low
1994-09-01 22:27:00.930000+00:00,35.241,-4.005,10.0,3.0,mblg,"4 km W of Tirhanimîne, Morocco",low
1994-08-31 11:14:26+00:00,35.351,-3.996,10.0,3.2,mblg,"12 km NNW of Al Hoceïma, Morocco",low
1994-08-30 03:21:33.740000+00:00,35.126,-4.279,10.0,3.2,mblg,"21 km N of Targuist, Morocco",low
1994-08-30 03:20:21.520000+00:00,35.544,-3.843,10.0,3.2,mblg,"33 km NNE of Al Hoceïma, Morocco",low
1994-08-27 23:41:38.350000+00:00,35.169,-3.663,10.0,3.5,mblg,"17 km E of Imzouren, Morocco",medium
1994-08-27 09:31:44.720000+00:00,35.324,-3.981,33.0,3.4,mblg,"8 km NNW of Al Hoceïma, Morocco",low
1994-08-24 09:30:40.150000+00:00,35.346,-3.954,10.0,3.4,mblg,"10 km N of Al Hoceïma, Morocco",low
1994-08-23 04:10:31.750000+00:00,35.503,-3.878,10.0,3.4,mblg,"28 km N of Al Hoceïma, Morocco",low
1994-08-22 16:39:20.970000+00:00,35.477,-3.881,10.0,3.4,mblg,"25 km NNE of Al Hoceïma, Morocco",low
1994-08-20 18:50:32.450000+00:00,35.535,-3.85,10.0,3.1,mblg,"32 km NNE of Al Hoceïma, Morocco",low
1994-08-20 14:55:39.170000+00:00,35.502,-3.81,10.0,3.5,mblg,"30 km NNE of Al Hoceïma, Morocco",medium
1994-08-20 12:17:50.850000+00:00,35.403,-3.948,10.0,3.7,mblg,"16 km N of Al Hoceïma, Morocco",medium
1994-08-20 11:49:19.370000+00:00,35.503,-3.797,10.0,3.4,mblg,"30 km NNE of Al Hoceïma, Morocco",low
1994-08-20 04:55:27.380000+00:00,35.446,-3.922,10.0,4.4,mb,"21 km N of Al Hoceïma, Morocco",medium
1994-08-20 04:55:22.770000+00:00,35.493,-3.77,10.0,3.7,md,"30 km NNE of Al Hoceïma, Morocco",medium
1994-08-17 19:26:10.090000+00:00,35.451,-3.963,10.0,3.6,mblg,"22 km N of Al Hoceïma, Morocco",medium
1994-08-17 08:37:28.680000+00:00,35.269,-4.002,10.0,3.4,mblg,"5 km NW of Tirhanimîne, Morocco",low
1994-08-17 07:25:58.290000+00:00,35.592,-3.7,10.0,3.2,mblg,"43 km NNE of Al Hoceïma, Morocco",low
1994-08-15 09:04:30.410000+00:00,35.539,-3.77,10.0,3.3,mblg,"35 km NNE of Al Hoceïma, Morocco",low
1994-08-15 06:28:34.930000+00:00,35.138,-3.847,10.0,2.4,mblg,"0 km SSE of Imzouren, Morocco",low
1994-08-14 12:24:51.570000+00:00,35.299,-4.014,10.0,3.4,mblg,"8 km NW of Al Hoceïma, Morocco",low
1994-08-14 02:51:55.610000+00:00,35.371,-3.911,10.0,3.5,mblg,"13 km N of Al Hoceïma, Morocco",medium
1994-08-10 17:41:57.190000+00:00,35.395,-4.008,11.5,3.6,mblg,"17 km NNW of Al Hoceïma, Morocco",medium
1994-08-06 11:33:08.170000+00:00,35.568,-3.498,10.0,3.1,mblg,"53 km NE of Al Hoceïma, Morocco",low
1994-08-05 04:42:00.920000+00:00,35.357,-3.921,10.0,3.3,mblg,"11 km N of Al Hoceïma, Morocco",low
1994-08-04 21:32:52.920000+00:00,35.163,-3.889,10.0,3.4,mblg,"3 km WNW of Imzouren, Morocco",low
1994-07-30 15:37:24.120000+00:00,35.394,-3.945,10.0,3.5,md,"15 km N of Al Hoceïma, Morocco",medium
1994-07-27 19:12:02.590000+00:00,35.216,-3.876,25.7,3.5,md,"6 km SE of Al Hoceïma, Morocco",medium
1994-07-26 06:25:00.020000+00:00,35.321,-3.931,10.0,3.3,mblg,"7 km N of Al Hoceïma, Morocco",low
1994-07-24 07:11:23.290000+00:00,35.262,-4.038,10.0,3.4,mblg,"8 km WNW of Tirhanimîne, Morocco",low
1994-07-23 23:17:09.920000+00:00,35.275,-4.003,10.0,3.3,mblg,"6 km NW of Tirhanimîne, Morocco",low
1994-07-11 01:31:19.660000+00:00,35.784,-4.718,10.0,2.9,mblg,"53 km ENE of Cap Negro II, Morocco",low
1994-07-06 06:20:57.840000+00:00,35.259,-4.038,10.0,2.4,mblg,"8 km WNW of Tirhanimîne, Morocco",low
1994-07-03 05:53:38.950000+00:00,35.444,-3.829,10.0,3.2,mblg,"23 km NNE of Al Hoceïma, Morocco",low
1994-07-01 20:08:48+00:00,35.21,-4.095,9.4,3.6,md,"13 km WSW of Tirhanimîne, Morocco",medium
1994-07-01 05:25:58.010000+00:00,35.199,-3.936,10.0,3.3,mblg,"4 km SSE of Tirhanimîne, Morocco",low
1994-06-27 04:11:28.570000+00:00,35.262,-4.104,10.0,3.2,mblg,"13 km WNW of Tirhanimîne, Morocco",low
1994-06-27 02:34:40.010000+00:00,35.317,-4.015,10.0,3.2,mblg,"10 km NW of Al Hoceïma, Morocco",low
1994-06-26 01:48:29+00:00,35.325,-3.964,10.0,3.1,md,"8 km NNW of Al Hoceïma, Morocco",low
1994-06-22 21:26:31.160000+00:00,35.37,-4.024,10.0,3.2,mblg,"15 km NNW of Al Hoceïma, Morocco",low
1994-06-21 04:13:30.760000+00:00,35.257,-4.013,10.0,3.2,md,"5 km WNW of Tirhanimîne, Morocco",low
1994-06-18 22:29:02.700000+00:00,34.057,-5.106,33.0,3.7,md,"10 km WNW of Fès, Morocco",medium
1994-06-18 03:22:39.590000+00:00,35.323,-3.887,10.0,3.4,mblg,"9 km NNE of Al Hoceïma, Morocco",low
1994-06-17 18:46:42.500000+00:00,35.675,-3.68,5.0,2.7,mblg,"52 km NNE of Al Hoceïma, Morocco",low
1994-06-17 00:02:29.420000+00:00,35.345,-4.013,10.0,3.3,mblg,"12 km NNW of Al Hoceïma, Morocco",low
1994-06-16 23:18:04.840000+00:00,35.307,-3.991,10.0,3.3,mblg,"7 km NW of Al Hoceïma, Morocco",low
1994-06-16 21:08:44.440000+00:00,35.191,-3.995,10.0,3.2,md,"6 km SW of Tirhanimîne, Morocco",low
1994-06-16 15:32:21.870000+00:00,35.247,-3.916,10.0,3.3,md,"2 km ESE of Al Hoceïma, Morocco",low
1994-06-16 10:20:31.350000+00:00,35.18,-3.95,10.0,3.9,md,"6 km S of Tirhanimîne, Morocco",medium
1994-06-15 04:24:31.100000+00:00,35.276,-4.162,10.0,3.3,mblg,"19 km WNW of Tirhanimîne, Morocco",low
1994-06-15 00:15:20.240000+00:00,35.19,-3.931,16.4,3.8,md,"5 km SSE of Tirhanimîne, Morocco",medium
1994-06-14 16:56:29.540000+00:00,35.177,-3.772,10.0,3.4,md,"7 km ENE of Imzouren, Morocco",low
1994-06-13 10:19:32.630000+00:00,35.222,-3.949,19.3,3.5,md,"2 km SSE of Tirhanimîne, Morocco",medium
1994-06-13 00:57:15.740000+00:00,35.186,-3.928,10.0,3.2,mblg,"6 km SSE of Tirhanimîne, Morocco",low
1994-06-11 13:10:55.440000+00:00,35.301,-3.947,10.0,3.0,mblg,"5 km N of Al Hoceïma, Morocco",low
1994-06-09 09:54:55.070000+00:00,35.597,-3.751,10.0,3.2,mblg,"41 km NNE of Al Hoceïma, Morocco",low
1994-06-09 09:03:03.580000+00:00,35.478,-3.83,27.5,3.4,md,"26 km NNE of Al Hoceïma, Morocco",low
1994-06-08 03:08:32.430000+00:00,35.316,-3.925,18.8,3.7,md,"7 km N of Al Hoceïma, Morocco",medium
1994-06-08 00:25:40.910000+00:00,35.365,-4.194,10.0,3.3,mblg,"26 km WNW of Tirhanimîne, Morocco",low
1994-06-07 15:32:43.820000+00:00,35.292,-3.879,33.0,3.6,md,"6 km NE of Al Hoceïma, Morocco",medium
1994-06-06 16:28:05.550000+00:00,35.224,-3.964,29.6,3.3,md,"1 km SSW of Tirhanimîne, Morocco",low
1994-06-06 02:06:25.280000+00:00,35.206,-3.903,28.0,3.4,md,"5 km SE of Tirhanimîne, Morocco",low
1994-06-06 00:04:05.960000+00:00,35.231,-4.008,10.0,3.3,md,"4 km W of Tirhanimîne, Morocco",low
1994-06-05 14:49:49.580000+00:00,35.271,-4.046,33.0,3.0,md,"9 km WNW of Tirhanimîne, Morocco",low
1994-06-04 18:18:49.090000+00:00,35.23,-4.044,33.0,2.7,md,"8 km W of Tirhanimîne, Morocco",low
1994-06-04 08:27:06.890000+00:00,35.116,-3.871,33.0,3.7,md,"3 km WNW of Bni Bouayach, Morocco",medium
1994-06-04 02:41:51.860000+00:00,35.237,-3.92,29.9,3.1,md,"2 km SE of Al Hoceïma, Morocco",low
1994-06-04 01:35:33.470000+00:00,35.182,-3.924,10.0,3.4,md,"6 km SSE of Tirhanimîne, Morocco",low
1994-06-03 20:34:57.170000+00:00,35.137,-4.056,33.0,3.2,md,"14 km SW of Tirhanimîne, Morocco",low
1994-06-03 08:57:38.370000+00:00,35.252,-4.036,14.9,4.6,mb,"7 km WNW of Tirhanimîne, Morocco",high
1994-06-03 03:54:04.250000+00:00,35.041,-3.922,33.0,3.3,mblg,"10 km SW of Bni Bouayach, Morocco",low
1994-06-02 22:37:45.070000+00:00,35.243,-4.125,10.0,2.9,md,"15 km W of Tirhanimîne, Morocco",low
1994-06-02 07:34:52.630000+00:00,35.238,-3.901,33.0,2.8,md,"3 km ESE of Al Hoceïma, Morocco",low
1994-06-01 17:20:49.680000+00:00,35.155,-4.068,10.0,3.3,md,"13 km SW of Tirhanimîne, Morocco",low
1994-06-01 10:33:48.510000+00:00,35.232,-4.009,10.0,3.1,md,"4 km W of Tirhanimîne, Morocco",low
1994-06-01 10:11:00.340000+00:00,35.244,-4.023,10.0,3.1,md,"6 km W of Tirhanimîne, Morocco",low
1994-06-01 06:48:18.280000+00:00,35.251,-4.045,10.0,3.3,mblg,"8 km WNW of Tirhanimîne, Morocco",low
1994-06-01 02:33:48.080000+00:00,35.204,-4.0,23.5,3.4,md,"5 km SW of Tirhanimîne, Morocco",low
1994-06-01 00:53:51.260000+00:00,35.178,-3.95,10.0,3.9,mb,"6 km S of Tirhanimîne, Morocco",medium
1994-05-31 20:09:05.570000+00:00,35.271,-3.986,10.0,3.3,mblg,"4 km NW of Tirhanimîne, Morocco",low
1994-05-30 07:54:51.950000+00:00,35.141,-3.916,30.8,3.6,md,"5 km W of Imzouren, Morocco",medium
1994-05-29 23:45:06.830000+00:00,35.3,-4.021,16.9,3.9,md,"9 km NW of Tirhanimîne, Morocco",medium
1994-05-29 23:19:25.660000+00:00,35.256,-3.894,27.7,3.3,md,"3 km E of Al Hoceïma, Morocco",low
1994-05-29 19:14:05.180000+00:00,35.275,-3.882,10.0,3.4,md,"5 km ENE of Al Hoceïma, Morocco",low
1994-05-29 13:02:42.180000+00:00,35.18,-4.155,10.0,3.2,mblg,"19 km WSW of Tirhanimîne, Morocco",low
1994-05-29 13:00:48.080000+00:00,35.269,-4.034,10.0,3.2,mblg,"8 km WNW of Tirhanimîne, Morocco",low
1994-05-29 04:50:40.880000+00:00,35.434,-3.816,10.0,2.5,mblg,"23 km NNE of Al Hoceïma, Morocco",low
1994-05-29 04:46:57.520000+00:00,35.644,-3.574,10.0,2.4,mblg,"54 km NE of Al Hoceïma, Morocco",low
1994-05-29 04:23:35.150000+00:00,35.395,-3.757,29.2,3.3,mblg,"22 km NE of Al Hoceïma, Morocco",low
1994-05-29 01:04:20.220000+00:00,35.245,-3.979,10.0,2.4,mblg,"2 km WNW of Tirhanimîne, Morocco",low
1994-05-28 23:28:30.630000+00:00,35.431,-3.988,10.0,2.0,mblg,"20 km NNW of Al Hoceïma, Morocco",low
1994-05-28 21:06:35.470000+00:00,35.344,-3.807,29.6,3.3,mblg,"15 km NE of Al Hoceïma, Morocco",low
1994-05-28 20:23:58.610000+00:00,35.342,-3.937,10.0,3.3,mblg,"10 km N of Al Hoceïma, Morocco",low
1994-05-28 13:26:44.830000+00:00,35.346,-3.891,10.1,3.4,md,"11 km NNE of Al Hoceïma, Morocco",low
1994-05-28 03:32:03.060000+00:00,35.286,-3.948,33.0,3.5,md,"3 km NNW of Al Hoceïma, Morocco",medium
1994-05-27 23:41:52.750000+00:00,35.298,-4.07,10.0,3.2,mblg,"12 km WNW of Tirhanimîne, Morocco",low
1994-05-27 22:36:19.190000+00:00,35.455,-3.908,10.0,3.4,mblg,"22 km N of Al Hoceïma, Morocco",low
1994-05-27 19:34:10.870000+00:00,35.32,-4.086,10.0,3.2,mblg,"15 km NW of Tirhanimîne, Morocco",low
1994-05-27 14:00:26.700000+00:00,35.308,-3.923,10.0,3.2,md,"6 km NNE of Al Hoceïma, Morocco",low
1994-05-27 11:07:08.200000+00:00,35.576,-3.685,10.0,2.8,mblg,"42 km NNE of Al Hoceïma, Morocco",low
1994-05-27 09:14:25.250000+00:00,35.184,-3.768,29.6,3.4,mblg,"8 km ENE of Imzouren, Morocco",low
1994-05-27 04:09:59.850000+00:00,35.258,-3.906,30.1,3.3,md,"2 km ENE of Al Hoceïma, Morocco",low
1994-05-27 02:57:28.950000+00:00,35.293,-3.994,10.0,3.3,mblg,"6 km NW of Al Hoceïma, Morocco",low
1994-05-27 01:44:36.540000+00:00,35.251,-3.927,10.0,3.3,mblg,"0 km E of Al Hoceïma, Morocco",low
1994-05-27 00:40:39.950000+00:00,35.269,-4.036,10.0,3.3,md,"8 km WNW of Tirhanimîne, Morocco",low
1994-05-27 00:25:45.110000+00:00,35.584,-3.757,10.0,3.3,mblg,"40 km NNE of Al Hoceïma, Morocco",low
1994-05-27 00:07:42.270000+00:00,35.311,-3.902,12.2,3.4,md,"7 km NNE of Al Hoceïma, Morocco",low
1994-05-27 00:03:51.660000+00:00,35.217,-3.968,10.0,2.8,mb,"2 km SSW of Tirhanimîne, Morocco",low
1994-05-26 23:57:13.590000+00:00,35.316,-4.049,10.0,3.1,md,"12 km NW of Tirhanimîne, Morocco",low
1994-05-26 20:05:35.800000+00:00,35.3,-3.912,10.0,3.2,mblg,"5 km NNE of Al Hoceïma, Morocco",low
1994-05-26 18:06:02.910000+00:00,35.363,-3.845,10.0,3.3,md,"14 km NE of Al Hoceïma, Morocco",low
1994-05-26 17:40:03.650000+00:00,35.283,-3.847,10.0,3.3,md,"8 km ENE of Al Hoceïma, Morocco",low
1994-05-26 16:53:11.460000+00:00,35.338,-3.875,10.0,3.3,md,"11 km NNE of Al Hoceïma, Morocco",low
1994-05-26 14:06:12.980000+00:00,35.652,-3.872,10.0,3.4,mblg,"44 km N of Al Hoceïma, Morocco",low
1994-05-26 14:05:41.190000+00:00,35.341,-3.7,10.0,3.0,mblg,"23 km ENE of Al Hoceïma, Morocco",low
1994-05-26 13:50:11.440000+00:00,35.406,-3.861,10.0,3.4,mblg,"18 km NNE of Al Hoceïma, Morocco",low
1994-05-26 13:08:49.610000+00:00,35.382,-3.924,10.0,3.3,md,"14 km N of Al Hoceïma, Morocco",low
1994-05-26 12:27:54.070000+00:00,35.199,-4.024,35.0,4.4,mb,"7 km WSW of Tirhanimîne, Morocco",medium
1994-05-26 11:38:11.970000+00:00,35.33,-3.885,33.0,3.4,mblg,"9 km NNE of Al Hoceïma, Morocco",low
1994-05-26 10:42:08.890000+00:00,35.217,-3.923,10.0,3.3,mblg,"3 km SE of Tirhanimîne, Morocco",low
1994-05-26 10:17:03.760000+00:00,35.295,-3.988,30.0,3.9,mb,"6 km NW of Al Hoceïma, Morocco",medium
1994-05-26 09:40:02.830000+00:00,35.391,-3.975,10.0,3.4,mb,"15 km NNW of Al Hoceïma, Morocco",low
1994-05-26 09:32:45.060000+00:00,35.445,-3.81,10.0,3.3,mblg,"24 km NNE of Al Hoceïma, Morocco",low
1994-05-26 09:25:20.770000+00:00,35.256,-3.992,24.4,3.9,mb,"4 km WNW of Tirhanimîne, Morocco",medium
1994-05-26 09:11:10.770000+00:00,35.291,-3.956,10.0,3.4,mblg,"4 km NNW of Al Hoceïma, Morocco",low
1994-05-26 09:03:39.530000+00:00,35.466,-3.842,10.0,3.4,mblg,"25 km NNE of Al Hoceïma, Morocco",low
1994-05-26 08:58:40.930000+00:00,35.266,-3.882,33.0,3.5,mb,"5 km ENE of Al Hoceïma, Morocco",medium
1994-05-26 08:31:18.610000+00:00,35.41,-3.965,10.0,4.2,mblg,"17 km N of Al Hoceïma, Morocco",medium
1994-05-26 08:26:52.430000+00:00,35.305,-4.103,9.7,6.0,mw,"15 km WNW of Tirhanimîne, Morocco",high
1994-05-26 01:45:16.060000+00:00,35.257,-4.045,10.0,3.7,md,"8 km WNW of Tirhanimîne, Morocco",medium
1994-05-25 20:36:50.540000+00:00,35.202,-5.995,10.0,3.3,mblg,"14 km E of Larache, Morocco",low
1994-05-12 23:58:10.430000+00:00,31.678,-3.527,10.0,4.0,mb,"72 km ENE of Arfoud, Morocco",medium
1994-05-11 00:00:29.020000+00:00,33.692,-4.086,18.6,3.6,mb,"24 km SSW of Tmourghout, Morocco",medium
1994-05-07 08:49:51.280000+00:00,31.701,-3.47,10.0,4.2,mb,"78 km ENE of Arfoud, Morocco",medium
1994-05-03 23:45:53.970000+00:00,35.454,-3.853,10.0,3.4,mblg,"23 km NNE of Al Hoceïma, Morocco",low
1994-05-03 14:57:03.790000+00:00,34.938,-3.592,30.7,3.4,mblg,"5 km W of Midar, Morocco",low
1994-05-01 08:41:27.370000+00:00,35.343,-3.998,10.0,3.5,mblg,"11 km NNW of Al Hoceïma, Morocco",medium
1994-05-01 06:47:21.280000+00:00,35.264,-3.98,10.0,3.3,mblg,"3 km NW of Tirhanimîne, Morocco",low
1994-05-01 06:31:20.170000+00:00,35.347,-4.056,10.0,4.2,mb,"15 km NW of Al Hoceïma, Morocco",medium
1994-05-01 05:41:38.680000+00:00,35.326,-3.986,10.0,2.9,mblg,"9 km NNW of Al Hoceïma, Morocco",low
1994-05-01 05:33:36.410000+00:00,35.384,-3.956,33.0,3.5,md,"14 km N of Al Hoceïma, Morocco",medium
1994-04-25 17:37:33.300000+00:00,34.734,-3.81,5.0,2.2,m,"34 km SW of Midar, Morocco",low
1994-04-14 11:45:14.450000+00:00,34.49,-5.504,10.0,3.4,md,Morocco,low
1994-04-06 10:04:36.200000+00:00,35.319,-3.928,5.0,2.5,mblg,"7 km N of Al Hoceïma, Morocco",low
1994-04-05 09:49:05.660000+00:00,34.586,-5.55,17.0,3.6,md,"23 km S of Ouezzane, Morocco",medium
1994-03-16 22:23:53.080000+00:00,34.557,-5.581,5.0,3.3,md,"26 km S of Ouezzane, Morocco",low
1994-03-16 07:44:51.470000+00:00,34.569,-5.601,10.0,3.4,md,"25 km S of Ouezzane, Morocco",low
1994-03-09 20:19:26.160000+00:00,34.478,-5.543,10.0,3.3,md,"32 km NNE of Sidi Qacem, Morocco",low
1994-02-06 10:15:50.500000+00:00,35.638,-3.617,10.0,3.0,mblg,"51 km NE of Al Hoceïma, Morocco",low
1994-02-03 12:08:34.370000+00:00,35.529,-3.69,10.0,3.3,mblg,"38 km NE of Al Hoceïma, Morocco",low
1994-01-31 17:45:33.920000+00:00,35.487,-3.516,10.0,3.0,mblg,"46 km NE of Al Hoceïma, Morocco",low
1994-01-27 23:17:59.280000+00:00,31.748,-10.009,30.0,3.9,mb,"34 km NW of Essaouira, Morocco",medium
1994-01-21 18:32:28.450000+00:00,32.841,-5.242,11.7,3.7,m,"40 km ESE of Khenifra, Morocco",medium
1994-01-08 04:21:07.660000+00:00,34.812,-4.343,90.9,2.9,md,"14 km S of Targuist, Morocco",low
1993-12-30 11:34:33.350000+00:00,34.245,-3.995,10.0,2.5,m,"4 km NNE of Taza, Morocco",low
1993-12-21 16:58:04.560000+00:00,35.374,-3.681,33.0,2.8,md,"26 km ENE of Al Hoceïma, Morocco",low
1993-12-15 10:24:13+00:00,35.717,-4.563,24.4,3.0,md,"65 km E of Martil, Morocco",low
1993-12-09 19:28:12.360000+00:00,34.05,-4.882,5.0,4.1,md,"7 km ESE of Fès al Bali, Morocco",medium
1993-11-30 13:17:25.220000+00:00,32.486,-5.668,10.0,3.1,mblg,"29 km SE of Zawyat ech Cheïkh, Morocco",low
1993-11-09 10:24:54.200000+00:00,34.321,-3.495,10.0,2.9,mblg,"16 km NW of Guercif, Morocco",low
1993-11-07 13:01:54.500000+00:00,34.337,-3.291,10.0,2.9,mblg,"13 km NNE of Guercif, Morocco",low
1993-10-24 05:46:09.140000+00:00,35.156,-4.888,33.0,2.8,md,"34 km E of Chefchaouene, Morocco",low
1993-10-24 01:41:43.260000+00:00,31.164,-8.986,10.0,2.9,m,"77 km N of Taroudant, Morocco",low
1993-10-09 21:52:52+00:00,31.34,-7.579,10.0,3.1,m,"15 km NE of Setti Fatma, Morocco",low
1993-10-03 21:20:08.130000+00:00,35.048,-3.114,33.0,2.8,mblg,"10 km WNW of Al Aaroui, Morocco",low
1993-10-03 20:13:46.930000+00:00,34.926,-3.08,33.0,2.7,mblg,"11 km SW of Al Aaroui, Morocco",low
1993-09-29 05:45:29.750000+00:00,31.763,-3.55,10.0,3.9,md,"74 km ENE of Arfoud, Morocco",medium
1993-09-13 03:20:39.300000+00:00,35.812,-4.681,33.0,3.2,md,"57 km ENE of Cap Negro II, Morocco",low
1993-08-29 06:06:43.160000+00:00,32.789,-5.567,33.0,3.3,md,"18 km SSE of Khenifra, Morocco",low
1993-08-21 19:43:15.750000+00:00,34.959,-4.354,10.0,2.8,mblg,"4 km NW of Targuist, Morocco",low
1993-08-20 21:10:25.880000+00:00,35.162,-4.356,10.0,3.1,md,"25 km N of Targuist, Morocco",low
1993-07-23 22:13:24.760000+00:00,32.36,-6.197,10.0,2.9,md,"14 km E of Beni Mellal, Morocco",low
1993-07-18 15:32:27.600000+00:00,35.374,-2.466,10.0,3.1,mblg,"38 km NNW of Saidia, Morocco",low
1993-07-16 17:12:01.710000+00:00,33.065,-4.512,10.0,2.7,md,"47 km NNE of Midelt, Morocco",low
1993-07-12 02:53:15.430000+00:00,35.254,-2.306,10.0,3.1,mblg,"20 km NNW of Saidia, Morocco",low
1993-06-27 13:46:15.090000+00:00,33.326,-5.195,10.0,3.8,md,"12 km SSE of Azrou, Morocco",medium
1993-06-09 22:45:02.240000+00:00,35.304,-2.284,10.0,3.7,mblg,"25 km NNW of Saidia, Morocco",medium
1993-06-02 01:54:47.550000+00:00,35.025,-2.967,10.0,3.0,m,"4 km ENE of Al Aaroui, Morocco",low
1993-06-01 23:04:17.050000+00:00,35.221,-2.24,5.0,3.1,mblg,"15 km N of Saidia, Morocco",low
1993-05-24 09:50:32.160000+00:00,35.262,-2.52,24.1,3.5,mblg,"33 km NW of Saidia, Morocco",medium
1993-05-23 23:39:17.270000+00:00,35.393,-2.352,7.7,2.8,mblg,"36 km NNW of Saidia, Morocco",low
1993-05-23 23:03:50.910000+00:00,35.299,-2.349,10.0,3.1,mblg,"26 km NNW of Saidia, Morocco",low
1993-05-23 11:17:00.790000+00:00,35.149,-2.339,25.7,3.3,mblg,"12 km NW of Saidia, Morocco",low
1993-05-23 10:02:34.480000+00:00,35.363,-2.205,10.0,2.6,mblg,"31 km N of Saidia, Morocco",low
1993-05-23 09:58:31.450000+00:00,35.341,-2.381,10.0,3.7,mb,"31 km NNW of Saidia, Morocco",medium
1993-05-23 08:44:35.020000+00:00,34.933,-2.449,10.0,2.8,mblg,"11 km W of Berkane, Morocco",low
1993-05-23 07:40:56.940000+00:00,35.357,-2.502,26.5,5.4,mb,"39 km NW of Saidia, Morocco",high
1993-05-01 00:22:21.120000+00:00,35.294,-6.216,61.4,4.2,mb,"12 km NNW of Larache, Morocco",medium
1993-04-18 05:43:19.930000+00:00,35.899,-3.734,10.0,4.0,mblg,"74 km NNE of Al Hoceïma, Morocco",medium
1993-03-24 18:50:02.560000+00:00,35.259,-3.6,10.0,2.8,mblg,"26 km ENE of Imzouren, Morocco",low
1993-03-23 23:03:50.740000+00:00,35.107,-2.368,28.9,3.1,mblg,"12 km WNW of Saidia, Morocco",low
1993-03-23 11:17:00.610000+00:00,35.207,-2.386,10.0,3.3,mblg,"19 km NW of Saidia, Morocco",low
1993-03-23 10:02:31.530000+00:00,35.106,-2.093,10.0,2.6,mblg,"12 km ENE of Saidia, Morocco",low
1993-03-23 09:58:28.790000+00:00,34.918,-2.378,49.0,3.2,mblg,"5 km W of Berkane, Morocco",low
1993-03-23 08:44:40.220000+00:00,35.227,-2.647,19.3,2.8,mblg,"26 km ENE of Nador, Morocco",low
1993-03-23 07:40:31.810000+00:00,33.604,-2.269,10.0,4.4,mblg,"50 km SSW of Aïn Beni Mathar, Morocco",medium
1993-02-10 21:35:52.200000+00:00,33.058,-6.59,10.0,3.5,md,"21 km N of Oued Zem, Morocco",medium
1993-01-08 01:43:08.110000+00:00,30.638,-6.256,33.0,3.9,md,"52 km NW of Zagora, Morocco",medium
1993-01-01 02:09:26.100000+00:00,35.712,-4.507,10.0,2.9,mblg,"70 km E of Martil, Morocco",low
1992-12-10 23:37:06.310000+00:00,32.186,-5.782,10.0,3.4,md,"52 km SSE of Zawyat ech Cheïkh, Morocco",low
1992-12-10 23:23:53.870000+00:00,32.199,-5.786,10.0,3.5,md,"50 km SSE of Zawyat ech Cheïkh, Morocco",medium
1992-11-29 19:56:49+00:00,35.149,-3.784,10.0,3.7,md,"6 km E of Imzouren, Morocco",medium
1992-11-22 21:49:09.980000+00:00,35.196,-3.86,10.0,2.3,mblg,"5 km N of Imzouren, Morocco",low
1992-11-22 21:24:59.250000+00:00,35.312,-3.806,10.0,3.1,mblg,"13 km ENE of Al Hoceïma, Morocco",low
1992-11-19 02:44:25.300000+00:00,35.238,-3.66,10.0,3.0,mblg,"20 km ENE of Imzouren, Morocco",low
1992-11-08 15:14:18.150000+00:00,34.793,-4.305,33.0,3.7,mb,"16 km S of Targuist, Morocco",medium
1992-10-31 10:32:59.870000+00:00,35.727,-3.551,10.0,3.4,mblg,"63 km NNE of Al Hoceïma, Morocco",low
1992-10-30 21:09:53.340000+00:00,35.582,-3.698,10.0,3.1,mblg,"42 km NNE of Al Hoceïma, Morocco",low
1992-10-30 10:43:58.420000+00:00,31.284,-4.372,25.6,5.6,mw,"10 km W of Reçani, Morocco",high
1992-10-23 09:11:09+00:00,31.355,-4.318,28.6,5.6,mw,"9 km NNW of Reçani, Morocco",high
1992-10-20 16:14:37.890000+00:00,35.301,-2.327,10.0,3.0,mblg,"25 km NNW of Saidia, Morocco",low
1992-10-06 21:34:40.940000+00:00,34.193,-5.893,10.0,3.7,md,Morocco,medium
1992-09-12 00:07:48.250000+00:00,35.727,-4.443,33.0,3.3,md,"69 km NW of Al Hoceïma, Morocco",low
1992-07-31 16:58:52.650000+00:00,35.657,-4.468,33.0,3.1,mblg,"65 km NW of Al Hoceïma, Morocco",low
1992-06-23 09:48:23.850000+00:00,35.824,-6.578,33.0,2.8,mblg,"63 km NW of Asilah, Morocco",low
1992-06-03 17:41:53.930000+00:00,34.645,-5.886,10.0,2.8,md,"10 km NE of Mechraa Bel Ksiri, Morocco",low
1992-05-28 08:48:18.800000+00:00,34.622,-5.699,33.0,3.5,md,"22 km SSW of Ouezzane, Morocco",medium
1992-05-15 17:07:12.360000+00:00,34.892,-4.846,10.0,3.4,md,"43 km NNW of Taounate, Morocco",low
1992-05-14 15:48:10.630000+00:00,35.268,-2.423,10.0,3.8,mb,"27 km NW of Saidia, Morocco",medium
1992-05-12 23:18:05.140000+00:00,35.265,-2.484,10.0,3.7,mb,"30 km NW of Saidia, Morocco",medium
1992-05-06 23:10:17.260000+00:00,35.66,-4.211,10.0,2.7,mblg,"51 km NNW of Al Hoceïma, Morocco",low
1992-04-28 00:06:07.010000+00:00,35.787,-4.606,114.3,3.2,mb,"63 km ENE of Cap Negro II, Morocco",low
1992-04-16 22:32:05.430000+00:00,34.734,-5.529,10.0,3.7,md,"8 km SSE of Ouezzane, Morocco",medium
1992-04-16 18:20:10.690000+00:00,35.312,-2.383,5.0,3.2,mblg,"29 km NNW of Saidia, Morocco",low
1992-04-09 05:04:07.190000+00:00,35.247,-2.408,10.0,2.8,mblg,"24 km NW of Saidia, Morocco",low
1992-04-05 21:16:35.740000+00:00,30.479,-9.919,10.0,3.7,mb,"21 km WSW of Taghazout, Morocco",medium
1992-03-30 22:27:39.900000+00:00,35.432,-3.664,19.2,3.3,mblg,"31 km NE of Al Hoceïma, Morocco",low
1992-03-30 21:00:52.050000+00:00,35.28,-3.824,10.0,2.8,mblg,"10 km ENE of Al Hoceïma, Morocco",low
1992-03-30 20:50:55.640000+00:00,35.429,-3.65,10.0,3.0,mblg,"32 km NE of Al Hoceïma, Morocco",low
1992-03-25 05:48:31.080000+00:00,32.402,-5.502,10.0,3.4,md,"47 km SE of Zawyat ech Cheïkh, Morocco",low
1992-03-21 10:18:54.990000+00:00,35.31,-2.448,10.0,3.2,mb,"32 km NW of Saidia, Morocco",low
1992-03-19 16:13:11.190000+00:00,35.557,-4.521,10.0,2.9,mblg,"62 km NW of Tirhanimîne, Morocco",low
1992-03-18 12:04:11.670000+00:00,35.317,-2.306,10.0,3.7,mblg,"27 km NNW of Saidia, Morocco",medium
1992-03-18 10:02:21.060000+00:00,35.22,-2.387,10.0,3.1,mblg,"21 km NW of Saidia, Morocco",low
1992-03-17 20:01:06.840000+00:00,35.407,-2.48,10.0,3.0,mblg,"42 km NNW of Saidia, Morocco",low
1992-03-13 18:07:24.030000+00:00,35.212,-2.365,10.0,3.9,mblg,"19 km NW of Saidia, Morocco",medium
1992-03-13 17:43:32.300000+00:00,35.284,-2.396,10.0,3.3,mblg,"27 km NW of Saidia, Morocco",low
1992-03-13 05:19:20.880000+00:00,35.24,-2.428,10.6,3.4,mblg,"25 km NW of Saidia, Morocco",low
1992-03-13 00:37:01.330000+00:00,35.274,-2.44,16.6,4.3,mb,"28 km NW of Saidia, Morocco",medium
1992-03-12 15:51:33.150000+00:00,35.23,-2.232,10.0,3.3,mblg,"16 km N of Saidia, Morocco",low
1992-03-12 13:21:17.210000+00:00,35.219,-2.42,10.0,3.3,mblg,"23 km NW of Saidia, Morocco",low
1992-02-17 18:17:10.990000+00:00,34.873,-3.516,10.0,3.8,md,"7 km SSE of Midar, Morocco",medium
1992-02-12 20:05:49.710000+00:00,35.776,-4.874,91.5,3.0,md,"39 km ENE of Cap Negro II, Morocco",low
1991-12-19 13:15:41.620000+00:00,33.11,-7.3,10.0,2.7,md,"31 km ESE of Berrechid, Morocco",low
1991-12-16 10:11:57.780000+00:00,35.37,-3.553,10.0,2.8,mblg,"36 km NE of Imzouren, Morocco",low
1991-12-14 11:56:44.450000+00:00,34.293,-6.897,10.0,2.5,md,Morocco,low
1991-11-14 14:37:10.150000+00:00,28.695,-10.403,10.0,4.3,mb,"46 km SW of Guelmim, Morocco",medium
1991-11-13 04:35:35.240000+00:00,34.849,-5.072,10.0,3.1,mb,"39 km SSE of Chefchaouene, Morocco",low
1991-09-22 02:52:32.400000+00:00,35.254,-3.637,10.0,2.8,mblg,"22 km ENE of Imzouren, Morocco",low
1991-09-12 08:27:48.240000+00:00,34.036,-9.015,33.0,3.0,mblg,"98 km NNW of El Jadid, Morocco",low
1991-08-21 09:16:54.690000+00:00,35.364,-3.855,10.0,3.4,mblg,"14 km NNE of Al Hoceïma, Morocco",low
1991-07-07 11:25:36.420000+00:00,35.42,-6.357,33.0,3.8,md,"29 km W of Asilah, Morocco",medium
1991-07-06 13:34:54.160000+00:00,35.378,-3.579,9.8,3.8,mb,"35 km ENE of Al Hoceïma, Morocco",medium
1991-05-20 08:58:22.220000+00:00,34.806,-5.352,10.0,3.7,md,"20 km E of Ouezzane, Morocco",medium
1991-05-16 15:44:42.830000+00:00,31.303,-7.576,33.0,3.8,md,"12 km NE of Setti Fatma, Morocco",medium
1991-03-04 11:44:14.780000+00:00,34.812,-5.622,10.0,4.1,md,"4 km WNW of Ouezzane, Morocco",medium
1991-03-04 06:04:50.090000+00:00,35.253,-3.506,33.0,2.4,mblg,"33 km ENE of Imzouren, Morocco",low
1991-02-03 15:44:07.360000+00:00,35.369,-6.257,90.0,3.8,md,"21 km NNW of Larache, Morocco",medium
1990-11-12 20:58:55.210000+00:00,32.473,-3.584,33.0,4.4,md,"99 km NE of Errachidia, Morocco",medium
1990-10-25 01:37:16.720000+00:00,35.098,-3.947,10.0,3.2,mblg,"9 km W of Bni Bouayach, Morocco",low
1990-08-13 01:45:44.740000+00:00,35.001,-4.196,10.0,3.5,md,"13 km ENE of Targuist, Morocco",medium
1990-07-24 03:57:30.090000+00:00,34.771,-4.086,16.3,3.8,md,"28 km SE of Targuist, Morocco",medium
1990-06-20 08:05:23.610000+00:00,35.314,-3.764,10.0,3.6,mb,"17 km ENE of Al Hoceïma, Morocco",medium
1990-05-23 03:29:32.140000+00:00,32.548,-2.646,10.0,4.4,md,"64 km W of Bouarfa, Morocco",medium
1990-05-16 13:25:27.020000+00:00,34.929,-4.063,33.0,3.4,md,"23 km E of Targuist, Morocco",low
1990-05-15 23:32:17.780000+00:00,34.971,-4.082,10.0,3.8,md,"21 km E of Targuist, Morocco",medium
1990-04-18 11:34:39.940000+00:00,35.302,-4.006,10.0,3.2,mblg,"8 km NW of Al Hoceïma, Morocco",low
1990-04-18 09:44:29.220000+00:00,35.389,-4.031,10.0,4.1,mb,"17 km NNW of Al Hoceïma, Morocco",medium
1990-04-13 22:17:13.460000+00:00,35.624,-4.792,86.3,4.2,mb,"43 km E of Martil, Morocco",medium
1990-04-02 02:36:13.010000+00:00,35.373,-3.68,10.0,2.9,mblg,"26 km ENE of Al Hoceïma, Morocco",low
1990-03-31 16:58:45.440000+00:00,35.269,-4.541,10.0,2.5,mblg,"41 km NNW of Targuist, Morocco",low
1990-03-13 09:20:49.250000+00:00,35.005,-3.779,10.0,2.8,mblg,"12 km SSE of Bni Bouayach, Morocco",low
1989-12-08 01:08:03.120000+00:00,31.941,-6.292,5.0,3.8,md,"27 km NNE of Ifrane, Morocco",medium
1989-10-17 02:26:11.240000+00:00,35.501,-5.756,76.8,2.7,md,"25 km E of Asilah, Morocco",low
1989-10-11 17:14:19.290000+00:00,34.976,-3.808,10.0,3.0,mblg,"14 km SSE of Bni Bouayach, Morocco",low
1989-09-27 02:10:21.520000+00:00,35.577,-5.594,89.5,3.7,md,"20 km W of Tétouan, Morocco",medium
1989-09-16 16:08:44.550000+00:00,34.825,-4.758,10.0,2.7,md,"33 km NNW of Taounate, Morocco",low
1989-09-16 04:17:58.230000+00:00,35.199,-3.894,10.0,3.4,mblg,"6 km SE of Tirhanimîne, Morocco",low
1989-08-30 08:52:11.550000+00:00,35.192,-3.791,14.9,3.8,md,"7 km NE of Imzouren, Morocco",medium
1989-08-23 08:09:39.280000+00:00,34.51,-5.506,10.0,3.5,md,"32 km SSE of Ouezzane, Morocco",medium
1989-08-23 06:45:50.770000+00:00,34.509,-5.435,10.0,3.0,md,"34 km SSE of Ouezzane, Morocco",low
1989-08-23 06:28:52.960000+00:00,34.5,-5.347,10.0,3.8,md,"39 km SSE of Ouezzane, Morocco",medium
1989-08-23 05:30:57.200000+00:00,34.521,-5.199,10.0,3.7,md,"46 km SE of Ouezzane, Morocco",medium
1989-08-22 07:06:36.600000+00:00,35.186,-3.829,10.0,3.8,md,"4 km NNE of Imzouren, Morocco",medium
1989-08-18 11:06:22.880000+00:00,35.597,-3.889,10.0,3.1,md,"38 km N of Al Hoceïma, Morocco",low
1989-08-12 04:12:52.390000+00:00,35.26,-3.789,10.0,3.6,md,"13 km E of Al Hoceïma, Morocco",medium
1989-08-06 04:32:57.880000+00:00,35.064,-3.528,10.0,3.7,mb,"13 km N of Midar, Morocco",medium
1989-08-05 10:26:03.130000+00:00,34.85,-5.525,10.0,3.4,md,"7 km NE of Ouezzane, Morocco",low
1989-06-30 10:07:57.790000+00:00,35.294,-3.711,10.0,3.0,mblg,"20 km NE of Imzouren, Morocco",low
1989-05-07 17:45:47.910000+00:00,32.911,-5.094,10.0,3.7,md,"41 km NW of Midelt, Morocco",medium
1989-03-08 00:26:08.140000+00:00,35.353,-4.2,10.0,3.0,m,"25 km WNW of Tirhanimîne, Morocco",low
1989-01-07 14:43:09.860000+00:00,35.423,-5.012,33.0,3.3,m,"32 km SE of Martil, Morocco",low
1988-11-21 10:19:05.420000+00:00,31.466,-9.541,10.0,4.4,mb,"22 km ESE of Essaouira, Morocco",medium
1988-10-28 22:05:39.490000+00:00,34.933,-5.82,10.0,3.5,m,"10 km SE of Ksar El Kebir, Morocco",medium
1988-10-20 22:51:58.880000+00:00,35.49,-3.844,10.0,3.7,m,"27 km NNE of Al Hoceïma, Morocco",medium
1988-10-13 06:32:46.370000+00:00,35.758,-4.639,133.8,3.0,m,"59 km E of Cap Negro II, Morocco",low
1988-10-05 00:42:11.010000+00:00,35.505,-3.858,32.3,3.8,mb,"29 km NNE of Al Hoceïma, Morocco",medium
1988-09-22 23:44:30.300000+00:00,31.442,-7.672,10.0,3.7,m,"24 km N of Setti Fatma, Morocco",medium
1988-07-28 17:37:53.450000+00:00,35.361,-4.824,116.5,3.6,md,"45 km ENE of Chefchaouene, Morocco",medium
1988-07-24 00:47:22.530000+00:00,35.443,-3.678,10.0,3.3,m,"31 km NE of Al Hoceïma, Morocco",low
1988-05-08 19:59:33.190000+00:00,35.458,-4.902,10.0,2.7,m,"38 km ESE of Martil, Morocco",low
1988-04-30 03:39:33.710000+00:00,34.637,-5.536,10.0,3.9,mb,"18 km SSE of Ouezzane, Morocco",medium
1988-04-09 20:27:24.770000+00:00,31.449,-9.936,10.0,4.7,mb,"17 km WSW of Essaouira, Morocco",high
1988-04-09 09:50:45.710000+00:00,34.999,-3.413,27.9,4.3,m,"12 km ENE of Midar, Morocco",medium
1988-02-26 17:32:02.010000+00:00,35.205,-6.242,10.0,3.2,m,"7 km W of Larache, Morocco",low
1987-12-24 00:45:40.770000+00:00,35.43,-3.789,33.0,3.5,m,"23 km NE of Al Hoceïma, Morocco",medium
1987-12-10 00:20:26.650000+00:00,35.44,-3.82,33.0,3.8,m,"23 km NNE of Al Hoceïma, Morocco",medium
1987-12-10 00:02:16.210000+00:00,35.426,-3.76,33.0,3.2,m,"25 km NE of Al Hoceïma, Morocco",low
1987-12-09 15:40:34.230000+00:00,35.484,-3.785,30.2,4.6,mb,"29 km NNE of Al Hoceïma, Morocco",high
1987-07-31 15:45:19.250000+00:00,33.488,-4.101,10.0,3.7,mb,"46 km S of Tmourghout, Morocco",medium
1987-07-23 11:57:31.430000+00:00,35.636,-5.763,86.9,3.5,m,"14 km SSE of Tangier, Morocco",medium
1987-03-01 14:10:29.760000+00:00,35.384,-3.622,10.0,3.1,m,"32 km ENE of Al Hoceïma, Morocco",low
1987-01-08 23:10:12.740000+00:00,35.403,-3.618,15.6,4.3,mb,"33 km ENE of Al Hoceïma, Morocco",medium
1987-01-04 06:41:56.200000+00:00,35.408,-3.52,10.0,3.8,m,"41 km ENE of Al Hoceïma, Morocco",medium
1987-01-02 08:14:48.640000+00:00,35.373,-3.691,10.0,3.7,m,"26 km ENE of Al Hoceïma, Morocco",medium
1986-12-28 21:23:25.920000+00:00,35.384,-3.543,10.0,3.4,m,"38 km NE of Imzouren, Morocco",low
1986-12-28 14:13:44.610000+00:00,35.757,-5.122,10.0,3.2,m,"18 km NE of Cap Negro II, Morocco",low
1986-12-24 16:11:35.390000+00:00,35.651,-3.932,10.0,3.3,m,"44 km N of Al Hoceïma, Morocco",low
1986-04-03 22:33:13.540000+00:00,35.071,-4.691,33.0,3.3,m,"37 km WNW of Targuist, Morocco",low
1986-01-29 07:50:13.250000+00:00,32.079,-5.394,10.0,4.2,m,"63 km NNE of Tinghir, Morocco",medium
1986-01-28 20:01:28.370000+00:00,31.999,-5.318,22.2,5.2,mw,"57 km NNE of Tinghir, Morocco",high
1986-01-28 11:13:22.160000+00:00,31.996,-5.389,10.0,4.2,mb,"55 km NNE of Tinghir, Morocco",medium
1986-01-24 18:37:48.430000+00:00,35.127,-4.292,10.0,3.2,m,"21 km N of Targuist, Morocco",low
1983-11-24 20:55:40.980000+00:00,34.733,-4.541,78.5,4.6,mb,"23 km NNE of Taounate, Morocco",high
1983-09-20 08:39:13.080000+00:00,34.864,-5.137,33.0,4.5,mb,"35 km SSE of Chefchaouene, Morocco",high
1980-12-08 06:51:20.300000+00:00,35.879,-2.182,10.0,4.3,mb,"88 km N of Saidia, Morocco",medium
1979-06-16 13:51:41.500000+00:00,32.952,-5.344,10.0,4.0,mb,"29 km E of Khenifra, Morocco",medium
1979-02-24 21:19:21+00:00,34.982,-4.38,10.0,4.3,mb,"7 km NW of Targuist, Morocco",medium
1979-01-17 17:43:35.800000+00:00,33.642,-5.262,33.0,4.6,ms,"11 km ESE of El Hajeb, Morocco",high
1977-01-15 23:58:46.800000+00:00,33.572,-3.55,33.0,4.4,mb,"57 km SE of Tmourghout, Morocco",medium
1975-02-15 02:44:56.200000+00:00,34.915,-4.131,33.0,3.5,mb,"17 km E of Targuist, Morocco",medium
1974-07-14 02:55:26.700000+00:00,35.591,-3.735,31.0,4.4,mb,"41 km NNE of Al Hoceïma, Morocco",medium
1974-06-10 04:23:28.600000+00:00,33.611,-3.79,39.0,4.3,mb,"39 km SSE of Tmourghout, Morocco",medium
1973-04-29 14:37:53.900000+00:00,34.642,-4.073,19.0,4.6,mb,"39 km SE of Targuist, Morocco",high
1971-07-02 21:11:10.170000+00:00,34.034,-5.298,15.0,5.07,mw,"27 km W of Fès, Morocco",high
1970-04-07 09:16:13.600000+00:00,34.909,-3.821,15.0,5.24,mw,"21 km S of Bni Bouayach, Morocco",high
1968-04-17 09:12:06.260000+00:00,35.28,-3.816,15.0,5.31,mw,"11 km ENE of Al Hoceïma, Morocco",high
1967-08-28 21:15:34.690000+00:00,31.385,-6.181,15.0,5.14,mw,"16 km NNW of Kelaat Mgouna, Morocco",high
1964-11-15 20:03:53.050000+00:00,34.863,-5.438,15.0,5.15,mw,"14 km ENE of Ouezzane, Morocco",high
1960-02-29 23:40:19.840000+00:00,30.434,-9.624,10.0,5.91,mw,"2 km WNW of Agadir, Morocco",high
