date,PRECTOTCORR,RH2M,T2M,WS2M,GWETTOP,PS,region,lat,lon,severity_label,date_str,month,day_of_year
20200118,3.34,90.46,15.38,2.8,0.59,102.33,Tanger-Tetouan-Al Hoceima,35.77,-5.8,low,20200118,1,18
20200119,2.57,75.42,13.69,5.36,0.61,101.4,Tanger-Tetouan-Al Hoceima,35.77,-5.8,low,20200119,1,19
20200120,3.91,73.01,11.55,4.85,0.61,100.73,Tanger-Tetouan-Al Hoceima,35.77,-5.8,low,20200120,1,20
20200121,2.15,77.16,12.36,2.2,0.62,100.69,Tanger-Tetouan-Al Hoceima,35.77,-5.8,low,20200121,1,21
20200122,13.79,79.61,12.61,2.59,0.68,100.87,Tanger-Tetouan-Al Hoceima,35.77,-5.8,medium,20200122,1,22
20200123,14.88,84.3,13.27,3.48,0.71,101.07,Tanger-Tetouan-Al Hoceima,35.77,-5.8,medium,20200123,1,23
20200124,13.82,87.86,13.64,3.65,0.74,101.25,Tanger-Tetouan-Al Hoceima,35.77,-5.8,medium,20200124,1,24
20200125,21.76,88.74,13.72,4.68,0.78,101.12,Tanger-Tetouan-Al Hoceima,35.77,-5.8,medium,20200125,1,25
20200301,1.48,88.9,16.14,3.56,0.61,101.34,Tanger-Tetouan-Al Hoceima,35.77,-5.8,low,20200301,3,61
20200316,1.15,66.95,14.1,4.52,0.58,100.97,Tanger-Tetouan-Al Hoceima,35.77,-5.8,low,20200316,3,76
20200317,15.92,77.72,13.54,4.23,0.64,101.1,Tanger-Tetouan-Al Hoceima,35.77,-5.8,medium,20200317,3,77
20200319,5.68,85.28,15.44,7.56,0.64,100.94,Tanger-Tetouan-Al Hoceima,35.77,-5.8,medium,20200319,3,79
20200320,13.07,88.23,15.32,5.65,0.65,100.7,Tanger-Tetouan-Al Hoceima,35.77,-5.8,medium,20200320,3,80
20200321,6.37,77.95,14.35,5.03,0.69,100.7,Tanger-Tetouan-Al Hoceima,35.77,-5.8,medium,20200321,3,81
20200322,6.97,77.76,13.74,2.46,0.69,100.54,Tanger-Tetouan-Al Hoceima,35.77,-5.8,medium,20200322,3,82
20200323,6.23,82.71,13.6,3.76,0.68,100.49,Tanger-Tetouan-Al Hoceima,35.77,-5.8,medium,20200323,3,83
20200324,27.7,80.6,14.99,3.05,0.75,100.33,Tanger-Tetouan-Al Hoceima,35.77,-5.8,high,20200324,3,84
20200325,1.14,80.15,14.07,3.99,0.69,100.95,Tanger-Tetouan-Al Hoceima,35.77,-5.8,low,20200325,3,85
20200330,7.11,80.6,15.3,2.53,0.68,100.54,Tanger-Tetouan-Al Hoceima,35.77,-5.8,medium,20200330,3,90
20200331,25.25,83.87,16.27,4.83,0.77,100.11,Tanger-Tetouan-Al Hoceima,35.77,-5.8,high,20200331,3,91
20200401,4.83,77.44,14.83,3.6,0.72,100.72,Tanger-Tetouan-Al Hoceima,35.77,-5.8,low,20200401,4,92
20200402,5.71,75.03,14.29,4.7,0.71,100.71,Tanger-Tetouan-Al Hoceima,35.77,-5.8,medium,20200402,4,93
20200404,1.82,84.59,15.4,6.04,0.68,100.78,Tanger-Tetouan-Al Hoceima,35.77,-5.8,low,20200404,4,95
20200412,2.58,87.59,16.17,6.01,0.65,100.74,Tanger-Tetouan-Al Hoceima,35.77,-5.8,low,20200412,4,103
20200413,2.99,85.58,16.44,2.17,0.66,100.35,Tanger-Tetouan-Al Hoceima,35.77,-5.8,low,20200413,4,104
20200414,3.31,83.22,16.49,2.43,0.66,100.47,Tanger-Tetouan-Al Hoceima,35.77,-5.8,low,20200414,4,105
20200415,4.51,83.24,17.15,3.15,0.68,100.82,Tanger-Tetouan-Al Hoceima,35.77,-5.8,low,20200415,4,106
20200420,6.74,76.34,16.63,5.57,0.66,100.8,Tanger-Tetouan-Al Hoceima,35.77,-5.8,medium,20200420,4,111
20200421,7.67,77.0,16.01,6.51,0.69,100.6,Tanger-Tetouan-Al Hoceima,35.77,-5.8,medium,20200421,4,112
20200425,7.28,87.41,16.43,3.25,0.68,100.57,Tanger-Tetouan-Al Hoceima,35.77,-5.8,medium,20200425,4,116
20200509,1.77,81.21,17.87,3.8,0.59,100.83,Tanger-Tetouan-Al Hoceima,35.77,-5.8,low,20200509,5,130
20200510,2.16,76.14,17.58,5.2,0.6,100.71,Tanger-Tetouan-Al Hoceima,35.77,-5.8,low,20200510,5,131
20200511,3.14,78.92,18.1,3.75,0.61,100.72,Tanger-Tetouan-Al Hoceima,35.77,-5.8,low,20200511,5,132
20200512,16.65,77.47,17.05,3.21,0.69,100.44,Tanger-Tetouan-Al Hoceima,35.77,-5.8,medium,20200512,5,133
20200513,11.72,75.88,17.0,4.3,0.68,100.25,Tanger-Tetouan-Al Hoceima,35.77,-5.8,medium,20200513,5,134
20200514,5.86,73.43,17.26,5.59,0.68,100.23,Tanger-Tetouan-Al Hoceima,35.77,-5.8,medium,20200514,5,135
20200515,13.48,79.88,16.51,2.67,0.71,100.54,Tanger-Tetouan-Al Hoceima,35.77,-5.8,medium,20200515,5,136
20200531,2.75,81.48,19.02,3.52,0.59,100.56,Tanger-Tetouan-Al Hoceima,35.77,-5.8,low,20200531,5,152
20200605,1.16,81.59,20.23,2.92,0.57,100.9,Tanger-Tetouan-Al Hoceima,35.77,-5.8,low,20200605,6,157
20200606,1.54,77.6,20.74,2.63,0.57,100.67,Tanger-Tetouan-Al Hoceima,35.77,-5.8,low,20200606,6,158
20200607,5.94,80.68,19.87,4.24,0.6,100.82,Tanger-Tetouan-Al Hoceima,35.77,-5.8,medium,20200607,6,159
20200612,2.47,79.49,18.67,4.96,0.58,100.69,Tanger-Tetouan-Al Hoceima,35.77,-5.8,low,20200612,6,164
20200810,1.08,72.15,25.8,0.79,0.37,100.5,Tanger-Tetouan-Al Hoceima,35.77,-5.8,low,20200810,8,223
20200811,2.18,76.01,24.19,2.54,0.4,100.59,Tanger-Tetouan-Al Hoceima,35.77,-5.8,low,20200811,8,224
20200917,1.07,82.65,23.01,1.62,0.32,100.81,Tanger-Tetouan-Al Hoceima,35.77,-5.8,low,20200917,9,261
20200918,3.27,82.48,22.45,3.74,0.42,100.87,Tanger-Tetouan-Al Hoceima,35.77,-5.8,low,20200918,9,262
20201002,2.29,77.75,20.09,6.38,0.35,100.32,Tanger-Tetouan-Al Hoceima,35.77,-5.8,low,20201002,10,276
20201020,12.58,82.1,19.94,3.86,0.43,100.57,Tanger-Tetouan-Al Hoceima,35.77,-5.8,medium,20201020,10,294
20201021,4.0,85.37,19.69,3.59,0.55,100.62,Tanger-Tetouan-Al Hoceima,35.77,-5.8,low,20201021,10,295
20201022,8.7,84.84,19.14,3.06,0.59,100.93,Tanger-Tetouan-Al Hoceima,35.77,-5.8,medium,20201022,10,296
20201023,2.48,75.83,19.01,2.16,0.56,101.75,Tanger-Tetouan-Al Hoceima,35.77,-5.8,low,20201023,10,297
20201025,2.93,77.88,18.44,4.06,0.54,101.56,Tanger-Tetouan-Al Hoceima,35.77,-5.8,low,20201025,10,299
20201026,3.73,71.62,17.44,4.39,0.56,101.5,Tanger-Tetouan-Al Hoceima,35.77,-5.8,low,20201026,10,300
20201104,5.33,87.75,18.02,3.63,0.54,100.93,Tanger-Tetouan-Al Hoceima,35.77,-5.8,medium,20201104,11,309
20201105,8.99,82.0,19.11,3.82,0.6,100.61,Tanger-Tetouan-Al Hoceima,35.77,-5.8,medium,20201105,11,310
20201107,3.47,78.13,19.21,3.55,0.56,101.39,Tanger-Tetouan-Al Hoceima,35.77,-5.8,low,20201107,11,312
20201109,2.69,81.23,18.24,2.05,0.55,101.65,Tanger-Tetouan-Al Hoceima,35.77,-5.8,low,20201109,11,314
20201114,4.79,89.36,18.52,1.84,0.57,101.48,Tanger-Tetouan-Al Hoceima,35.77,-5.8,low,20201114,11,319
20201124,1.15,78.46,17.18,2.98,0.52,101.61,Tanger-Tetouan-Al Hoceima,35.77,-5.8,low,20201124,11,329
20201125,10.23,83.38,17.33,3.38,0.59,100.82,Tanger-Tetouan-Al Hoceima,35.77,-5.8,medium,20201125,11,330
20201126,13.02,77.59,14.68,3.91,0.65,100.19,Tanger-Tetouan-Al Hoceima,35.77,-5.8,medium,20201126,11,331
20201127,5.33,74.72,13.5,2.4,0.62,100.02,Tanger-Tetouan-Al Hoceima,35.77,-5.8,medium,20201127,11,332
20201128,15.39,81.26,15.83,4.34,0.64,100.31,Tanger-Tetouan-Al Hoceima,35.77,-5.8,medium,20201128,11,333
20201129,11.01,87.82,16.61,3.81,0.7,100.76,Tanger-Tetouan-Al Hoceima,35.77,-5.8,medium,20201129,11,334
20201130,2.89,85.46,17.15,6.05,0.64,101.2,Tanger-Tetouan-Al Hoceima,35.77,-5.8,low,20201130,11,335
20201204,10.32,75.2,15.25,7.61,0.64,100.04,Tanger-Tetouan-Al Hoceima,35.77,-5.8,medium,20201204,12,339
20201205,1.28,75.36,12.05,5.7,0.62,100.45,Tanger-Tetouan-Al Hoceima,35.77,-5.8,low,20201205,12,340
20201207,3.64,81.55,16.06,5.75,0.62,101.19,Tanger-Tetouan-Al Hoceima,35.77,-5.8,low,20201207,12,342
20201208,2.3,78.34,16.4,6.57,0.61,101.33,Tanger-Tetouan-Al Hoceima,35.77,-5.8,low,20201208,12,343
20201209,1.17,77.48,14.58,4.07,0.6,101.66,Tanger-Tetouan-Al Hoceima,35.77,-5.8,low,20201209,12,344
20201210,5.32,88.89,17.04,5.5,0.62,101.42,Tanger-Tetouan-Al Hoceima,35.77,-5.8,medium,20201210,12,345
20201211,3.11,90.55,17.72,6.21,0.63,101.33,Tanger-Tetouan-Al Hoceima,35.77,-5.8,low,20201211,12,346
20201214,2.92,90.94,16.96,2.95,0.61,100.81,Tanger-Tetouan-Al Hoceima,35.77,-5.8,low,20201214,12,349
20201216,14.52,83.14,15.57,2.79,0.66,100.92,Tanger-Tetouan-Al Hoceima,35.77,-5.8,medium,20201216,12,351
20201219,1.54,77.45,15.55,2.48,0.63,101.52,Tanger-Tetouan-Al Hoceima,35.77,-5.8,low,20201219,12,354
20201228,5.3,79.39,14.62,6.2,0.63,100.51,Tanger-Tetouan-Al Hoceima,35.77,-5.8,medium,20201228,12,363
20210101,3.47,75.96,12.96,5.5,0.63,101.03,Tanger-Tetouan-Al Hoceima,35.77,-5.8,low,20210101,1,1
20210105,1.55,74.71,11.79,2.12,0.61,100.43,Tanger-Tetouan-Al Hoceima,35.77,-5.8,low,20210105,1,5
20210106,55.77,90.16,12.41,6.1,0.77,100.12,Tanger-Tetouan-Al Hoceima,35.77,-5.8,high,20210106,1,6
20210107,29.74,89.77,12.54,3.12,0.82,99.84,Tanger-Tetouan-Al Hoceima,35.77,-5.8,high,20210107,1,7
20210108,30.47,89.57,14.18,2.48,0.84,99.47,Tanger-Tetouan-Al Hoceima,35.77,-5.8,high,20210108,1,8
20210109,11.94,74.39,11.34,5.67,0.79,99.94,Tanger-Tetouan-Al Hoceima,35.77,-5.8,medium,20210109,1,9
20210110,3.47,76.4,8.85,2.87,0.77,100.4,Tanger-Tetouan-Al Hoceima,35.77,-5.8,low,20210110,1,10
20210111,1.44,67.69,10.15,2.14,0.75,101.33,Tanger-Tetouan-Al Hoceima,35.77,-5.8,low,20210111,1,11
20210120,14.93,85.37,14.97,5.99,0.76,101.11,Tanger-Tetouan-Al Hoceima,35.77,-5.8,medium,20210120,1,20
20210122,3.96,82.24,15.88,6.28,0.73,101.47,Tanger-Tetouan-Al Hoceima,35.77,-5.8,low,20210122,1,22
20210123,1.29,81.9,15.02,4.96,0.71,101.58,Tanger-Tetouan-Al Hoceima,35.77,-5.8,low,20210123,1,23
20210124,3.81,89.26,16.02,5.23,0.73,101.34,Tanger-Tetouan-Al Hoceima,35.77,-5.8,low,20210124,1,24
20210125,1.2,88.85,16.05,4.71,0.71,101.48,Tanger-Tetouan-Al Hoceima,35.77,-5.8,low,20210125,1,25
20210130,1.12,86.94,15.55,5.3,0.71,101.56,Tanger-Tetouan-Al Hoceima,35.77,-5.8,low,20210130,1,30
20210205,7.0,87.17,14.46,4.42,0.71,99.74,Tanger-Tetouan-Al Hoceima,35.77,-5.8,medium,20210205,2,36
20210206,4.6,78.06,14.0,5.57,0.72,100.11,Tanger-Tetouan-Al Hoceima,35.77,-5.8,low,20210206,2,37
20210207,6.32,80.11,13.49,6.11,0.73,100.72,Tanger-Tetouan-Al Hoceima,35.77,-5.8,medium,20210207,2,38
20210208,13.86,81.28,15.11,6.55,0.77,100.72,Tanger-Tetouan-Al Hoceima,35.77,-5.8,medium,20210208,2,39
20210209,3.8,85.24,15.52,6.45,0.73,100.79,Tanger-Tetouan-Al Hoceima,35.77,-5.8,low,20210209,2,40
20210210,1.6,88.79,15.89,5.69,0.73,101.2,Tanger-Tetouan-Al Hoceima,35.77,-5.8,low,20210210,2,41
20210221,12.34,84.65,13.79,4.85,0.75,100.32,Tanger-Tetouan-Al Hoceima,35.77,-5.8,medium,20210221,2,52
20210222,1.03,68.96,13.91,3.12,0.72,101.61,Tanger-Tetouan-Al Hoceima,35.77,-5.8,low,20210222,2,53
20210225,1.88,87.94,14.89,4.8,0.71,101.87,Tanger-Tetouan-Al Hoceima,35.77,-5.8,low,20210225,2,56
20210226,10.3,88.07,14.94,5.74,0.75,101.74,Tanger-Tetouan-Al Hoceima,35.77,-5.8,medium,20210226,2,57
20210228,6.78,86.54,14.3,7.23,0.73,101.07,Tanger-Tetouan-Al Hoceima,35.77,-5.8,medium,20210228,2,59
20210301,3.68,84.84,14.73,5.77,0.73,101.05,Tanger-Tetouan-Al Hoceima,35.77,-5.8,low,20210301,3,60
20210305,28.09,87.87,15.1,3.36,0.81,100.77,Tanger-Tetouan-Al Hoceima,35.77,-5.8,high,20210305,3,64
20210306,23.28,91.53,14.52,5.84,0.82,100.94,Tanger-Tetouan-Al Hoceima,35.77,-5.8,medium,20210306,3,65
20210307,16.35,84.55,14.8,2.78,0.82,101.06,Tanger-Tetouan-Al Hoceima,35.77,-5.8,medium,20210307,3,66
20210308,1.16,83.18,13.67,3.51,0.77,100.95,Tanger-Tetouan-Al Hoceima,35.77,-5.8,low,20210308,3,67
20210320,3.92,73.53,12.41,3.84,0.73,100.73,Tanger-Tetouan-Al Hoceima,35.77,-5.8,low,20210320,3,79
20210414,4.94,86.34,15.41,6.09,0.69,100.85,Tanger-Tetouan-Al Hoceima,35.77,-5.8,low,20210414,4,104
20210424,3.2,86.99,16.12,6.8,0.65,100.58,Tanger-Tetouan-Al Hoceima,35.77,-5.8,low,20210424,4,114
20210425,2.99,86.13,16.9,2.73,0.66,100.31,Tanger-Tetouan-Al Hoceima,35.77,-5.8,low,20210425,4,115
20210426,8.05,87.48,17.28,2.96,0.69,100.22,Tanger-Tetouan-Al Hoceima,35.77,-5.8,medium,20210426,4,116
20210427,5.59,86.29,17.72,3.98,0.69,100.17,Tanger-Tetouan-Al Hoceima,35.77,-5.8,medium,20210427,4,117
20210428,1.32,83.19,17.17,2.73,0.67,100.36,Tanger-Tetouan-Al Hoceima,35.77,-5.8,low,20210428,4,118
20210508,1.4,77.24,19.37,2.75,0.61,100.74,Tanger-Tetouan-Al Hoceima,35.77,-5.8,low,20210508,5,128
20210509,1.55,83.06,18.3,4.6,0.62,100.55,Tanger-Tetouan-Al Hoceima,35.77,-5.8,low,20210509,5,129
20210527,3.51,86.47,17.38,5.01,0.59,100.92,Tanger-Tetouan-Al Hoceima,35.77,-5.8,low,20210527,5,147
20210617,1.83,81.44,20.66,3.64,0.54,100.72,Tanger-Tetouan-Al Hoceima,35.77,-5.8,low,20210617,6,168
20210618,1.59,80.36,19.93,3.63,0.55,100.88,Tanger-Tetouan-Al Hoceima,35.77,-5.8,low,20210618,6,169
20210913,3.08,80.25,23.29,3.31,0.35,100.66,Tanger-Tetouan-Al Hoceima,35.77,-5.8,low,20210913,9,256
20210914,9.07,86.46,22.67,2.14,0.55,100.61,Tanger-Tetouan-Al Hoceima,35.77,-5.8,medium,20210914,9,257
20210915,1.92,84.19,22.4,2.64,0.53,100.88,Tanger-Tetouan-Al Hoceima,35.77,-5.8,low,20210915,9,258
20210921,1.11,86.61,22.12,4.99,0.45,100.9,Tanger-Tetouan-Al Hoceima,35.77,-5.8,low,20210921,9,264
20210922,2.12,81.94,22.15,6.01,0.47,100.78,Tanger-Tetouan-Al Hoceima,35.77,-5.8,low,20210922,9,265
20211003,2.28,79.91,20.93,4.71,0.41,100.95,Tanger-Tetouan-Al Hoceima,35.77,-5.8,low,20211003,10,276
20211030,1.11,89.84,20.27,5.55,0.37,101.03,Tanger-Tetouan-Al Hoceima,35.77,-5.8,low,20211030,10,303
20211031,1.69,90.38,20.85,4.69,0.4,101.29,Tanger-Tetouan-Al Hoceima,35.77,-5.8,low,20211031,10,304
20211101,2.42,90.8,20.89,4.61,0.43,101.17,Tanger-Tetouan-Al Hoceima,35.77,-5.8,low,20211101,11,305
20211102,4.92,90.19,19.76,3.22,0.54,100.89,Tanger-Tetouan-Al Hoceima,35.77,-5.8,low,20211102,11,306
20211103,2.2,73.01,17.62,4.85,0.53,100.72,Tanger-Tetouan-Al Hoceima,35.77,-5.8,low,20211103,11,307
20211118,1.72,78.92,17.36,8.79,0.44,101.16,Tanger-Tetouan-Al Hoceima,35.77,-5.8,low,20211118,11,322
20211119,2.59,78.41,17.97,8.79,0.46,101.08,Tanger-Tetouan-Al Hoceima,35.77,-5.8,low,20211119,11,323
20211120,5.8,86.34,17.08,2.1,0.55,101.12,Tanger-Tetouan-Al Hoceima,35.77,-5.8,medium,20211120,11,324
20211121,4.01,85.21,16.69,2.53,0.57,100.92,Tanger-Tetouan-Al Hoceima,35.77,-5.8,low,20211121,11,325
20211122,5.21,81.29,16.45,3.75,0.56,100.63,Tanger-Tetouan-Al Hoceima,35.77,-5.8,medium,20211122,11,326
20211124,1.29,68.71,14.02,3.29,0.52,100.97,Tanger-Tetouan-Al Hoceima,35.77,-5.8,low,20211124,11,328
20211125,8.21,77.36,14.74,4.43,0.56,100.58,Tanger-Tetouan-Al Hoceima,35.77,-5.8,medium,20211125,11,329
20211126,2.61,72.07,13.3,3.27,0.58,100.6,Tanger-Tetouan-Al Hoceima,35.77,-5.8,low,20211126,11,330
20211202,1.38,71.89,14.01,5.45,0.53,101.15,Tanger-Tetouan-Al Hoceima,35.77,-5.8,low,20211202,12,336
20211208,4.08,78.09,15.38,5.26,0.56,101.59,Tanger-Tetouan-Al Hoceima,35.77,-5.8,low,20211208,12,342
20211220,1.27,87.0,15.47,4.88,0.52,101.5,Tanger-Tetouan-Al Hoceima,35.77,-5.8,low,20211220,12,354
20211221,4.2,86.93,16.17,3.13,0.54,101.32,Tanger-Tetouan-Al Hoceima,35.77,-5.8,low,20211221,12,355
20211222,9.29,90.08,16.01,2.28,0.61,101.36,Tanger-Tetouan-Al Hoceima,35.77,-5.8,medium,20211222,12,356
20211223,18.97,93.39,15.77,2.61,0.66,101.28,Tanger-Tetouan-Al Hoceima,35.77,-5.8,medium,20211223,12,357
20211224,19.79,94.28,15.55,3.48,0.73,100.86,Tanger-Tetouan-Al Hoceima,35.77,-5.8,medium,20211224,12,358
20211225,13.13,90.03,16.13,5.67,0.7,100.48,Tanger-Tetouan-Al Hoceima,35.77,-5.8,medium,20211225,12,359
20211226,2.31,87.0,16.78,4.36,0.65,101.03,Tanger-Tetouan-Al Hoceima,35.77,-5.8,low,20211226,12,360
20211227,1.79,91.88,17.23,3.54,0.64,101.44,Tanger-Tetouan-Al Hoceima,35.77,-5.8,low,20211227,12,361
20220104,1.24,83.53,14.56,4.71,0.59,101.44,Tanger-Tetouan-Al Hoceima,35.77,-5.8,low,20220104,1,4
20220106,1.46,76.42,13.71,3.87,0.59,101.37,Tanger-Tetouan-Al Hoceima,35.77,-5.8,low,20220106,1,6
20220124,1.34,79.89,14.24,7.19,0.55,101.68,Tanger-Tetouan-Al Hoceima,35.77,-5.8,low,20220124,1,24
20220125,3.38,81.62,14.31,8.17,0.57,101.77,Tanger-Tetouan-Al Hoceima,35.77,-5.8,low,20220125,1,25
20220126,1.07,77.32,15.19,8.02,0.56,101.5,Tanger-Tetouan-Al Hoceima,35.77,-5.8,low,20220126,1,26
20220214,1.0,76.72,14.72,3.53,0.54,101.62,Tanger-Tetouan-Al Hoceima,35.77,-5.8,low,20220214,2,45
20220224,1.01,83.54,15.21,4.22,0.53,101.26,Tanger-Tetouan-Al Hoceima,35.77,-5.8,low,20220224,2,55
20220225,2.11,87.72,15.2,6.9,0.54,101.12,Tanger-Tetouan-Al Hoceima,35.77,-5.8,low,20220225,2,56
20220226,1.62,83.87,15.16,7.94,0.53,101.01,Tanger-Tetouan-Al Hoceima,35.77,-5.8,low,20220226,2,57
20220303,2.84,76.01,14.94,5.0,0.54,101.35,Tanger-Tetouan-Al Hoceima,35.77,-5.8,low,20220303,3,62
20220306,3.41,73.15,13.9,1.34,0.56,100.53,Tanger-Tetouan-Al Hoceima,35.77,-5.8,low,20220306,3,65
20220308,1.14,74.84,14.82,2.99,0.54,101.31,Tanger-Tetouan-Al Hoceima,35.77,-5.8,low,20220308,3,67
20220311,8.08,87.61,14.71,3.52,0.58,101.19,Tanger-Tetouan-Al Hoceima,35.77,-5.8,medium,20220311,3,70
20220313,29.9,85.53,15.37,2.38,0.66,100.75,Tanger-Tetouan-Al Hoceima,35.77,-5.8,high,20220313,3,72
20220314,18.36,75.83,13.99,1.72,0.73,99.93,Tanger-Tetouan-Al Hoceima,35.77,-5.8,medium,20220314,3,73
20220315,5.82,83.18,12.21,1.34,0.69,100.2,Tanger-Tetouan-Al Hoceima,35.77,-5.8,medium,20220315,3,74
20220316,1.99,78.17,13.61,2.33,0.65,100.57,Tanger-Tetouan-Al Hoceima,35.77,-5.8,low,20220316,3,75
20220320,7.19,83.17,15.18,7.57,0.63,100.99,Tanger-Tetouan-Al Hoceima,35.77,-5.8,medium,20220320,3,79
20220321,2.19,84.84,15.36,2.5,0.63,101.22,Tanger-Tetouan-Al Hoceima,35.77,-5.8,low,20220321,3,80
20220322,19.78,90.92,15.21,4.07,0.67,101.2,Tanger-Tetouan-Al Hoceima,35.77,-5.8,medium,20220322,3,81
20220323,35.62,91.42,15.52,4.65,0.78,100.55,Tanger-Tetouan-Al Hoceima,35.77,-5.8,high,20220323,3,82
20220324,40.01,82.76,14.3,3.47,0.82,100.35,Tanger-Tetouan-Al Hoceima,35.77,-5.8,high,20220324,3,83
20220325,4.23,80.85,14.28,2.54,0.77,100.53,Tanger-Tetouan-Al Hoceima,35.77,-5.8,low,20220325,3,84
20220329,8.28,88.01,15.52,2.71,0.73,100.29,Tanger-Tetouan-Al Hoceima,35.77,-5.8,medium,20220329,3,88
20220330,2.4,82.05,15.63,5.56,0.71,100.18,Tanger-Tetouan-Al Hoceima,35.77,-5.8,low,20220330,3,89
20220331,1.42,81.91,15.88,5.89,0.69,100.56,Tanger-Tetouan-Al Hoceima,35.77,-5.8,low,20220331,3,90
20220404,17.43,77.38,13.27,9.34,0.73,99.91,Tanger-Tetouan-Al Hoceima,35.77,-5.8,medium,20220404,4,94
20220405,19.87,82.57,14.48,4.28,0.77,100.29,Tanger-Tetouan-Al Hoceima,35.77,-5.8,medium,20220405,4,95
20220406,3.16,80.25,14.31,3.33,0.74,101.09,Tanger-Tetouan-Al Hoceima,35.77,-5.8,low,20220406,4,96
20220411,2.08,88.65,15.93,2.6,0.69,100.42,Tanger-Tetouan-Al Hoceima,35.77,-5.8,low,20220411,4,101
20220412,5.49,83.75,15.67,3.69,0.71,100.56,Tanger-Tetouan-Al Hoceima,35.77,-5.8,medium,20220412,4,102
20220422,12.61,81.26,15.89,6.77,0.69,100.0,Tanger-Tetouan-Al Hoceima,35.77,-5.8,medium,20220422,4,112
20220423,1.97,73.74,15.92,6.1,0.68,100.43,Tanger-Tetouan-Al Hoceima,35.77,-5.8,low,20220423,4,113
20220426,1.11,83.18,16.02,2.72,0.66,100.7,Tanger-Tetouan-Al Hoceima,35.77,-5.8,low,20220426,4,116
20220428,1.26,77.14,17.16,1.58,0.65,101.2,Tanger-Tetouan-Al Hoceima,35.77,-5.8,low,20220428,4,118
20220503,4.13,79.95,15.82,2.92,0.64,100.51,Tanger-Tetouan-Al Hoceima,35.77,-5.8,low,20220503,5,123
20220504,4.25,79.63,16.26,1.39,0.66,100.85,Tanger-Tetouan-Al Hoceima,35.77,-5.8,low,20220504,5,124
20220828,1.09,84.3,24.18,2.11,0.29,100.42,Tanger-Tetouan-Al Hoceima,35.77,-5.8,low,20220828,8,240
20220912,1.23,81.69,23.3,1.43,0.29,100.41,Tanger-Tetouan-Al Hoceima,35.77,-5.8,low,20220912,9,255
20220913,2.87,87.5,22.21,2.72,0.39,100.51,Tanger-Tetouan-Al Hoceima,35.77,-5.8,low,20220913,9,256
20220929,2.28,79.08,19.19,4.48,0.34,100.72,Tanger-Tetouan-Al Hoceima,35.77,-5.8,low,20220929,9,272
20221011,1.79,85.69,20.45,2.52,0.42,101.02,Tanger-Tetouan-Al Hoceima,35.77,-5.8,low,20221011,10,284
20221109,1.84,86.4,19.18,1.88,0.37,101.36,Tanger-Tetouan-Al Hoceima,35.77,-5.8,low,20221109,11,313
20221115,2.35,86.99,19.88,4.24,0.41,101.29,Tanger-Tetouan-Al Hoceima,35.77,-5.8,low,20221115,11,319
20221116,19.91,88.97,20.05,4.94,0.62,101.05,Tanger-Tetouan-Al Hoceima,35.77,-5.8,medium,20221116,11,320
20221117,6.9,86.69,19.78,4.37,0.59,101.0,Tanger-Tetouan-Al Hoceima,35.77,-5.8,medium,20221117,11,321
20221118,22.74,77.85,17.7,4.96,0.68,101.12,Tanger-Tetouan-Al Hoceima,35.77,-5.8,medium,20221118,11,322
20221121,4.34,84.37,17.67,4.69,0.58,101.67,Tanger-Tetouan-Al Hoceima,35.77,-5.8,low,20221121,11,325
20221123,1.82,84.83,18.5,3.57,0.56,101.46,Tanger-Tetouan-Al Hoceima,35.77,-5.8,low,20221123,11,327
20221130,1.0,65.69,16.23,1.26,0.54,100.96,Tanger-Tetouan-Al Hoceima,35.77,-5.8,low,20221130,11,334
20221201,14.97,84.83,14.35,3.98,0.63,100.56,Tanger-Tetouan-Al Hoceima,35.77,-5.8,medium,20221201,12,335
20221202,2.64,82.35,14.74,4.11,0.59,100.36,Tanger-Tetouan-Al Hoceima,35.77,-5.8,low,20221202,12,336
20221203,6.03,82.05,16.05,2.59,0.61,100.15,Tanger-Tetouan-Al Hoceima,35.77,-5.8,medium,20221203,12,337
20221204,4.12,82.2,17.14,2.48,0.62,100.38,Tanger-Tetouan-Al Hoceima,35.77,-5.8,low,20221204,12,338
20221205,29.6,88.72,17.02,3.99,0.74,100.37,Tanger-Tetouan-Al Hoceima,35.77,-5.8,high,20221205,12,339
20221206,1.46,84.32,17.68,2.92,0.67,100.89,Tanger-Tetouan-Al Hoceima,35.77,-5.8,low,20221206,12,340
20221207,2.52,88.25,17.29,2.27,0.65,100.58,Tanger-Tetouan-Al Hoceima,35.77,-5.8,low,20221207,12,341
20221208,17.89,87.46,17.99,4.93,0.72,100.0,Tanger-Tetouan-Al Hoceima,35.77,-5.8,medium,20221208,12,342
20221209,26.72,87.6,18.52,6.69,0.79,99.91,Tanger-Tetouan-Al Hoceima,35.77,-5.8,high,20221209,12,343
20221210,11.31,85.52,17.99,4.72,0.74,100.66,Tanger-Tetouan-Al Hoceima,35.77,-5.8,medium,20221210,12,344
20221211,19.88,93.08,18.81,6.16,0.78,100.58,Tanger-Tetouan-Al Hoceima,35.77,-5.8,medium,20221211,12,345
20221212,3.22,93.53,18.96,4.49,0.72,100.83,Tanger-Tetouan-Al Hoceima,35.77,-5.8,low,20221212,12,346
20221213,14.47,92.12,19.31,7.15,0.75,100.65,Tanger-Tetouan-Al Hoceima,35.77,-5.8,medium,20221213,12,347
20221214,25.8,90.04,18.95,6.08,0.81,100.2,Tanger-Tetouan-Al Hoceima,35.77,-5.8,high,20221214,12,348
20221215,19.14,80.06,16.59,5.65,0.81,99.96,Tanger-Tetouan-Al Hoceima,35.77,-5.8,medium,20221215,12,349
20221216,7.84,84.33,17.13,5.02,0.77,100.46,Tanger-Tetouan-Al Hoceima,35.77,-5.8,medium,20221216,12,350
20221217,1.99,77.7,17.2,2.22,0.75,101.28,Tanger-Tetouan-Al Hoceima,35.77,-5.8,low,20221217,12,351
20221221,2.04,90.13,17.34,2.58,0.73,102.11,Tanger-Tetouan-Al Hoceima,35.77,-5.8,low,20221221,12,355
20230102,3.89,86.83,16.25,2.47,0.72,101.81,Tanger-Tetouan-Al Hoceima,35.77,-5.8,low,20230102,1,2
20230108,5.55,87.65,17.25,5.87,0.72,101.85,Tanger-Tetouan-Al Hoceima,35.77,-5.8,medium,20230108,1,8
20230109,1.6,87.75,17.43,4.33,0.71,102.11,Tanger-Tetouan-Al Hoceima,35.77,-5.8,low,20230109,1,9
20230116,1.42,78.04,13.77,5.02,0.69,101.78,Tanger-Tetouan-Al Hoceima,35.77,-5.8,low,20230116,1,16
20230117,6.38,77.96,16.21,7.49,0.71,100.86,Tanger-Tetouan-Al Hoceima,35.77,-5.8,medium,20230117,1,17
20230120,1.56,84.74,14.87,4.1,0.69,101.65,Tanger-Tetouan-Al Hoceima,35.77,-5.8,low,20230120,1,20
20230124,6.83,75.2,11.41,4.87,0.71,101.45,Tanger-Tetouan-Al Hoceima,35.77,-5.8,medium,20230124,1,24
20230125,7.2,78.79,11.33,4.63,0.73,101.73,Tanger-Tetouan-Al Hoceima,35.77,-5.8,medium,20230125,1,25
20230129,2.69,70.84,12.4,3.9,0.7,101.49,Tanger-Tetouan-Al Hoceima,35.77,-5.8,low,20230129,1,29
20230130,10.63,81.21,12.16,7.11,0.74,101.82,Tanger-Tetouan-Al Hoceima,35.77,-5.8,medium,20230130,1,30
20230207,5.7,84.08,13.55,4.0,0.71,101.12,Tanger-Tetouan-Al Hoceima,35.77,-5.8,medium,20230207,2,38
20230208,7.76,82.74,13.58,3.58,0.73,101.37,Tanger-Tetouan-Al Hoceima,35.77,-5.8,medium,20230208,2,39
20230209,1.25,80.12,14.23,7.41,0.71,101.94,Tanger-Tetouan-Al Hoceima,35.77,-5.8,low,20230209,2,40
20230224,4.84,63.76,12.55,4.09,0.68,100.41,Tanger-Tetouan-Al Hoceima,35.77,-5.8,low,20230224,2,55
20230225,18.92,80.86,12.97,5.01,0.75,100.33,Tanger-Tetouan-Al Hoceima,35.77,-5.8,medium,20230225,2,56
20230226,1.13,74.69,14.28,3.58,0.7,100.41,Tanger-Tetouan-Al Hoceima,35.77,-5.8,low,20230226,2,57
20230305,1.18,81.44,14.82,3.08,0.66,101.05,Tanger-Tetouan-Al Hoceima,35.77,-5.8,low,20230305,3,64
20230306,8.52,91.1,15.83,3.29,0.7,100.87,Tanger-Tetouan-Al Hoceima,35.77,-5.8,medium,20230306,3,65
20230307,5.96,91.72,16.62,2.97,0.72,100.94,Tanger-Tetouan-Al Hoceima,35.77,-5.8,medium,20230307,3,66
20230308,1.04,93.29,16.52,2.78,0.69,101.12,Tanger-Tetouan-Al Hoceima,35.77,-5.8,low,20230308,3,67
20230501,6.06,76.97,20.08,1.77,0.58,100.95,Tanger-Tetouan-Al Hoceima,35.77,-5.8,medium,20230501,5,121
20230502,3.11,79.04,19.86,5.1,0.58,100.71,Tanger-Tetouan-Al Hoceima,35.77,-5.8,low,20230502,5,122
20230505,2.17,72.49,20.22,1.41,0.57,101.03,Tanger-Tetouan-Al Hoceima,35.77,-5.8,low,20230505,5,125
20230506,1.1,82.37,19.21,3.21,0.56,100.98,Tanger-Tetouan-Al Hoceima,35.77,-5.8,low,20230506,5,126
20230513,1.74,74.93,18.92,2.42,0.54,100.94,Tanger-Tetouan-Al Hoceima,35.77,-5.8,low,20230513,5,133
20230517,8.02,77.05,18.89,3.35,0.58,100.66,Tanger-Tetouan-Al Hoceima,35.77,-5.8,medium,20230517,5,137
20230518,4.09,77.8,18.2,3.07,0.59,100.96,Tanger-Tetouan-Al Hoceima,35.77,-5.8,low,20230518,5,138
20230519,2.57,72.67,19.08,1.36,0.58,100.98,Tanger-Tetouan-Al Hoceima,35.77,-5.8,low,20230519,5,139
20230520,1.4,74.42,19.11,1.18,0.56,100.59,Tanger-Tetouan-Al Hoceima,35.77,-5.8,low,20230520,5,140
20230521,11.66,84.13,17.27,3.15,0.63,100.33,Tanger-Tetouan-Al Hoceima,35.77,-5.8,medium,20230521,5,141
20230522,4.8,76.26,17.92,1.35,0.61,100.48,Tanger-Tetouan-Al Hoceima,35.77,-5.8,low,20230522,5,142
20230523,4.33,80.05,17.45,2.22,0.61,100.51,Tanger-Tetouan-Al Hoceima,35.77,-5.8,low,20230523,5,143
20230526,4.34,82.0,19.48,4.07,0.58,100.8,Tanger-Tetouan-Al Hoceima,35.77,-5.8,low,20230526,5,146
20230527,9.23,83.87,19.62,3.37,0.64,100.85,Tanger-Tetouan-Al Hoceima,35.77,-5.8,medium,20230527,5,147
20230601,2.24,75.27,20.35,3.73,0.57,100.51,Tanger-Tetouan-Al Hoceima,35.77,-5.8,low,20230601,6,152
20230602,4.3,83.58,20.49,2.83,0.59,100.45,Tanger-Tetouan-Al Hoceima,35.77,-5.8,low,20230602,6,153
20230606,3.72,84.85,20.31,6.24,0.56,100.5,Tanger-Tetouan-Al Hoceima,35.77,-5.8,low,20230606,6,157
20230607,1.35,84.4,21.29,3.76,0.57,100.56,Tanger-Tetouan-Al Hoceima,35.77,-5.8,low,20230607,6,158
20230608,11.38,90.24,20.84,2.81,0.64,100.47,Tanger-Tetouan-Al Hoceima,35.77,-5.8,medium,20230608,6,159
20230618,3.03,77.21,23.24,1.65,0.55,100.47,Tanger-Tetouan-Al Hoceima,35.77,-5.8,low,20230618,6,169
20230902,1.95,80.62,21.81,2.56,0.3,100.62,Tanger-Tetouan-Al Hoceima,35.77,-5.8,low,20230902,9,245
20230903,9.12,80.25,21.42,2.7,0.52,100.31,Tanger-Tetouan-Al Hoceima,35.77,-5.8,medium,20230903,9,246
20230914,1.05,87.02,22.89,4.3,0.39,100.71,Tanger-Tetouan-Al Hoceima,35.77,-5.8,low,20230914,9,257
20230917,2.07,80.7,22.01,2.79,0.45,100.86,Tanger-Tetouan-Al Hoceima,35.77,-5.8,low,20230917,9,260
20230921,1.17,80.91,21.69,3.75,0.4,100.83,Tanger-Tetouan-Al Hoceima,35.77,-5.8,low,20230921,9,264
20230922,1.08,69.43,21.1,3.53,0.43,100.9,Tanger-Tetouan-Al Hoceima,35.77,-5.8,low,20230922,9,265
20231017,1.28,81.94,22.43,3.24,0.36,100.39,Tanger-Tetouan-Al Hoceima,35.77,-5.8,low,20231017,10,290
20231018,5.29,84.93,21.93,4.0,0.46,100.67,Tanger-Tetouan-Al Hoceima,35.77,-5.8,medium,20231018,10,291
20231019,39.25,86.13,21.27,7.22,0.64,99.88,Tanger-Tetouan-Al Hoceima,35.77,-5.8,high,20231019,10,292
20231020,1.18,71.81,19.92,4.93,0.6,100.17,Tanger-Tetouan-Al Hoceima,35.77,-5.8,low,20231020,10,293
20231022,12.85,82.59,20.52,6.44,0.61,99.71,Tanger-Tetouan-Al Hoceima,35.77,-5.8,medium,20231022,10,295
20231023,9.89,80.71,19.94,3.81,0.64,100.51,Tanger-Tetouan-Al Hoceima,35.77,-5.8,medium,20231023,10,296
20231025,1.78,86.62,20.42,4.19,0.58,101.25,Tanger-Tetouan-Al Hoceima,35.77,-5.8,low,20231025,10,298
20231026,2.22,91.28,20.38,3.93,0.58,100.99,Tanger-Tetouan-Al Hoceima,35.77,-5.8,low,20231026,10,299
20231027,1.46,82.33,19.82,2.88,0.58,100.88,Tanger-Tetouan-Al Hoceima,35.77,-5.8,low,20231027,10,300
20231030,1.35,77.25,19.6,3.74,0.56,100.5,Tanger-Tetouan-Al Hoceima,35.77,-5.8,low,20231030,10,303
20231031,5.32,74.5,18.64,2.95,0.57,100.89,Tanger-Tetouan-Al Hoceima,35.77,-5.8,medium,20231031,10,304
20231102,2.17,84.02,19.94,6.61,0.56,100.96,Tanger-Tetouan-Al Hoceima,35.77,-5.8,low,20231102,11,306
20231104,3.42,79.87,19.5,5.57,0.56,100.56,Tanger-Tetouan-Al Hoceima,35.77,-5.8,low,20231104,11,308
20231129,1.21,90.05,18.12,4.06,0.53,100.65,Tanger-Tetouan-Al Hoceima,35.77,-5.8,low,20231129,11,333
20231130,2.37,91.14,18.49,4.35,0.54,100.31,Tanger-Tetouan-Al Hoceima,35.77,-5.8,low,20231130,11,334
20231201,11.42,78.52,16.2,5.31,0.6,100.23,Tanger-Tetouan-Al Hoceima,35.77,-5.8,medium,20231201,12,335
20231204,2.8,79.62,16.39,2.34,0.56,101.37,Tanger-Tetouan-Al Hoceima,35.77,-5.8,low,20231204,12,338
20231205,2.86,87.17,15.7,3.37,0.56,100.91,Tanger-Tetouan-Al Hoceima,35.77,-5.8,low,20231205,12,339
20231206,8.75,91.72,16.8,3.27,0.63,100.93,Tanger-Tetouan-Al Hoceima,35.77,-5.8,medium,20231206,12,340
20231208,2.17,80.42,17.58,3.68,0.58,101.83,Tanger-Tetouan-Al Hoceima,35.77,-5.8,low,20231208,12,342
20231213,2.96,81.16,16.41,4.15,0.58,101.46,Tanger-Tetouan-Al Hoceima,35.77,-5.8,low,20231213,12,347
20231220,1.59,74.22,13.42,4.06,0.56,102.12,Tanger-Tetouan-Al Hoceima,35.77,-5.8,low,20231220,12,354
20200110,4.24,86.84,5.87,3.12,0.44,91.68,Oriental,34.68,-1.91,low,20200110,1,10
20200111,1.1,87.56,6.4,3.02,0.47,91.84,Oriental,34.68,-1.91,low,20200111,1,11
20200119,8.64,79.39,7.12,4.59,0.49,91.08,Oriental,34.68,-1.91,medium,20200119,1,19
20200120,7.34,91.11,5.17,2.24,0.51,90.42,Oriental,34.68,-1.91,medium,20200120,1,20
20200313,1.52,61.5,14.9,2.16,0.39,91.26,Oriental,34.68,-1.91,low,20200313,3,73
20200317,1.22,68.79,11.57,2.28,0.4,91.08,Oriental,34.68,-1.91,low,20200317,3,77
20200320,7.54,80.02,10.15,2.15,0.46,90.69,Oriental,34.68,-1.91,medium,20200320,3,80
20200321,1.74,70.83,9.94,2.96,0.44,90.78,Oriental,34.68,-1.91,low,20200321,3,81
20200323,2.95,76.43,10.69,2.58,0.44,90.33,Oriental,34.68,-1.91,low,20200323,3,83
20200324,6.48,73.61,11.15,3.54,0.47,89.95,Oriental,34.68,-1.91,medium,20200324,3,84
20200325,3.44,76.49,7.85,4.33,0.49,90.72,Oriental,34.68,-1.91,low,20200325,3,85
20200328,1.01,77.2,9.28,2.29,0.43,90.85,Oriental,34.68,-1.91,low,20200328,3,88
20200401,1.74,71.74,12.24,2.82,0.43,90.78,Oriental,34.68,-1.91,low,20200401,4,92
20200402,2.25,73.59,9.67,3.58,0.43,90.71,Oriental,34.68,-1.91,low,20200402,4,93
20200404,1.33,58.63,12.57,3.57,0.42,90.99,Oriental,34.68,-1.91,low,20200404,4,95
20200405,1.94,63.25,15.4,1.92,0.44,91.24,Oriental,34.68,-1.91,low,20200405,4,96
20200406,1.07,77.02,14.08,0.95,0.43,91.58,Oriental,34.68,-1.91,low,20200406,4,97
20200409,2.81,77.0,15.32,1.72,0.44,91.31,Oriental,34.68,-1.91,low,20200409,4,100
20200411,5.7,72.96,14.59,2.24,0.45,91.22,Oriental,34.68,-1.91,medium,20200411,4,102
20200412,20.22,72.76,16.81,2.27,0.56,90.7,Oriental,34.68,-1.91,medium,20200412,4,103
20200413,4.83,77.28,14.18,2.32,0.5,90.46,Oriental,34.68,-1.91,low,20200413,4,104
20200418,4.25,64.18,18.6,2.66,0.46,90.69,Oriental,34.68,-1.91,low,20200418,4,109
20200419,11.49,79.42,12.87,4.0,0.54,90.57,Oriental,34.68,-1.91,medium,20200419,4,110
20200421,8.98,73.24,11.01,5.16,0.52,90.75,Oriental,34.68,-1.91,medium,20200421,4,112
20200424,1.26,52.48,17.16,3.51,0.45,90.72,Oriental,34.68,-1.91,low,20200424,4,115
20200425,18.52,83.13,12.02,4.11,0.57,90.6,Oriental,34.68,-1.91,medium,20200425,4,116
20200508,1.83,61.0,22.1,2.22,0.4,91.0,Oriental,34.68,-1.91,low,20200508,5,129
20200512,3.25,66.7,14.25,3.02,0.43,90.5,Oriental,34.68,-1.91,low,20200512,5,133
20200513,27.11,68.45,15.14,2.3,0.5,90.4,Oriental,34.68,-1.91,high,20200513,5,134
20200514,1.99,62.0,13.49,3.7,0.52,90.53,Oriental,34.68,-1.91,low,20200514,5,135
20200515,5.68,73.66,12.76,2.33,0.51,90.65,Oriental,34.68,-1.91,medium,20200515,5,136
20200516,4.1,75.86,11.45,2.23,0.51,91.02,Oriental,34.68,-1.91,low,20200516,5,137
20200527,2.18,51.07,23.47,2.69,0.4,91.49,Oriental,34.68,-1.91,low,20200527,5,148
20200528,1.22,58.95,20.81,4.39,0.43,91.51,Oriental,34.68,-1.91,low,20200528,5,149
20200530,2.48,55.62,21.81,2.16,0.4,90.86,Oriental,34.68,-1.91,low,20200530,5,151
20200721,12.84,42.46,29.37,3.04,0.34,91.26,Oriental,34.68,-1.91,medium,20200721,7,203
20200722,7.3,53.55,28.17,3.15,0.44,91.38,Oriental,34.68,-1.91,medium,20200722,7,204
20200730,1.32,38.8,30.71,1.86,0.34,91.2,Oriental,34.68,-1.91,low,20200730,7,212
20200830,1.01,40.49,22.63,2.61,0.26,90.72,Oriental,34.68,-1.91,low,20200830,8,243
20200914,2.21,62.06,23.05,2.51,0.3,91.69,Oriental,34.68,-1.91,low,20200914,9,258
20200918,1.86,58.2,24.41,5.97,0.35,91.29,Oriental,34.68,-1.91,low,20200918,9,262
20200923,1.54,44.38,22.38,1.31,0.33,91.31,Oriental,34.68,-1.91,low,20200923,9,267
20201022,4.23,63.9,16.86,3.42,0.34,91.2,Oriental,34.68,-1.91,low,20201022,10,296
20201126,4.55,51.85,11.01,6.48,0.34,90.48,Oriental,34.68,-1.91,low,20201126,11,331
20201127,3.01,77.22,7.01,3.79,0.42,90.07,Oriental,34.68,-1.91,low,20201127,11,332
20201128,3.02,86.34,8.13,4.16,0.4,90.46,Oriental,34.68,-1.91,low,20201128,11,333
20201204,12.62,81.91,9.84,6.57,0.4,90.15,Oriental,34.68,-1.91,medium,20201204,12,339
20201205,13.86,80.48,5.5,5.65,0.54,90.17,Oriental,34.68,-1.91,medium,20201205,12,340
20201206,2.01,81.37,5.18,5.14,0.44,90.85,Oriental,34.68,-1.91,low,20201206,12,341
20201208,8.4,84.46,10.58,6.71,0.47,91.18,Oriental,34.68,-1.91,medium,20201208,12,343
20201209,1.64,81.44,7.54,5.09,0.47,91.41,Oriental,34.68,-1.91,low,20201209,12,344
20201210,3.15,87.0,10.31,4.93,0.44,91.4,Oriental,34.68,-1.91,low,20201210,12,345
20201211,6.76,88.5,12.96,6.4,0.5,91.25,Oriental,34.68,-1.91,medium,20201211,12,346
20201217,1.13,87.23,8.8,1.74,0.41,91.38,Oriental,34.68,-1.91,low,20201217,12,352
20201229,6.81,82.76,6.89,4.14,0.45,90.56,Oriental,34.68,-1.91,medium,20201229,12,364
20201230,1.55,73.51,5.82,2.75,0.43,91.07,Oriental,34.68,-1.91,low,20201230,12,365
20210101,4.99,91.46,2.68,3.7,0.44,90.83,Oriental,34.68,-1.91,low,20210101,1,1
20210102,3.47,82.29,3.53,3.74,0.45,90.8,Oriental,34.68,-1.91,low,20210102,1,2
20210105,13.15,66.03,5.17,1.69,0.45,90.4,Oriental,34.68,-1.91,medium,20210105,1,5
20210106,7.45,88.6,8.11,2.56,0.53,90.29,Oriental,34.68,-1.91,medium,20210106,1,6
20210107,12.36,83.62,11.42,4.31,0.51,90.22,Oriental,34.68,-1.91,medium,20210107,1,7
20210108,3.32,76.47,13.77,5.28,0.5,90.01,Oriental,34.68,-1.91,low,20210108,1,8
20210110,2.31,77.11,3.25,2.41,0.48,90.44,Oriental,34.68,-1.91,low,20210110,1,10
20210121,1.04,78.68,9.68,3.79,0.43,91.57,Oriental,34.68,-1.91,low,20210121,1,21
20210206,1.98,77.14,8.33,2.75,0.4,90.22,Oriental,34.68,-1.91,low,20210206,2,37
20210207,1.74,79.65,7.21,5.46,0.42,90.65,Oriental,34.68,-1.91,low,20210207,2,38
20210221,1.59,52.61,10.42,5.94,0.38,90.46,Oriental,34.68,-1.91,low,20210221,2,52
20210302,3.05,76.05,9.66,2.21,0.4,91.39,Oriental,34.68,-1.91,low,20210302,3,61
20210303,3.08,74.89,9.75,2.06,0.43,91.64,Oriental,34.68,-1.91,low,20210303,3,62
20210306,1.11,60.59,11.26,4.91,0.4,90.96,Oriental,34.68,-1.91,low,20210306,3,65
20210307,11.49,80.92,9.51,3.0,0.5,90.97,Oriental,34.68,-1.91,medium,20210307,3,66
20210308,5.13,79.64,9.09,1.91,0.48,90.89,Oriental,34.68,-1.91,medium,20210308,3,67
20210309,3.84,83.15,7.5,1.61,0.48,90.97,Oriental,34.68,-1.91,low,20210309,3,68
20210310,1.62,83.49,6.91,2.3,0.46,91.51,Oriental,34.68,-1.91,low,20210310,3,69
20210318,1.16,78.14,10.05,2.09,0.41,90.72,Oriental,34.68,-1.91,low,20210318,3,77
20210319,5.82,77.43,8.08,2.61,0.47,90.46,Oriental,34.68,-1.91,medium,20210319,3,78
20210320,10.53,84.83,5.39,2.66,0.5,90.33,Oriental,34.68,-1.91,medium,20210320,3,79
20210321,1.0,78.73,4.63,3.89,0.46,91.05,Oriental,34.68,-1.91,low,20210321,3,80
20210408,1.18,73.9,14.84,2.99,0.4,91.22,Oriental,34.68,-1.91,low,20210408,4,98
20210409,1.5,61.38,16.14,2.37,0.39,90.98,Oriental,34.68,-1.91,low,20210409,4,99
20210410,1.97,66.19,15.43,2.32,0.41,90.82,Oriental,34.68,-1.91,low,20210410,4,100
20210413,2.73,64.59,17.26,2.08,0.39,91.39,Oriental,34.68,-1.91,low,20210413,4,103
20210414,18.04,78.23,15.5,3.26,0.53,90.84,Oriental,34.68,-1.91,medium,20210414,4,104
20210415,10.06,90.0,10.23,4.98,0.55,90.6,Oriental,34.68,-1.91,medium,20210415,4,105
20210416,1.89,77.73,9.95,3.6,0.48,90.87,Oriental,34.68,-1.91,low,20210416,4,106
20210426,1.34,65.44,16.4,2.05,0.4,90.47,Oriental,34.68,-1.91,low,20210426,4,116
20210430,8.09,71.79,13.35,2.64,0.43,90.48,Oriental,34.68,-1.91,medium,20210430,4,120
20210503,2.15,70.0,15.22,2.16,0.41,90.93,Oriental,34.68,-1.91,low,20210503,5,123
20210505,1.23,72.86,16.56,2.95,0.42,90.96,Oriental,34.68,-1.91,low,20210505,5,125
20210523,2.06,67.92,18.71,3.28,0.37,91.09,Oriental,34.68,-1.91,low,20210523,5,143
20210527,1.04,69.76,19.23,2.55,0.36,91.01,Oriental,34.68,-1.91,low,20210527,5,147
20210530,3.94,56.12,22.72,3.19,0.37,91.35,Oriental,34.68,-1.91,low,20210530,5,150
20210531,3.98,63.36,22.54,2.68,0.41,91.13,Oriental,34.68,-1.91,low,20210531,5,151
20210604,1.22,64.05,20.65,2.23,0.38,91.44,Oriental,34.68,-1.91,low,20210604,6,155
20210616,6.85,59.54,22.19,1.96,0.4,90.92,Oriental,34.68,-1.91,medium,20210616,6,167
20210715,6.58,47.9,24.55,2.81,0.35,91.15,Oriental,34.68,-1.91,medium,20210715,7,196
20210716,14.55,51.89,26.09,2.13,0.41,91.31,Oriental,34.68,-1.91,medium,20210716,7,197
20210717,41.99,46.43,28.41,2.21,0.46,91.34,Oriental,34.68,-1.91,high,20210717,7,198
20210730,1.19,33.07,31.56,2.83,0.33,91.28,Oriental,34.68,-1.91,low,20210730,7,211
20210827,6.25,39.14,29.3,2.65,0.29,91.28,Oriental,34.68,-1.91,medium,20210827,8,239
20210915,5.03,68.93,21.35,2.61,0.36,91.16,Oriental,34.68,-1.91,medium,20210915,9,258
20210920,2.31,71.7,21.43,2.85,0.33,91.3,Oriental,34.68,-1.91,low,20210920,9,263
20210921,6.32,76.15,20.15,2.83,0.41,91.1,Oriental,34.68,-1.91,medium,20210921,9,264
20210922,3.75,74.78,20.5,2.78,0.41,90.92,Oriental,34.68,-1.91,low,20210922,9,265
20211103,2.64,82.3,13.07,4.25,0.35,90.77,Oriental,34.68,-1.91,low,20211103,11,307
20211104,2.31,83.03,9.11,2.74,0.38,90.9,Oriental,34.68,-1.91,low,20211104,11,308
20211106,1.8,81.25,7.12,1.69,0.37,91.38,Oriental,34.68,-1.91,low,20211106,11,310
20211120,1.61,76.33,10.88,3.88,0.36,91.32,Oriental,34.68,-1.91,low,20211120,11,324
20211122,1.26,77.08,9.19,2.91,0.36,90.8,Oriental,34.68,-1.91,low,20211122,11,326
20211123,8.67,77.06,9.55,3.73,0.41,90.86,Oriental,34.68,-1.91,medium,20211123,11,327
20211124,2.5,81.37,8.62,4.04,0.42,90.94,Oriental,34.68,-1.91,low,20211124,11,328
20211125,1.35,81.04,8.83,5.09,0.4,90.67,Oriental,34.68,-1.91,low,20211125,11,329
20211126,3.26,82.96,7.22,3.39,0.41,90.55,Oriental,34.68,-1.91,low,20211126,11,330
20211127,1.65,78.5,6.76,4.84,0.39,90.55,Oriental,34.68,-1.91,low,20211127,11,331
20211202,12.29,89.82,6.17,5.49,0.47,90.85,Oriental,34.68,-1.91,medium,20211202,12,336
20211222,5.4,82.35,11.2,1.42,0.39,91.54,Oriental,34.68,-1.91,medium,20211222,12,356
20211225,1.55,70.82,10.34,3.6,0.38,90.86,Oriental,34.68,-1.91,low,20211225,12,359
20220104,1.84,48.52,10.81,4.22,0.35,91.41,Oriental,34.68,-1.91,low,20220104,1,4
20220105,2.08,78.92,7.04,5.04,0.41,91.31,Oriental,34.68,-1.91,low,20220105,1,5
20220106,7.36,90.08,6.3,3.87,0.45,91.11,Oriental,34.68,-1.91,medium,20220106,1,6
20220225,8.19,71.52,13.96,2.5,0.38,91.3,Oriental,34.68,-1.91,medium,20220225,2,56
20220226,2.26,62.57,14.92,3.88,0.42,91.13,Oriental,34.68,-1.91,low,20220226,2,57
20220227,2.49,82.07,11.97,1.57,0.4,91.25,Oriental,34.68,-1.91,low,20220227,2,58
20220228,1.05,78.38,8.96,3.32,0.4,91.65,Oriental,34.68,-1.91,low,20220228,2,59
20220303,2.57,54.34,11.05,3.31,0.36,91.22,Oriental,34.68,-1.91,low,20220303,3,62
20220304,10.19,86.57,5.97,6.55,0.49,90.83,Oriental,34.68,-1.91,medium,20220304,3,63
20220305,6.48,86.7,6.64,2.31,0.48,91.0,Oriental,34.68,-1.91,medium,20220305,3,64
20220306,3.14,76.68,7.37,1.91,0.46,90.56,Oriental,34.68,-1.91,low,20220306,3,65
20220307,1.26,77.5,7.73,2.03,0.43,90.79,Oriental,34.68,-1.91,low,20220307,3,66
20220311,2.75,59.08,11.95,2.17,0.4,91.23,Oriental,34.68,-1.91,low,20220311,3,70
20220312,1.19,71.26,11.77,2.93,0.43,91.18,Oriental,34.68,-1.91,low,20220312,3,71
20220315,7.53,45.46,13.13,5.6,0.41,90.24,Oriental,34.68,-1.91,medium,20220315,3,74
20220316,2.36,72.32,8.4,3.18,0.45,90.45,Oriental,34.68,-1.91,low,20220316,3,75
20220317,18.46,91.63,7.78,4.15,0.55,90.84,Oriental,34.68,-1.91,medium,20220317,3,76
20220318,6.5,88.89,8.06,3.73,0.52,91.25,Oriental,34.68,-1.91,medium,20220318,3,77
20220322,4.91,73.9,12.45,1.65,0.45,91.27,Oriental,34.68,-1.91,low,20220322,3,81
20220323,1.25,50.19,14.73,5.52,0.46,90.8,Oriental,34.68,-1.91,low,20220323,3,82
20220329,3.32,60.93,14.65,3.12,0.41,90.32,Oriental,34.68,-1.91,low,20220329,3,88
20220330,2.39,77.15,11.06,4.73,0.45,90.19,Oriental,34.68,-1.91,low,20220330,3,89
20220331,1.28,75.32,10.52,6.33,0.42,90.52,Oriental,34.68,-1.91,low,20220331,3,90
20220404,6.34,78.38,10.02,3.63,0.43,89.81,Oriental,34.68,-1.91,medium,20220404,4,94
20220405,6.92,82.39,10.44,2.97,0.5,90.33,Oriental,34.68,-1.91,medium,20220405,4,95
20220412,7.41,73.5,12.23,1.82,0.46,90.61,Oriental,34.68,-1.91,medium,20220412,4,102
20220413,3.41,78.58,10.36,4.19,0.46,90.63,Oriental,34.68,-1.91,low,20220413,4,103
20220414,4.22,80.2,10.14,4.62,0.47,90.86,Oriental,34.68,-1.91,low,20220414,4,104
20220420,1.37,61.56,9.49,6.57,0.4,90.47,Oriental,34.68,-1.91,low,20220420,4,110
20220427,8.56,79.37,11.91,2.46,0.47,91.06,Oriental,34.68,-1.91,medium,20220427,4,117
20220428,4.32,72.46,11.98,2.17,0.45,91.18,Oriental,34.68,-1.91,low,20220428,4,118
20220429,2.56,81.24,11.4,3.21,0.45,91.41,Oriental,34.68,-1.91,low,20220429,4,119
20220430,2.06,71.87,13.32,2.62,0.44,91.55,Oriental,34.68,-1.91,low,20220430,4,120
20220503,19.24,66.95,14.15,2.17,0.46,90.57,Oriental,34.68,-1.91,medium,20220503,5,123
20220504,14.98,81.32,11.27,3.4,0.58,90.79,Oriental,34.68,-1.91,medium,20220504,5,124
20220505,1.91,79.27,11.82,3.31,0.5,91.45,Oriental,34.68,-1.91,low,20220505,5,125
20220621,1.85,45.11,26.64,3.72,0.31,90.99,Oriental,34.68,-1.91,low,20220621,6,172
20220622,5.24,62.4,22.57,2.7,0.37,91.07,Oriental,34.68,-1.91,medium,20220622,6,173
20220704,4.17,43.09,28.93,2.35,0.32,91.44,Oriental,34.68,-1.91,low,20220704,7,185
20220705,1.52,43.45,29.5,2.35,0.35,91.46,Oriental,34.68,-1.91,low,20220705,7,186
20220812,1.08,38.15,29.92,2.47,0.24,91.34,Oriental,34.68,-1.91,low,20220812,8,224
20220813,4.3,31.18,31.63,3.99,0.28,91.27,Oriental,34.68,-1.91,low,20220813,8,225
20220902,6.01,51.95,25.85,2.16,0.31,91.39,Oriental,34.68,-1.91,medium,20220902,9,245
20220911,2.69,40.53,27.64,3.61,0.27,91.36,Oriental,34.68,-1.91,low,20220911,9,254
20220921,1.21,64.25,22.11,2.29,0.29,91.3,Oriental,34.68,-1.91,low,20220921,9,264
20220925,1.87,60.8,19.64,2.0,0.3,90.85,Oriental,34.68,-1.91,low,20220925,9,268
20221008,10.51,46.29,21.51,3.98,0.36,91.24,Oriental,34.68,-1.91,medium,20221008,10,281
20221009,4.2,60.88,20.68,1.84,0.43,91.2,Oriental,34.68,-1.91,low,20221009,10,282
20221010,3.47,66.87,19.46,1.53,0.4,91.32,Oriental,34.68,-1.91,low,20221010,10,283
20221011,4.08,78.75,17.67,2.8,0.41,91.22,Oriental,34.68,-1.91,low,20221011,10,284
20221013,1.08,68.44,18.72,2.3,0.37,91.6,Oriental,34.68,-1.91,low,20221013,10,286
20221118,14.37,82.63,12.9,4.99,0.39,91.12,Oriental,34.68,-1.91,medium,20221118,11,322
20221120,2.07,77.57,9.8,3.79,0.4,91.82,Oriental,34.68,-1.91,low,20221120,11,324
20221201,1.84,51.18,9.02,1.4,0.35,90.64,Oriental,34.68,-1.91,low,20221201,12,335
20221202,6.94,80.85,6.81,1.5,0.45,90.34,Oriental,34.68,-1.91,medium,20221202,12,336
20221209,5.27,78.43,13.62,4.91,0.41,90.49,Oriental,34.68,-1.91,medium,20221209,12,343
20221211,3.18,83.66,12.97,5.11,0.4,90.97,Oriental,34.68,-1.91,low,20221211,12,345
20221212,1.04,83.63,15.03,4.6,0.39,91.18,Oriental,34.68,-1.91,low,20221212,12,346
20221214,17.35,77.13,14.79,3.61,0.45,90.78,Oriental,34.68,-1.91,medium,20221214,12,348
20221215,7.7,79.2,10.61,5.43,0.5,90.37,Oriental,34.68,-1.91,medium,20221215,12,349
20221216,3.1,83.92,10.03,3.56,0.47,90.81,Oriental,34.68,-1.91,low,20221216,12,350
20230117,2.68,82.36,8.32,7.05,0.36,90.9,Oriental,34.68,-1.91,low,20230117,1,17
20230118,7.73,77.94,6.95,7.13,0.47,90.81,Oriental,34.68,-1.91,medium,20230118,1,18
20230120,4.07,81.42,5.86,3.53,0.41,91.45,Oriental,34.68,-1.91,low,20230120,1,20
20230121,6.34,89.5,8.74,3.57,0.47,91.25,Oriental,34.68,-1.91,medium,20230121,1,21
20230122,4.17,67.97,5.18,3.17,0.47,91.36,Oriental,34.68,-1.91,low,20230122,1,22
20230124,1.94,70.6,1.63,1.71,0.43,91.15,Oriental,34.68,-1.91,low,20230124,1,24
20230125,1.04,76.82,2.06,1.68,0.42,91.38,Oriental,34.68,-1.91,low,20230125,1,25
20230126,1.46,76.56,3.58,3.46,0.43,91.18,Oriental,34.68,-1.91,low,20230126,1,26
20230127,1.32,81.12,3.15,2.1,0.42,90.81,Oriental,34.68,-1.91,low,20230127,1,27
20230224,10.88,78.15,7.78,2.72,0.45,90.22,Oriental,34.68,-1.91,medium,20230224,2,55
20230225,3.25,82.8,5.41,5.17,0.44,90.39,Oriental,34.68,-1.91,low,20230225,2,56
20230226,3.47,82.79,6.96,4.59,0.45,90.4,Oriental,34.68,-1.91,low,20230226,2,57
20230227,1.96,77.42,7.89,5.78,0.43,90.66,Oriental,34.68,-1.91,low,20230227,2,58
20230228,3.0,67.65,7.26,4.36,0.45,91.08,Oriental,34.68,-1.91,low,20230228,2,59
20230430,1.0,54.23,18.65,1.72,0.31,91.23,Oriental,34.68,-1.91,low,20230430,4,120
20230504,6.09,52.76,20.25,2.01,0.34,91.47,Oriental,34.68,-1.91,medium,20230504,5,124
20230517,4.84,64.45,13.4,4.04,0.36,90.64,Oriental,34.68,-1.91,low,20230517,5,137
20230518,10.13,70.5,13.72,3.69,0.41,90.88,Oriental,34.68,-1.91,medium,20230518,5,138
20230519,6.25,73.23,11.92,3.47,0.47,91.0,Oriental,34.68,-1.91,medium,20230519,5,139
20230521,3.0,55.98,16.39,4.38,0.38,90.37,Oriental,34.68,-1.91,low,20230521,5,141
20230522,2.34,80.65,12.37,4.03,0.41,90.53,Oriental,34.68,-1.91,low,20230522,5,142
20230523,1.25,64.54,14.55,2.2,0.38,90.65,Oriental,34.68,-1.91,low,20230523,5,143
20230524,2.25,70.45,14.35,2.59,0.4,90.92,Oriental,34.68,-1.91,low,20230524,5,144
20230528,3.32,73.87,15.91,2.75,0.4,91.08,Oriental,34.68,-1.91,low,20230528,5,148
20230601,4.43,59.08,18.22,2.78,0.37,90.82,Oriental,34.68,-1.91,low,20230601,6,152
20230602,4.98,68.03,17.53,2.45,0.44,90.69,Oriental,34.68,-1.91,low,20230602,6,153
20230606,1.18,54.05,22.95,2.06,0.35,90.94,Oriental,34.68,-1.91,low,20230606,6,157
20230607,1.23,61.38,23.7,4.35,0.37,90.88,Oriental,34.68,-1.91,low,20230607,6,158
20230608,5.54,69.47,22.25,2.84,0.39,90.74,Oriental,34.68,-1.91,medium,20230608,6,159
20230902,31.12,67.34,21.63,3.07,0.48,90.85,Oriental,34.68,-1.91,high,20230902,9,245
20230903,1.7,58.97,21.75,2.27,0.45,90.5,Oriental,34.68,-1.91,low,20230903,9,246
20230911,1.36,67.63,23.5,2.12,0.35,91.2,Oriental,34.68,-1.91,low,20230911,9,254
20230914,6.56,61.57,23.05,3.45,0.4,91.16,Oriental,34.68,-1.91,medium,20230914,9,257
20230917,1.61,57.25,23.84,2.82,0.35,91.13,Oriental,34.68,-1.91,low,20230917,9,260
20230919,2.67,79.77,19.58,1.83,0.37,91.24,Oriental,34.68,-1.91,low,20230919,9,262
20231020,13.05,68.75,14.88,4.24,0.44,90.39,Oriental,34.68,-1.91,medium,20231020,10,293
20231023,10.06,72.36,17.6,3.62,0.41,90.84,Oriental,34.68,-1.91,medium,20231023,10,296
20231121,1.84,77.3,13.55,5.21,0.33,91.33,Oriental,34.68,-1.91,low,20231121,11,325
20231122,1.09,78.88,9.69,2.95,0.37,91.22,Oriental,34.68,-1.91,low,20231122,11,326
20231201,2.06,51.01,14.1,4.7,0.34,90.52,Oriental,34.68,-1.91,low,20231201,12,335
20231213,1.33,72.15,12.75,3.46,0.34,91.39,Oriental,34.68,-1.91,low,20231213,12,347
20200119,15.1,86.01,8.94,3.76,0.7,95.35,Fes-Meknes,34.03,-5.0,medium,20200119,1,19
20200120,5.97,85.46,7.34,0.91,0.7,94.44,Fes-Meknes,34.03,-5.0,medium,20200120,1,20
20200122,6.1,76.62,7.46,1.72,0.69,94.86,Fes-Meknes,34.03,-5.0,medium,20200122,1,22
20200125,2.53,77.11,8.87,3.37,0.67,95.3,Fes-Meknes,34.03,-5.0,low,20200125,1,25
20200225,1.48,62.82,12.59,2.11,0.56,95.86,Fes-Meknes,34.03,-5.0,low,20200225,2,56
20200226,1.29,69.43,12.56,1.61,0.57,95.71,Fes-Meknes,34.03,-5.0,low,20200226,2,57
20200229,1.81,60.93,14.92,2.62,0.55,95.44,Fes-Meknes,34.03,-5.0,low,20200229,2,60
20200301,2.31,75.01,13.32,1.71,0.58,95.44,Fes-Meknes,34.03,-5.0,low,20200301,3,61
20200305,1.17,66.24,14.75,2.87,0.54,95.41,Fes-Meknes,34.03,-5.0,low,20200305,3,65
20200306,1.02,75.2,11.65,2.55,0.56,95.71,Fes-Meknes,34.03,-5.0,low,20200306,3,66
20200312,2.55,43.94,19.21,2.18,0.52,95.35,Fes-Meknes,34.03,-5.0,low,20200312,3,72
20200313,79.41,69.19,15.48,1.82,0.79,95.26,Fes-Meknes,34.03,-5.0,high,20200313,3,73
20200315,12.24,78.3,14.72,1.25,0.72,94.91,Fes-Meknes,34.03,-5.0,medium,20200315,3,75
20200316,11.93,80.52,10.87,2.98,0.73,95.03,Fes-Meknes,34.03,-5.0,medium,20200316,3,76
20200317,5.31,69.79,11.19,1.18,0.7,94.9,Fes-Meknes,34.03,-5.0,medium,20200317,3,77
20200319,1.59,64.96,16.02,3.48,0.66,94.55,Fes-Meknes,34.03,-5.0,low,20200319,3,79
20200320,22.42,83.7,13.83,1.8,0.75,94.63,Fes-Meknes,34.03,-5.0,medium,20200320,3,80
20200321,4.02,75.7,11.38,3.92,0.73,94.88,Fes-Meknes,34.03,-5.0,low,20200321,3,81
20200322,2.93,78.39,10.98,3.19,0.71,94.63,Fes-Meknes,34.03,-5.0,low,20200322,3,82
20200323,1.93,77.35,12.18,1.93,0.71,94.22,Fes-Meknes,34.03,-5.0,low,20200323,3,83
20200324,14.39,86.67,12.02,1.35,0.76,94.09,Fes-Meknes,34.03,-5.0,medium,20200324,3,84
20200325,7.88,75.57,12.93,1.38,0.76,94.74,Fes-Meknes,34.03,-5.0,medium,20200325,3,85
20200327,2.08,74.26,12.88,2.0,0.72,94.46,Fes-Meknes,34.03,-5.0,low,20200327,3,87
20200328,3.75,77.93,13.09,1.27,0.73,94.79,Fes-Meknes,34.03,-5.0,low,20200328,3,88
20200329,1.57,79.1,12.45,1.09,0.73,95.08,Fes-Meknes,34.03,-5.0,low,20200329,3,89
20200331,5.96,74.22,14.5,4.06,0.73,94.36,Fes-Meknes,34.03,-5.0,medium,20200331,3,91
20200401,1.33,77.4,12.41,3.67,0.73,94.79,Fes-Meknes,34.03,-5.0,low,20200401,4,92
20200402,1.33,77.78,10.73,4.15,0.72,94.83,Fes-Meknes,34.03,-5.0,low,20200402,4,93
20200404,1.72,60.4,16.58,2.55,0.71,94.65,Fes-Meknes,34.03,-5.0,low,20200404,4,95
20200405,1.13,65.13,18.7,1.69,0.7,95.09,Fes-Meknes,34.03,-5.0,low,20200405,4,96
20200411,4.73,68.5,18.95,1.64,0.69,94.86,Fes-Meknes,34.03,-5.0,low,20200411,4,102
20200412,13.43,82.11,17.27,2.31,0.75,94.58,Fes-Meknes,34.03,-5.0,medium,20200412,4,103
20200413,1.62,77.75,15.16,3.02,0.72,94.45,Fes-Meknes,34.03,-5.0,low,20200413,4,104
20200418,6.04,73.34,17.47,1.73,0.69,94.59,Fes-Meknes,34.03,-5.0,medium,20200418,4,109
20200419,21.95,80.57,14.08,4.08,0.79,94.78,Fes-Meknes,34.03,-5.0,medium,20200419,4,110
20200420,3.15,71.98,14.77,4.56,0.72,94.96,Fes-Meknes,34.03,-5.0,low,20200420,4,111
20200421,8.59,77.44,12.78,5.67,0.75,94.88,Fes-Meknes,34.03,-5.0,medium,20200421,4,112
20200424,20.76,56.37,19.22,3.18,0.75,94.38,Fes-Meknes,34.03,-5.0,medium,20200424,4,115
20200425,11.76,85.08,13.96,3.72,0.79,94.72,Fes-Meknes,34.03,-5.0,medium,20200425,4,116
20200512,8.88,74.42,15.87,3.89,0.71,94.54,Fes-Meknes,34.03,-5.0,medium,20200512,5,133
20200513,6.94,75.62,15.29,3.86,0.7,94.4,Fes-Meknes,34.03,-5.0,medium,20200513,5,134
20200514,6.6,74.12,13.54,4.08,0.71,94.49,Fes-Meknes,34.03,-5.0,medium,20200514,5,135
20200515,7.53,75.68,13.22,2.54,0.72,94.62,Fes-Meknes,34.03,-5.0,medium,20200515,5,136
20200516,1.55,73.32,14.54,1.66,0.7,95.0,Fes-Meknes,34.03,-5.0,low,20200516,5,137
20200606,1.39,61.06,22.75,3.37,0.52,94.85,Fes-Meknes,34.03,-5.0,low,20200606,6,158
20200607,2.82,68.88,19.83,4.24,0.54,95.0,Fes-Meknes,34.03,-5.0,low,20200607,6,159
20200608,6.37,71.74,18.86,3.49,0.58,95.12,Fes-Meknes,34.03,-5.0,medium,20200608,6,160
20200721,1.16,41.48,30.63,2.38,0.25,94.97,Fes-Meknes,34.03,-5.0,low,20200721,7,203
20200730,1.41,28.72,34.73,2.94,0.2,94.82,Fes-Meknes,34.03,-5.0,low,20200730,7,212
20200801,3.81,40.15,32.97,2.16,0.24,95.26,Fes-Meknes,34.03,-5.0,low,20200801,8,214
20200810,2.91,41.36,30.82,2.52,0.22,94.68,Fes-Meknes,34.03,-5.0,low,20200810,8,223
20200811,1.23,47.17,27.24,3.15,0.27,94.77,Fes-Meknes,34.03,-5.0,low,20200811,8,224
20200906,1.66,38.24,30.07,1.84,0.15,94.87,Fes-Meknes,34.03,-5.0,low,20200906,9,250
20200917,2.85,47.76,25.8,2.58,0.2,95.06,Fes-Meknes,34.03,-5.0,low,20200917,9,261
20200918,1.79,55.27,24.86,3.83,0.34,95.01,Fes-Meknes,34.03,-5.0,low,20200918,9,262
20200923,7.77,40.82,24.72,1.2,0.34,95.09,Fes-Meknes,34.03,-5.0,medium,20200923,9,267
20201002,6.11,72.34,17.9,4.52,0.33,94.65,Fes-Meknes,34.03,-5.0,medium,20201002,10,276
20201003,1.34,64.12,16.53,2.99,0.47,94.71,Fes-Meknes,34.03,-5.0,low,20201003,10,277
20201021,11.88,68.03,19.33,2.08,0.36,94.81,Fes-Meknes,34.03,-5.0,medium,20201021,10,295
20201022,9.14,79.33,17.08,1.8,0.56,95.1,Fes-Meknes,34.03,-5.0,medium,20201022,10,296
20201026,1.68,76.5,13.38,2.91,0.46,95.53,Fes-Meknes,34.03,-5.0,low,20201026,10,300
20201104,4.92,68.33,16.35,1.42,0.45,95.0,Fes-Meknes,34.03,-5.0,low,20201104,11,309
20201105,3.22,54.7,18.39,2.73,0.5,94.68,Fes-Meknes,34.03,-5.0,low,20201105,11,310
20201113,1.4,67.48,17.62,1.81,0.43,95.41,Fes-Meknes,34.03,-5.0,low,20201113,11,318
20201126,8.43,75.31,10.09,1.91,0.49,94.28,Fes-Meknes,34.03,-5.0,medium,20201126,11,331
20201127,4.13,81.57,7.91,3.54,0.5,94.13,Fes-Meknes,34.03,-5.0,low,20201127,11,332
20201128,2.72,77.41,10.94,3.79,0.5,94.52,Fes-Meknes,34.03,-5.0,low,20201128,11,333
20201204,26.5,85.35,12.13,6.3,0.58,94.33,Fes-Meknes,34.03,-5.0,high,20201204,12,339
20201205,28.89,81.85,8.1,4.66,0.69,94.47,Fes-Meknes,34.03,-5.0,high,20201205,12,340
20201206,15.58,89.98,8.44,3.72,0.65,95.13,Fes-Meknes,34.03,-5.0,medium,20201206,12,341
20201207,1.97,80.58,10.8,4.51,0.6,95.43,Fes-Meknes,34.03,-5.0,low,20201207,12,342
20201208,6.59,87.22,11.84,5.11,0.6,95.52,Fes-Meknes,34.03,-5.0,medium,20201208,12,343
20201209,3.35,85.86,11.47,2.56,0.62,95.66,Fes-Meknes,34.03,-5.0,low,20201209,12,344
20201210,2.23,85.78,12.13,3.37,0.59,95.65,Fes-Meknes,34.03,-5.0,low,20201210,12,345
20201211,7.87,90.8,13.58,4.35,0.64,95.59,Fes-Meknes,34.03,-5.0,medium,20201211,12,346
20201212,3.02,87.56,13.93,2.47,0.62,95.5,Fes-Meknes,34.03,-5.0,low,20201212,12,347
20201214,1.41,81.17,14.33,2.33,0.6,94.97,Fes-Meknes,34.03,-5.0,low,20201214,12,349
20201215,2.42,84.66,13.22,1.44,0.61,95.18,Fes-Meknes,34.03,-5.0,low,20201215,12,350
20201216,10.04,71.15,12.5,2.72,0.62,95.02,Fes-Meknes,34.03,-5.0,medium,20201216,12,351
20201228,2.51,76.32,8.9,3.96,0.59,94.74,Fes-Meknes,34.03,-5.0,low,20201228,12,363
20201229,52.15,91.6,8.76,3.52,0.83,94.73,Fes-Meknes,34.03,-5.0,high,20201229,12,364
20201230,7.53,76.09,8.99,1.25,0.75,95.11,Fes-Meknes,34.03,-5.0,medium,20201230,12,365
20210101,18.63,93.03,5.8,3.27,0.77,95.09,Fes-Meknes,34.03,-5.0,medium,20210101,1,1
20210102,9.56,84.37,6.94,2.7,0.76,95.06,Fes-Meknes,34.03,-5.0,medium,20210102,1,2
20210105,37.74,81.62,7.99,1.59,0.82,94.28,Fes-Meknes,34.03,-5.0,high,20210105,1,5
20210106,31.57,88.05,12.05,2.65,0.86,94.04,Fes-Meknes,34.03,-5.0,high,20210106,1,6
20210107,15.68,88.68,14.01,3.75,0.84,94.0,Fes-Meknes,34.03,-5.0,medium,20210107,1,7
20210108,8.33,83.94,14.47,3.99,0.83,93.75,Fes-Meknes,34.03,-5.0,medium,20210108,1,8
20210109,14.17,85.22,7.95,5.39,0.84,94.18,Fes-Meknes,34.03,-5.0,medium,20210109,1,9
20210110,25.84,86.54,5.66,3.79,0.88,94.42,Fes-Meknes,34.03,-5.0,high,20210110,1,10
20210111,27.9,91.44,4.11,2.46,0.89,95.23,Fes-Meknes,34.03,-5.0,high,20210111,1,11
20210120,6.68,68.92,10.84,3.92,0.84,95.33,Fes-Meknes,34.03,-5.0,medium,20210120,1,20
20210121,4.99,85.09,12.0,3.46,0.86,95.62,Fes-Meknes,34.03,-5.0,low,20210121,1,21
20210122,5.19,90.1,12.21,4.11,0.85,95.64,Fes-Meknes,34.03,-5.0,medium,20210122,1,22
20210125,1.04,87.38,12.04,2.0,0.85,95.6,Fes-Meknes,34.03,-5.0,low,20210125,1,25
20210130,1.18,80.81,13.27,3.44,0.84,95.65,Fes-Meknes,34.03,-5.0,low,20210130,1,30
20210205,2.44,74.51,10.93,2.95,0.83,93.92,Fes-Meknes,34.03,-5.0,low,20210205,2,36
20210206,8.73,89.45,8.45,3.07,0.85,94.31,Fes-Meknes,34.03,-5.0,medium,20210206,2,37
20210207,5.97,83.7,8.6,4.45,0.85,94.91,Fes-Meknes,34.03,-5.0,medium,20210207,2,38
20210208,4.34,83.67,9.81,4.49,0.84,95.0,Fes-Meknes,34.03,-5.0,low,20210208,2,39
20210209,1.65,83.89,12.52,3.95,0.84,95.06,Fes-Meknes,34.03,-5.0,low,20210209,2,40
20210221,10.32,77.18,9.96,4.56,0.83,94.51,Fes-Meknes,34.03,-5.0,medium,20210221,2,52
20210222,1.98,77.06,9.21,2.4,0.82,95.58,Fes-Meknes,34.03,-5.0,low,20210222,2,53
20210225,4.37,70.13,12.96,1.66,0.81,95.72,Fes-Meknes,34.03,-5.0,low,20210225,2,56
20210226,2.51,71.83,13.01,0.89,0.82,95.5,Fes-Meknes,34.03,-5.0,low,20210226,2,57
20210227,1.58,70.14,11.98,1.65,0.82,95.18,Fes-Meknes,34.03,-5.0,low,20210227,2,58
20210228,1.75,70.34,12.35,2.04,0.81,94.76,Fes-Meknes,34.03,-5.0,low,20210228,2,59
20210301,4.43,72.82,11.89,1.63,0.82,94.82,Fes-Meknes,34.03,-5.0,low,20210301,3,60
20210302,1.99,79.18,12.03,1.23,0.82,95.42,Fes-Meknes,34.03,-5.0,low,20210302,3,61
20210305,2.82,77.6,12.66,1.99,0.81,94.78,Fes-Meknes,34.03,-5.0,low,20210305,3,64
20210306,8.39,84.15,11.37,1.32,0.83,94.75,Fes-Meknes,34.03,-5.0,medium,20210306,3,65
20210307,5.82,86.04,11.59,1.9,0.83,94.99,Fes-Meknes,34.03,-5.0,medium,20210307,3,66
20210308,6.22,88.29,10.42,2.44,0.84,94.98,Fes-Meknes,34.03,-5.0,medium,20210308,3,67
20210309,1.86,79.67,9.92,1.31,0.82,95.04,Fes-Meknes,34.03,-5.0,low,20210309,3,68
20210318,4.36,76.84,14.56,1.84,0.8,94.49,Fes-Meknes,34.03,-5.0,low,20210318,3,77
20210319,4.24,78.34,12.83,2.0,0.81,94.44,Fes-Meknes,34.03,-5.0,low,20210319,3,78
20210320,14.91,85.84,8.36,3.38,0.84,94.47,Fes-Meknes,34.03,-5.0,medium,20210320,3,79
20210408,3.5,79.84,17.21,1.46,0.76,94.98,Fes-Meknes,34.03,-5.0,low,20210408,4,98
20210409,1.26,79.16,17.18,1.52,0.76,94.86,Fes-Meknes,34.03,-5.0,low,20210409,4,99
20210413,1.88,68.38,20.23,1.67,0.74,95.01,Fes-Meknes,34.03,-5.0,low,20210413,4,103
20210414,9.28,83.39,16.7,1.6,0.78,94.69,Fes-Meknes,34.03,-5.0,medium,20210414,4,104
20210415,3.67,80.27,14.92,1.59,0.76,94.59,Fes-Meknes,34.03,-5.0,low,20210415,4,105
20210416,1.64,74.04,15.44,1.43,0.76,94.79,Fes-Meknes,34.03,-5.0,low,20210416,4,106
20210423,1.69,65.31,19.98,2.05,0.72,94.57,Fes-Meknes,34.03,-5.0,low,20210423,4,113
20210424,2.42,71.57,18.66,1.93,0.72,94.41,Fes-Meknes,34.03,-5.0,low,20210424,4,114
20210425,2.5,82.04,16.0,2.08,0.73,94.35,Fes-Meknes,34.03,-5.0,low,20210425,4,115
20210430,12.53,85.92,12.78,2.21,0.76,94.57,Fes-Meknes,34.03,-5.0,medium,20210430,4,120
20210508,7.88,58.92,23.22,1.55,0.69,94.81,Fes-Meknes,34.03,-5.0,medium,20210508,5,128
20210509,3.37,76.6,18.42,3.43,0.71,94.71,Fes-Meknes,34.03,-5.0,low,20210509,5,129
20210510,2.15,74.23,15.95,3.64,0.7,95.0,Fes-Meknes,34.03,-5.0,low,20210510,5,130
20210522,11.33,60.01,23.42,2.65,0.61,94.86,Fes-Meknes,34.03,-5.0,medium,20210522,5,142
20210523,2.77,72.42,15.63,3.32,0.66,95.22,Fes-Meknes,34.03,-5.0,low,20210523,5,143
20210527,1.0,71.05,20.04,1.83,0.6,94.85,Fes-Meknes,34.03,-5.0,low,20210527,5,147
20210530,4.4,61.8,24.34,3.07,0.6,94.99,Fes-Meknes,34.03,-5.0,low,20210530,5,150
20210531,1.41,68.02,22.98,2.35,0.6,94.84,Fes-Meknes,34.03,-5.0,low,20210531,5,151
20210616,1.12,67.87,21.49,2.89,0.5,94.86,Fes-Meknes,34.03,-5.0,low,20210616,6,167
20210618,1.02,75.19,18.75,2.49,0.51,94.98,Fes-Meknes,34.03,-5.0,low,20210618,6,169
20210913,3.42,43.29,28.33,2.05,0.19,94.89,Fes-Meknes,34.03,-5.0,low,20210913,9,256
20210914,2.62,62.47,24.61,2.76,0.32,94.79,Fes-Meknes,34.03,-5.0,low,20210914,9,257
20210915,1.26,62.84,23.1,2.83,0.36,95.05,Fes-Meknes,34.03,-5.0,low,20210915,9,258
20210921,6.63,59.05,24.33,1.79,0.36,94.83,Fes-Meknes,34.03,-5.0,medium,20210921,9,264
20210922,5.14,68.27,23.57,1.44,0.46,94.71,Fes-Meknes,34.03,-5.0,medium,20210922,9,265
20211103,7.72,76.14,16.26,4.35,0.36,94.81,Fes-Meknes,34.03,-5.0,medium,20211103,11,307
20211104,4.95,76.26,12.87,2.79,0.5,94.95,Fes-Meknes,34.03,-5.0,low,20211104,11,308
20211119,5.71,50.09,15.32,4.89,0.36,94.94,Fes-Meknes,34.03,-5.0,medium,20211119,11,323
20211120,2.04,71.4,14.03,2.01,0.49,95.2,Fes-Meknes,34.03,-5.0,low,20211120,11,324
20211122,3.16,76.75,12.31,2.77,0.48,94.8,Fes-Meknes,34.03,-5.0,low,20211122,11,326
20211123,13.59,87.1,11.1,3.1,0.55,94.87,Fes-Meknes,34.03,-5.0,medium,20211123,11,327
20211124,4.9,81.35,10.81,4.05,0.52,95.05,Fes-Meknes,34.03,-5.0,low,20211124,11,328
20211125,3.84,78.41,11.3,4.6,0.51,94.77,Fes-Meknes,34.03,-5.0,low,20211125,11,329
20211126,13.42,83.58,9.47,2.95,0.58,94.61,Fes-Meknes,34.03,-5.0,medium,20211126,11,330
20211127,3.23,79.26,9.57,3.58,0.51,94.8,Fes-Meknes,34.03,-5.0,low,20211127,11,331
20211129,1.43,81.5,10.71,3.48,0.49,95.94,Fes-Meknes,34.03,-5.0,low,20211129,11,333
20211202,20.3,91.12,8.9,4.25,0.62,95.16,Fes-Meknes,34.03,-5.0,medium,20211202,12,336
20211208,1.24,75.58,10.43,3.48,0.51,95.69,Fes-Meknes,34.03,-5.0,low,20211208,12,342
20211219,2.65,61.23,14.22,2.53,0.51,95.28,Fes-Meknes,34.03,-5.0,low,20211219,12,353
20211222,8.35,78.37,14.04,1.99,0.57,95.42,Fes-Meknes,34.03,-5.0,medium,20211222,12,356
20211223,2.17,82.89,13.88,1.55,0.55,95.33,Fes-Meknes,34.03,-5.0,low,20211223,12,357
20211225,7.03,76.55,12.96,4.37,0.57,94.81,Fes-Meknes,34.03,-5.0,medium,20211225,12,359
20220104,3.92,57.53,12.82,3.38,0.51,95.5,Fes-Meknes,34.03,-5.0,low,20220104,1,4
20220106,2.01,87.21,8.35,3.29,0.54,95.38,Fes-Meknes,34.03,-5.0,low,20220106,1,6
20220224,6.65,58.86,17.88,1.75,0.47,95.21,Fes-Meknes,34.03,-5.0,medium,20220224,2,55
20220225,9.79,63.52,18.35,2.03,0.55,94.93,Fes-Meknes,34.03,-5.0,medium,20220225,2,56
20220226,1.59,57.09,19.24,1.68,0.51,94.68,Fes-Meknes,34.03,-5.0,low,20220226,2,57
20220227,2.18,71.2,16.04,1.2,0.5,95.01,Fes-Meknes,34.03,-5.0,low,20220227,2,58
20220303,7.23,70.0,13.13,3.75,0.49,95.44,Fes-Meknes,34.03,-5.0,medium,20220303,3,62
20220304,2.19,73.18,9.83,4.72,0.54,95.29,Fes-Meknes,34.03,-5.0,low,20220304,3,63
20220306,12.19,80.5,9.9,2.47,0.59,94.52,Fes-Meknes,34.03,-5.0,medium,20220306,3,65
20220312,1.72,73.31,13.57,2.71,0.51,95.2,Fes-Meknes,34.03,-5.0,low,20220312,3,71
20220313,2.26,75.28,13.42,1.55,0.51,94.8,Fes-Meknes,34.03,-5.0,low,20220313,3,72
20220314,4.14,80.01,12.3,2.08,0.54,93.93,Fes-Meknes,34.03,-5.0,low,20220314,3,73
20220315,2.25,76.36,9.85,0.78,0.53,94.1,Fes-Meknes,34.03,-5.0,low,20220315,3,74
20220316,4.09,81.05,8.29,1.76,0.55,94.57,Fes-Meknes,34.03,-5.0,low,20220316,3,75
20220317,2.74,78.88,11.15,2.24,0.53,95.0,Fes-Meknes,34.03,-5.0,low,20220317,3,76
20220320,2.02,59.19,16.89,3.16,0.51,94.82,Fes-Meknes,34.03,-5.0,low,20220320,3,79
20220322,5.36,68.18,14.91,0.9,0.53,95.07,Fes-Meknes,34.03,-5.0,medium,20220322,3,81
20220323,21.34,81.72,13.35,1.98,0.64,94.55,Fes-Meknes,34.03,-5.0,medium,20220323,3,82
20220324,4.62,78.34,8.8,1.48,0.63,94.32,Fes-Meknes,34.03,-5.0,low,20220324,3,83
20220325,1.26,67.74,11.21,1.31,0.58,94.46,Fes-Meknes,34.03,-5.0,low,20220325,3,84
20220329,13.32,74.68,14.5,2.34,0.61,94.35,Fes-Meknes,34.03,-5.0,medium,20220329,3,88
20220330,9.36,81.86,12.4,5.1,0.65,94.43,Fes-Meknes,34.03,-5.0,medium,20220330,3,89
20220331,3.77,77.52,12.76,5.06,0.62,94.79,Fes-Meknes,34.03,-5.0,low,20220331,3,90
20220401,1.2,74.42,12.98,2.88,0.61,94.95,Fes-Meknes,34.03,-5.0,low,20220401,4,91
20220404,40.27,77.34,12.14,2.18,0.76,93.65,Fes-Meknes,34.03,-5.0,high,20220404,4,94
20220405,6.43,70.21,11.8,3.7,0.72,94.38,Fes-Meknes,34.03,-5.0,medium,20220405,4,95
20220412,4.54,76.34,14.25,3.44,0.66,94.66,Fes-Meknes,34.03,-5.0,low,20220412,4,102
20220413,2.39,75.15,14.0,3.1,0.66,94.78,Fes-Meknes,34.03,-5.0,low,20220413,4,103
20220420,1.13,66.32,11.68,5.6,0.59,94.82,Fes-Meknes,34.03,-5.0,low,20220420,4,110
20220423,4.57,72.2,13.65,4.38,0.62,94.61,Fes-Meknes,34.03,-5.0,low,20220423,4,113
20220426,5.05,83.4,14.77,1.27,0.61,94.65,Fes-Meknes,34.03,-5.0,medium,20220426,4,116
20220427,1.54,76.68,15.97,2.26,0.61,95.01,Fes-Meknes,34.03,-5.0,low,20220427,4,117
20220428,1.41,69.02,15.85,2.25,0.59,95.14,Fes-Meknes,34.03,-5.0,low,20220428,4,118
20220503,11.01,79.83,14.01,3.03,0.63,94.58,Fes-Meknes,34.03,-5.0,medium,20220503,5,123
20220504,5.3,78.05,14.01,2.46,0.63,94.85,Fes-Meknes,34.03,-5.0,medium,20220504,5,124
20220620,2.08,51.78,25.48,3.03,0.32,94.88,Fes-Meknes,34.03,-5.0,low,20220620,6,171
20220704,5.4,47.76,28.44,1.73,0.27,95.2,Fes-Meknes,34.03,-5.0,medium,20220704,7,185
20220705,1.43,48.52,28.91,1.97,0.38,95.19,Fes-Meknes,34.03,-5.0,low,20220705,7,186
20220824,1.76,35.21,30.7,2.37,0.13,94.86,Fes-Meknes,34.03,-5.0,low,20220824,8,236
20220828,1.25,41.53,30.18,2.27,0.19,94.53,Fes-Meknes,34.03,-5.0,low,20220828,8,240
20220830,1.91,46.96,29.61,2.33,0.22,95.31,Fes-Meknes,34.03,-5.0,low,20220830,8,242
20220902,1.23,49.11,27.42,1.89,0.28,95.12,Fes-Meknes,34.03,-5.0,low,20220902,9,245
20220921,1.7,59.21,25.27,1.84,0.26,95.09,Fes-Meknes,34.03,-5.0,low,20220921,9,264
20220925,1.41,67.11,20.68,3.06,0.27,94.75,Fes-Meknes,34.03,-5.0,low,20220925,9,268
20220930,3.26,61.88,18.7,2.54,0.38,94.86,Fes-Meknes,34.03,-5.0,low,20220930,9,273
20221008,1.84,41.7,25.98,2.75,0.26,94.77,Fes-Meknes,34.03,-5.0,low,20221008,10,281
20221010,1.3,63.2,22.08,1.92,0.33,95.16,Fes-Meknes,34.03,-5.0,low,20221010,10,283
20221011,22.19,74.52,19.96,1.47,0.5,95.04,Fes-Meknes,34.03,-5.0,medium,20221011,10,284
20221012,2.8,73.37,19.61,2.96,0.53,94.99,Fes-Meknes,34.03,-5.0,low,20221012,10,285
20221117,2.36,64.76,17.04,3.38,0.29,95.26,Fes-Meknes,34.03,-5.0,low,20221117,11,321
20221118,19.64,84.76,14.5,3.81,0.51,95.25,Fes-Meknes,34.03,-5.0,medium,20221118,11,322
20221119,1.16,74.74,11.99,2.78,0.49,95.71,Fes-Meknes,34.03,-5.0,low,20221119,11,323
20221121,1.0,66.49,14.52,2.92,0.45,95.79,Fes-Meknes,34.03,-5.0,low,20221121,11,325
20221201,18.2,64.75,13.17,2.03,0.5,94.54,Fes-Meknes,34.03,-5.0,medium,20221201,12,335
20221202,7.75,81.07,12.67,1.48,0.58,94.24,Fes-Meknes,34.03,-5.0,medium,20221202,12,336
20221206,1.07,78.28,14.66,2.72,0.49,95.07,Fes-Meknes,34.03,-5.0,low,20221206,12,340
20221208,8.55,71.36,15.54,3.18,0.51,94.33,Fes-Meknes,34.03,-5.0,medium,20221208,12,342
20221209,9.9,80.28,15.17,5.31,0.59,94.4,Fes-Meknes,34.03,-5.0,medium,20221209,12,343
20221210,5.14,82.51,14.59,4.73,0.56,94.96,Fes-Meknes,34.03,-5.0,medium,20221210,12,344
20221211,9.52,76.26,15.63,4.37,0.57,94.98,Fes-Meknes,34.03,-5.0,medium,20221211,12,345
20221212,2.3,80.63,17.08,3.74,0.55,95.17,Fes-Meknes,34.03,-5.0,low,20221212,12,346
20221213,1.33,75.99,17.22,4.02,0.53,95.07,Fes-Meknes,34.03,-5.0,low,20221213,12,347
20221214,44.0,78.14,16.12,4.49,0.68,94.64,Fes-Meknes,34.03,-5.0,high,20221214,12,348
20221215,25.98,85.24,12.49,6.23,0.76,94.32,Fes-Meknes,34.03,-5.0,high,20221215,12,349
20221216,7.25,85.7,12.28,3.65,0.71,94.76,Fes-Meknes,34.03,-5.0,medium,20221216,12,350
20230116,1.35,88.84,9.66,2.14,0.59,95.8,Fes-Meknes,34.03,-5.0,low,20230116,1,16
20230117,4.57,83.6,9.95,5.19,0.6,95.19,Fes-Meknes,34.03,-5.0,low,20230117,1,17
20230118,11.03,89.0,9.28,4.3,0.68,95.2,Fes-Meknes,34.03,-5.0,medium,20230118,1,18
20230121,3.26,87.97,10.95,2.47,0.63,95.44,Fes-Meknes,34.03,-5.0,low,20230121,1,21
20230122,1.84,84.44,11.34,1.52,0.64,95.38,Fes-Meknes,34.03,-5.0,low,20230122,1,22
20230126,2.67,63.89,6.49,2.99,0.62,95.41,Fes-Meknes,34.03,-5.0,low,20230126,1,26
20230127,10.66,79.53,6.8,3.26,0.69,94.99,Fes-Meknes,34.03,-5.0,medium,20230127,1,27
20230128,2.93,73.18,6.14,2.53,0.66,95.05,Fes-Meknes,34.03,-5.0,low,20230128,1,28
20230217,1.35,61.59,11.91,4.95,0.59,95.37,Fes-Meknes,34.03,-5.0,low,20230217,2,48
20230218,2.06,55.61,14.77,4.3,0.59,95.44,Fes-Meknes,34.03,-5.0,low,20230218,2,49
20230223,3.3,74.2,13.44,1.87,0.57,94.64,Fes-Meknes,34.03,-5.0,low,20230223,2,54
20230224,2.82,76.42,9.06,3.34,0.61,94.42,Fes-Meknes,34.03,-5.0,low,20230224,2,55
20230225,5.29,81.63,8.46,5.01,0.61,94.55,Fes-Meknes,34.03,-5.0,medium,20230225,2,56
20230226,22.36,90.81,8.82,3.65,0.71,94.5,Fes-Meknes,34.03,-5.0,medium,20230226,2,57
20230227,3.39,82.4,10.16,4.38,0.67,94.99,Fes-Meknes,34.03,-5.0,low,20230227,2,58
20230228,9.59,87.43,10.68,4.04,0.69,95.26,Fes-Meknes,34.03,-5.0,medium,20230228,2,59
20230301,1.08,78.87,10.44,3.54,0.67,95.15,Fes-Meknes,34.03,-5.0,low,20230301,3,60
20230302,3.02,85.09,10.37,2.63,0.67,95.21,Fes-Meknes,34.03,-5.0,low,20230302,3,61
20230408,2.29,44.15,20.31,2.75,0.49,94.84,Fes-Meknes,34.03,-5.0,low,20230408,4,98
20230419,1.41,53.08,21.66,1.86,0.45,94.2,Fes-Meknes,34.03,-5.0,low,20230419,4,109
20230504,3.59,51.73,21.94,1.99,0.41,95.33,Fes-Meknes,34.03,-5.0,low,20230504,5,124
20230505,1.87,55.88,22.02,2.5,0.43,95.07,Fes-Meknes,34.03,-5.0,low,20230505,5,125
20230517,24.64,79.64,16.45,1.26,0.6,94.66,Fes-Meknes,34.03,-5.0,medium,20230517,5,137
20230518,2.88,64.63,16.02,1.67,0.5,94.84,Fes-Meknes,34.03,-5.0,low,20230518,5,138
20230521,11.66,74.51,15.24,2.36,0.55,94.38,Fes-Meknes,34.03,-5.0,medium,20230521,5,141
20230522,1.94,69.49,14.93,2.61,0.5,94.56,Fes-Meknes,34.03,-5.0,low,20230522,5,142
20230523,4.58,70.98,15.8,2.59,0.51,94.6,Fes-Meknes,34.03,-5.0,low,20230523,5,143
20230524,3.01,71.03,17.24,2.27,0.52,94.82,Fes-Meknes,34.03,-5.0,low,20230524,5,144
20230527,4.92,74.64,18.45,3.15,0.51,94.93,Fes-Meknes,34.03,-5.0,low,20230527,5,147
20230528,3.68,69.57,18.18,2.58,0.52,95.07,Fes-Meknes,34.03,-5.0,low,20230528,5,148
20230529,1.03,62.04,18.81,2.32,0.48,94.98,Fes-Meknes,34.03,-5.0,low,20230529,5,149
20230601,2.39,56.4,21.88,2.03,0.48,94.52,Fes-Meknes,34.03,-5.0,low,20230601,6,152
20230602,6.35,64.2,20.16,2.1,0.53,94.52,Fes-Meknes,34.03,-5.0,medium,20230602,6,153
20230604,1.02,58.94,22.59,1.75,0.47,94.7,Fes-Meknes,34.03,-5.0,low,20230604,6,155
20230605,2.33,60.99,24.05,1.25,0.49,94.71,Fes-Meknes,34.03,-5.0,low,20230605,6,156
20230606,2.23,61.92,25.17,1.96,0.48,94.48,Fes-Meknes,34.03,-5.0,low,20230606,6,157
20230607,1.43,65.58,25.31,1.84,0.49,94.58,Fes-Meknes,34.03,-5.0,low,20230607,6,158
20230608,1.49,69.69,23.27,3.16,0.48,94.64,Fes-Meknes,34.03,-5.0,low,20230608,6,159
20230610,1.4,67.45,22.24,2.62,0.47,94.96,Fes-Meknes,34.03,-5.0,low,20230610,6,161
20230810,2.22,31.06,36.14,2.25,0.12,95.35,Fes-Meknes,34.03,-5.0,low,20230810,8,222
20230823,2.52,25.78,35.05,2.48,0.15,94.78,Fes-Meknes,34.03,-5.0,low,20230823,8,235
20230902,10.12,67.05,21.05,2.48,0.28,94.83,Fes-Meknes,34.03,-5.0,medium,20230902,9,245
20230903,1.48,63.08,21.52,2.06,0.41,94.4,Fes-Meknes,34.03,-5.0,low,20230903,9,246
20230914,4.51,49.78,26.26,1.81,0.3,94.77,Fes-Meknes,34.03,-5.0,low,20230914,9,257
20231019,21.72,56.08,21.43,5.41,0.24,94.37,Fes-Meknes,34.03,-5.0,medium,20231019,10,292
20231020,28.17,74.86,17.38,4.64,0.63,94.43,Fes-Meknes,34.03,-5.0,high,20231020,10,293
20231021,1.11,68.14,17.97,1.34,0.49,94.41,Fes-Meknes,34.03,-5.0,low,20231021,10,294
20231023,4.91,76.48,17.61,2.84,0.51,94.77,Fes-Meknes,34.03,-5.0,low,20231023,10,296
20231027,2.98,79.67,18.01,2.69,0.49,95.05,Fes-Meknes,34.03,-5.0,low,20231027,10,300
20231028,4.14,77.86,17.9,1.46,0.52,94.77,Fes-Meknes,34.03,-5.0,low,20231028,10,301
20231030,3.12,67.91,18.72,2.83,0.51,94.68,Fes-Meknes,34.03,-5.0,low,20231030,10,303
20231103,2.46,77.11,16.8,3.91,0.5,95.14,Fes-Meknes,34.03,-5.0,low,20231103,11,307
20231106,1.2,70.47,14.71,1.6,0.48,95.28,Fes-Meknes,34.03,-5.0,low,20231106,11,310
20231201,9.03,65.43,13.22,3.57,0.51,94.46,Fes-Meknes,34.03,-5.0,medium,20231201,12,335
20231202,1.42,79.27,11.53,1.97,0.51,95.26,Fes-Meknes,34.03,-5.0,low,20231202,12,336
20231206,4.22,78.53,14.77,3.99,0.51,95.07,Fes-Meknes,34.03,-5.0,low,20231206,12,340
20231213,1.6,78.68,14.19,3.15,0.47,95.49,Fes-Meknes,34.03,-5.0,low,20231213,12,347
20200119,6.28,83.44,13.99,4.35,0.52,100.98,Rabat-Sale-Kenitra,34.02,-6.84,medium,20200119,1,19
20200120,2.1,74.58,12.23,3.26,0.51,99.96,Rabat-Sale-Kenitra,34.02,-6.84,low,20200120,1,20
20200121,1.6,77.18,11.47,1.93,0.51,100.08,Rabat-Sale-Kenitra,34.02,-6.84,low,20200121,1,21
20200122,2.77,80.46,11.72,3.96,0.51,100.3,Rabat-Sale-Kenitra,34.02,-6.84,low,20200122,1,22
20200123,6.49,83.57,12.94,4.93,0.55,100.49,Rabat-Sale-Kenitra,34.02,-6.84,medium,20200123,1,23
20200124,4.48,80.76,13.91,5.09,0.55,100.69,Rabat-Sale-Kenitra,34.02,-6.84,low,20200124,1,24
20200125,6.08,85.2,13.37,5.88,0.58,100.73,Rabat-Sale-Kenitra,34.02,-6.84,medium,20200125,1,25
20200312,1.44,62.01,18.58,2.1,0.44,100.7,Rabat-Sale-Kenitra,34.02,-6.84,low,20200312,3,72
20200313,3.98,78.25,17.11,2.18,0.48,100.61,Rabat-Sale-Kenitra,34.02,-6.84,low,20200313,3,73
20200314,3.3,84.39,15.78,1.7,0.49,100.54,Rabat-Sale-Kenitra,34.02,-6.84,low,20200314,3,74
20200315,8.23,83.5,15.93,2.18,0.51,100.35,Rabat-Sale-Kenitra,34.02,-6.84,medium,20200315,3,75
20200316,12.32,71.92,14.26,3.93,0.6,100.61,Rabat-Sale-Kenitra,34.02,-6.84,medium,20200316,3,76
20200320,5.48,87.25,15.86,4.01,0.53,100.09,Rabat-Sale-Kenitra,34.02,-6.84,medium,20200320,3,80
20200321,1.07,73.4,14.45,5.61,0.5,100.39,Rabat-Sale-Kenitra,34.02,-6.84,low,20200321,3,81
20200324,3.35,86.82,14.72,3.48,0.5,99.6,Rabat-Sale-Kenitra,34.02,-6.84,low,20200324,3,84
20200330,1.63,72.29,16.11,3.55,0.47,100.0,Rabat-Sale-Kenitra,34.02,-6.84,low,20200330,3,90
20200331,7.11,81.12,16.91,6.56,0.54,99.71,Rabat-Sale-Kenitra,34.02,-6.84,medium,20200331,3,91
20200419,1.94,75.91,17.29,4.37,0.46,100.33,Rabat-Sale-Kenitra,34.02,-6.84,low,20200419,4,110
20200420,1.39,71.61,17.4,5.74,0.45,100.49,Rabat-Sale-Kenitra,34.02,-6.84,low,20200420,4,111
20200421,1.82,72.36,16.25,6.53,0.46,100.43,Rabat-Sale-Kenitra,34.02,-6.84,low,20200421,4,112
20200425,4.86,81.89,16.68,4.94,0.5,100.23,Rabat-Sale-Kenitra,34.02,-6.84,low,20200425,4,116
20200512,2.83,72.91,18.11,5.33,0.45,99.97,Rabat-Sale-Kenitra,34.02,-6.84,low,20200512,5,133
20200513,4.39,73.83,17.64,5.73,0.47,99.81,Rabat-Sale-Kenitra,34.02,-6.84,low,20200513,5,134
20200514,11.18,75.19,16.78,7.12,0.55,99.81,Rabat-Sale-Kenitra,34.02,-6.84,medium,20200514,5,135
20200515,11.65,76.87,16.47,4.94,0.57,99.96,Rabat-Sale-Kenitra,34.02,-6.84,medium,20200515,5,136
20200607,1.63,77.23,21.39,5.0,0.42,100.4,Rabat-Sale-Kenitra,34.02,-6.84,low,20200607,6,159
20200608,2.68,76.19,20.13,3.73,0.45,100.59,Rabat-Sale-Kenitra,34.02,-6.84,low,20200608,6,160
20200824,1.09,73.25,25.21,2.03,0.22,100.17,Rabat-Sale-Kenitra,34.02,-6.84,low,20200824,8,237
20200828,1.16,79.7,23.47,3.33,0.3,100.12,Rabat-Sale-Kenitra,34.02,-6.84,low,20200828,8,241
20200908,6.97,73.66,24.87,1.73,0.36,100.4,Rabat-Sale-Kenitra,34.02,-6.84,medium,20200908,9,252
20200909,6.8,83.02,23.59,2.13,0.46,100.49,Rabat-Sale-Kenitra,34.02,-6.84,medium,20200909,9,253
20200910,4.77,77.66,23.99,1.72,0.44,100.32,Rabat-Sale-Kenitra,34.02,-6.84,low,20200910,9,254
20200911,5.32,84.36,23.03,1.94,0.44,100.0,Rabat-Sale-Kenitra,34.02,-6.84,medium,20200911,9,255
20200912,5.88,85.1,23.29,2.31,0.47,100.17,Rabat-Sale-Kenitra,34.02,-6.84,medium,20200912,9,256
20200917,2.72,74.15,23.68,3.35,0.41,100.23,Rabat-Sale-Kenitra,34.02,-6.84,low,20200917,9,261
20200918,4.01,77.43,22.58,4.22,0.47,100.37,Rabat-Sale-Kenitra,34.02,-6.84,low,20200918,9,262
20200919,3.37,75.51,21.86,3.03,0.45,100.74,Rabat-Sale-Kenitra,34.02,-6.84,low,20200919,9,263
20200924,45.94,64.1,24.45,3.19,0.43,100.29,Rabat-Sale-Kenitra,34.02,-6.84,high,20200924,9,268
20200925,126.56,80.0,21.95,2.19,0.75,100.95,Rabat-Sale-Kenitra,34.02,-6.84,high,20200925,9,269
20200927,136.36,80.95,20.18,2.38,0.72,100.37,Rabat-Sale-Kenitra,34.02,-6.84,high,20200927,9,271
20201002,4.91,84.77,19.82,3.66,0.61,100.07,Rabat-Sale-Kenitra,34.02,-6.84,low,20201002,10,276
20201020,1.96,65.16,21.44,5.29,0.53,99.98,Rabat-Sale-Kenitra,34.02,-6.84,low,20201020,10,294
20201021,1.5,84.9,19.66,3.65,0.55,100.09,Rabat-Sale-Kenitra,34.02,-6.84,low,20201021,10,295
20201022,1.51,82.97,18.86,4.12,0.54,100.42,Rabat-Sale-Kenitra,34.02,-6.84,low,20201022,10,296
20201026,2.49,83.21,17.01,3.86,0.55,101.01,Rabat-Sale-Kenitra,34.02,-6.84,low,20201026,10,300
20201104,3.38,88.56,18.19,2.78,0.54,100.33,Rabat-Sale-Kenitra,34.02,-6.84,low,20201104,11,309
20201105,1.76,74.47,18.77,3.47,0.55,99.89,Rabat-Sale-Kenitra,34.02,-6.84,low,20201105,11,310
20201125,4.96,78.32,17.32,5.19,0.49,100.32,Rabat-Sale-Kenitra,34.02,-6.84,low,20201125,11,330
20201126,12.69,80.55,13.49,6.75,0.62,99.57,Rabat-Sale-Kenitra,34.02,-6.84,medium,20201126,11,331
20201127,5.96,80.41,13.85,4.57,0.59,99.57,Rabat-Sale-Kenitra,34.02,-6.84,medium,20201127,11,332
20201128,2.83,78.52,15.9,5.5,0.56,99.93,Rabat-Sale-Kenitra,34.02,-6.84,low,20201128,11,333
20201129,5.19,83.96,15.92,3.12,0.58,100.08,Rabat-Sale-Kenitra,34.02,-6.84,medium,20201129,11,334
20201130,4.46,76.96,16.99,2.74,0.58,100.45,Rabat-Sale-Kenitra,34.02,-6.84,low,20201130,11,335
20201204,7.84,78.6,16.3,6.88,0.58,99.91,Rabat-Sale-Kenitra,34.02,-6.84,medium,20201204,12,339
20201205,3.98,68.91,14.16,5.41,0.59,100.09,Rabat-Sale-Kenitra,34.02,-6.84,low,20201205,12,340
20201206,3.94,78.11,14.01,3.2,0.58,100.67,Rabat-Sale-Kenitra,34.02,-6.84,low,20201206,12,341
20201208,1.79,81.32,16.5,4.64,0.56,101.07,Rabat-Sale-Kenitra,34.02,-6.84,low,20201208,12,343
20201209,1.14,78.92,16.44,2.45,0.57,101.17,Rabat-Sale-Kenitra,34.02,-6.84,low,20201209,12,344
20201211,2.82,90.0,17.0,4.24,0.58,101.09,Rabat-Sale-Kenitra,34.02,-6.84,low,20201211,12,346
20201214,1.26,88.08,17.33,3.89,0.56,100.36,Rabat-Sale-Kenitra,34.02,-6.84,low,20201214,12,349
20201215,1.1,82.89,16.33,2.06,0.56,100.6,Rabat-Sale-Kenitra,34.02,-6.84,low,20201215,12,350
20201216,10.21,84.85,15.1,4.95,0.61,100.45,Rabat-Sale-Kenitra,34.02,-6.84,medium,20201216,12,351
20201228,9.8,81.02,13.85,4.66,0.58,100.26,Rabat-Sale-Kenitra,34.02,-6.84,medium,20201228,12,363
20201229,46.6,77.89,14.56,3.11,0.8,100.24,Rabat-Sale-Kenitra,34.02,-6.84,high,20201229,12,364
20201230,4.77,72.7,13.13,3.81,0.69,100.65,Rabat-Sale-Kenitra,34.02,-6.84,low,20201230,12,365
20210101,4.09,80.55,12.91,3.46,0.67,100.67,Rabat-Sale-Kenitra,34.02,-6.84,low,20210101,1,1
20210102,1.28,71.68,12.48,2.9,0.65,100.65,Rabat-Sale-Kenitra,34.02,-6.84,low,20210102,1,2
20210105,24.39,78.88,11.88,1.29,0.75,99.73,Rabat-Sale-Kenitra,34.02,-6.84,medium,20210105,1,5
20210106,27.61,88.79,15.07,4.09,0.78,99.35,Rabat-Sale-Kenitra,34.02,-6.84,high,20210106,1,6
20210107,17.98,90.68,16.34,4.27,0.78,99.3,Rabat-Sale-Kenitra,34.02,-6.84,medium,20210107,1,7
20210108,11.55,89.55,16.44,6.27,0.78,99.01,Rabat-Sale-Kenitra,34.02,-6.84,medium,20210108,1,8
20210109,13.47,76.65,12.48,7.12,0.77,99.72,Rabat-Sale-Kenitra,34.02,-6.84,medium,20210109,1,9
20210110,19.98,75.3,11.37,6.06,0.81,99.97,Rabat-Sale-Kenitra,34.02,-6.84,medium,20210110,1,10
20210111,18.78,68.56,11.43,2.14,0.82,100.81,Rabat-Sale-Kenitra,34.02,-6.84,medium,20210111,1,11
20210120,4.98,84.79,14.13,6.64,0.75,100.82,Rabat-Sale-Kenitra,34.02,-6.84,low,20210120,1,20
20210121,1.44,88.32,15.45,4.03,0.75,101.11,Rabat-Sale-Kenitra,34.02,-6.84,low,20210121,1,21
20210122,1.57,92.5,15.58,4.59,0.75,101.18,Rabat-Sale-Kenitra,34.02,-6.84,low,20210122,1,22
20210205,2.85,83.49,13.86,4.43,0.73,99.33,Rabat-Sale-Kenitra,34.02,-6.84,low,20210205,2,36
20210206,9.78,81.73,12.75,3.95,0.77,99.82,Rabat-Sale-Kenitra,34.02,-6.84,medium,20210206,2,37
20210207,2.11,74.78,13.45,5.02,0.74,100.48,Rabat-Sale-Kenitra,34.02,-6.84,low,20210207,2,38
20210208,5.73,89.78,13.49,6.1,0.76,100.5,Rabat-Sale-Kenitra,34.02,-6.84,medium,20210208,2,39
20210209,1.65,88.17,15.43,5.92,0.75,100.51,Rabat-Sale-Kenitra,34.02,-6.84,low,20210209,2,40
20210221,9.03,79.15,13.71,5.74,0.75,100.02,Rabat-Sale-Kenitra,34.02,-6.84,medium,20210221,2,52
20210225,4.99,84.12,14.89,2.85,0.72,101.21,Rabat-Sale-Kenitra,34.02,-6.84,low,20210225,2,56
20210226,11.6,84.98,13.82,2.4,0.77,101.05,Rabat-Sale-Kenitra,34.02,-6.84,medium,20210226,2,57
20210227,4.98,82.04,15.38,1.54,0.76,100.65,Rabat-Sale-Kenitra,34.02,-6.84,low,20210227,2,58
20210228,3.77,80.69,14.89,1.4,0.75,100.21,Rabat-Sale-Kenitra,34.02,-6.84,low,20210228,2,59
20210301,2.23,79.43,14.69,1.69,0.75,100.3,Rabat-Sale-Kenitra,34.02,-6.84,low,20210301,3,60
20210302,1.16,81.89,15.41,2.03,0.74,100.87,Rabat-Sale-Kenitra,34.02,-6.84,low,20210302,3,61
20210305,7.09,83.89,15.25,3.57,0.75,100.16,Rabat-Sale-Kenitra,34.02,-6.84,medium,20210305,3,64
20210306,24.76,82.65,14.68,2.18,0.82,100.21,Rabat-Sale-Kenitra,34.02,-6.84,medium,20210306,3,65
20210307,54.05,87.34,14.63,2.96,0.89,100.5,Rabat-Sale-Kenitra,34.02,-6.84,high,20210307,3,66
20210308,8.97,84.48,13.52,3.19,0.83,100.52,Rabat-Sale-Kenitra,34.02,-6.84,medium,20210308,3,67
20210309,1.7,73.42,13.75,2.52,0.8,100.57,Rabat-Sale-Kenitra,34.02,-6.84,low,20210309,3,68
20210320,2.86,74.13,13.53,4.59,0.78,100.01,Rabat-Sale-Kenitra,34.02,-6.84,low,20210320,3,79
20210413,1.34,85.5,18.03,2.12,0.71,100.46,Rabat-Sale-Kenitra,34.02,-6.84,low,20210413,4,103
20210414,6.88,85.97,18.2,2.21,0.75,100.11,Rabat-Sale-Kenitra,34.02,-6.84,medium,20210414,4,104
20210426,2.12,81.59,18.0,5.44,0.69,99.73,Rabat-Sale-Kenitra,34.02,-6.84,low,20210426,4,116
20210427,1.4,82.02,18.2,5.19,0.68,99.77,Rabat-Sale-Kenitra,34.02,-6.84,low,20210427,4,117
20210430,4.14,78.8,15.76,2.8,0.7,100.05,Rabat-Sale-Kenitra,34.02,-6.84,low,20210430,4,120
20210508,5.61,80.34,19.94,2.17,0.67,100.17,Rabat-Sale-Kenitra,34.02,-6.84,medium,20210508,5,128
20210521,4.2,83.9,20.25,2.31,0.62,100.35,Rabat-Sale-Kenitra,34.02,-6.84,low,20210521,5,141
20210522,1.09,78.15,19.48,2.98,0.61,100.27,Rabat-Sale-Kenitra,34.02,-6.84,low,20210522,5,142
20210525,2.0,79.77,19.04,2.87,0.6,100.48,Rabat-Sale-Kenitra,34.02,-6.84,low,20210525,5,145
20210704,1.38,81.62,22.2,2.73,0.47,100.62,Rabat-Sale-Kenitra,34.02,-6.84,low,20210704,7,185
20210914,1.84,76.0,23.82,3.76,0.35,100.05,Rabat-Sale-Kenitra,34.02,-6.84,low,20210914,9,257
20210922,1.06,83.59,23.46,2.81,0.35,100.01,Rabat-Sale-Kenitra,34.02,-6.84,low,20210922,9,265
20211103,4.14,79.0,19.36,3.92,0.39,100.27,Rabat-Sale-Kenitra,34.02,-6.84,low,20211103,11,307
20211104,1.85,71.34,17.19,3.09,0.44,100.43,Rabat-Sale-Kenitra,34.02,-6.84,low,20211104,11,308
20211119,2.17,61.81,18.99,3.94,0.32,100.21,Rabat-Sale-Kenitra,34.02,-6.84,low,20211119,11,323
20211123,9.85,78.89,15.58,3.3,0.5,100.37,Rabat-Sale-Kenitra,34.02,-6.84,medium,20211123,11,327
20211124,1.97,73.17,15.65,4.61,0.45,100.56,Rabat-Sale-Kenitra,34.02,-6.84,low,20211124,11,328
20211125,1.85,72.44,15.89,4.68,0.44,100.26,Rabat-Sale-Kenitra,34.02,-6.84,low,20211125,11,329
20211126,6.67,72.21,15.2,3.33,0.51,100.1,Rabat-Sale-Kenitra,34.02,-6.84,medium,20211126,11,330
20211127,2.16,68.38,15.21,3.58,0.44,100.34,Rabat-Sale-Kenitra,34.02,-6.84,low,20211127,11,331
20211129,1.04,77.35,15.33,2.65,0.43,101.47,Rabat-Sale-Kenitra,34.02,-6.84,low,20211129,11,333
20211202,9.79,79.01,14.84,5.0,0.52,100.77,Rabat-Sale-Kenitra,34.02,-6.84,medium,20211202,12,336
20211208,1.7,83.6,14.85,4.47,0.44,101.23,Rabat-Sale-Kenitra,34.02,-6.84,low,20211208,12,342
20211221,3.94,69.67,18.25,4.14,0.44,100.66,Rabat-Sale-Kenitra,34.02,-6.84,low,20211221,12,355
20211222,1.9,78.59,17.02,3.96,0.47,100.78,Rabat-Sale-Kenitra,34.02,-6.84,low,20211222,12,356
20211223,1.06,86.87,16.66,2.96,0.45,100.72,Rabat-Sale-Kenitra,34.02,-6.84,low,20211223,12,357
20211224,5.57,81.37,15.95,4.0,0.49,100.38,Rabat-Sale-Kenitra,34.02,-6.84,medium,20211224,12,358
20211225,6.23,86.66,16.64,6.68,0.51,100.19,Rabat-Sale-Kenitra,34.02,-6.84,medium,20211225,12,359
20220104,1.21,77.31,14.77,4.3,0.44,101.03,Rabat-Sale-Kenitra,34.02,-6.84,low,20220104,1,4
20220106,2.25,78.82,13.7,2.76,0.46,100.94,Rabat-Sale-Kenitra,34.02,-6.84,low,20220106,1,6
20220219,2.75,81.72,14.04,2.92,0.45,100.87,Rabat-Sale-Kenitra,34.02,-6.84,low,20220219,2,50
20220224,3.05,78.06,18.24,1.82,0.43,100.52,Rabat-Sale-Kenitra,34.02,-6.84,low,20220224,2,55
20220303,4.08,78.07,15.67,3.92,0.44,101.04,Rabat-Sale-Kenitra,34.02,-6.84,low,20220303,3,62
20220305,3.26,72.43,13.77,3.84,0.43,100.61,Rabat-Sale-Kenitra,34.02,-6.84,low,20220305,3,64
20220306,16.81,81.05,13.46,3.49,0.59,100.0,Rabat-Sale-Kenitra,34.02,-6.84,medium,20220306,3,65
20220312,1.1,79.1,15.45,2.97,0.45,100.71,Rabat-Sale-Kenitra,34.02,-6.84,low,20220312,3,71
20220313,15.14,83.85,15.06,3.1,0.51,100.25,Rabat-Sale-Kenitra,34.02,-6.84,medium,20220313,3,72
20220314,9.48,76.05,13.84,3.9,0.58,99.35,Rabat-Sale-Kenitra,34.02,-6.84,medium,20220314,3,73
20220315,1.17,70.26,13.22,2.3,0.5,99.49,Rabat-Sale-Kenitra,34.02,-6.84,low,20220315,3,74
20220316,3.82,79.54,13.03,2.42,0.52,100.05,Rabat-Sale-Kenitra,34.02,-6.84,low,20220316,3,75
20220323,3.07,80.67,15.01,3.75,0.48,100.01,Rabat-Sale-Kenitra,34.02,-6.84,low,20220323,3,82
20220324,1.42,72.98,13.74,2.46,0.48,99.69,Rabat-Sale-Kenitra,34.02,-6.84,low,20220324,3,83
20220329,10.54,85.79,15.9,3.21,0.55,99.79,Rabat-Sale-Kenitra,34.02,-6.84,medium,20220329,3,88
20220330,6.5,81.75,15.49,5.1,0.55,99.99,Rabat-Sale-Kenitra,34.02,-6.84,medium,20220330,3,89
20220331,1.05,79.5,15.52,4.73,0.49,100.33,Rabat-Sale-Kenitra,34.02,-6.84,low,20220331,3,90
20220404,4.69,79.16,15.18,3.43,0.51,98.94,Rabat-Sale-Kenitra,34.02,-6.84,low,20220404,4,94
20220405,8.19,77.35,14.01,8.34,0.54,99.72,Rabat-Sale-Kenitra,34.02,-6.84,medium,20220405,4,95
20220422,2.14,78.29,15.76,6.49,0.45,99.71,Rabat-Sale-Kenitra,34.02,-6.84,low,20220422,4,112
20220423,2.92,72.67,16.25,5.18,0.49,100.09,Rabat-Sale-Kenitra,34.02,-6.84,low,20220423,4,113
20220503,4.75,78.93,16.37,4.03,0.49,100.06,Rabat-Sale-Kenitra,34.02,-6.84,low,20220503,5,123
20220504,1.06,75.72,17.65,3.01,0.46,100.29,Rabat-Sale-Kenitra,34.02,-6.84,low,20220504,5,124
20220930,2.86,72.39,20.69,3.8,0.35,100.27,Rabat-Sale-Kenitra,34.02,-6.84,low,20220930,9,273
20221011,1.1,75.4,21.19,1.86,0.31,100.41,Rabat-Sale-Kenitra,34.02,-6.84,low,20221011,10,284
20221012,4.1,79.52,20.79,3.8,0.4,100.38,Rabat-Sale-Kenitra,34.02,-6.84,low,20221012,10,285
20221016,1.06,58.1,23.72,2.73,0.34,100.25,Rabat-Sale-Kenitra,34.02,-6.84,low,20221016,10,289
20221117,2.64,86.68,19.5,3.87,0.31,100.65,Rabat-Sale-Kenitra,34.02,-6.84,low,20221117,11,321
20221118,6.14,79.59,18.32,4.41,0.43,100.73,Rabat-Sale-Kenitra,34.02,-6.84,medium,20221118,11,322
20221201,13.69,85.58,15.97,4.27,0.49,99.93,Rabat-Sale-Kenitra,34.02,-6.84,medium,20221201,12,335
20221202,2.29,79.59,16.42,2.51,0.49,99.67,Rabat-Sale-Kenitra,34.02,-6.84,low,20221202,12,336
20221205,7.08,75.88,17.57,5.09,0.49,99.81,Rabat-Sale-Kenitra,34.02,-6.84,medium,20221205,12,339
20221208,14.26,82.61,17.84,5.53,0.53,99.58,Rabat-Sale-Kenitra,34.02,-6.84,medium,20221208,12,342
20221209,4.87,85.61,18.32,8.01,0.53,99.73,Rabat-Sale-Kenitra,34.02,-6.84,low,20221209,12,343
20221210,3.25,82.78,18.25,5.47,0.51,100.38,Rabat-Sale-Kenitra,34.02,-6.84,low,20221210,12,344
20221211,7.11,85.29,18.26,6.07,0.53,100.36,Rabat-Sale-Kenitra,34.02,-6.84,medium,20221211,12,345
20221212,1.6,88.73,19.32,5.46,0.5,100.52,Rabat-Sale-Kenitra,34.02,-6.84,low,20221212,12,346
20221214,23.87,82.47,18.55,7.4,0.61,99.94,Rabat-Sale-Kenitra,34.02,-6.84,medium,20221214,12,348
20221215,27.08,79.52,17.14,8.22,0.71,99.73,Rabat-Sale-Kenitra,34.02,-6.84,high,20221215,12,349
20221216,3.96,84.14,16.96,5.32,0.61,100.15,Rabat-Sale-Kenitra,34.02,-6.84,low,20221216,12,350
20230109,1.07,86.78,16.45,2.94,0.51,101.7,Rabat-Sale-Kenitra,34.02,-6.84,low,20230109,1,9
20230117,3.47,83.52,14.97,5.53,0.51,100.75,Rabat-Sale-Kenitra,34.02,-6.84,low,20230117,1,17
20230118,1.44,72.41,14.81,4.65,0.53,100.81,Rabat-Sale-Kenitra,34.02,-6.84,low,20230118,1,18
20230126,2.7,63.72,12.06,3.95,0.49,101.02,Rabat-Sale-Kenitra,34.02,-6.84,low,20230126,1,26
20230127,3.66,66.48,13.06,3.59,0.55,100.58,Rabat-Sale-Kenitra,34.02,-6.84,low,20230127,1,27
20230208,1.34,79.57,13.48,3.87,0.49,100.73,Rabat-Sale-Kenitra,34.02,-6.84,low,20230208,2,39
20230215,1.84,80.09,15.67,3.07,0.49,100.81,Rabat-Sale-Kenitra,34.02,-6.84,low,20230215,2,46
20230218,1.0,78.92,15.09,3.22,0.48,100.75,Rabat-Sale-Kenitra,34.02,-6.84,low,20230218,2,49
20230223,2.09,80.12,14.97,3.42,0.47,100.13,Rabat-Sale-Kenitra,34.02,-6.84,low,20230223,2,54
20230224,3.64,69.08,13.26,3.21,0.52,99.98,Rabat-Sale-Kenitra,34.02,-6.84,low,20230224,2,55
20230225,2.13,73.59,13.93,6.11,0.5,100.08,Rabat-Sale-Kenitra,34.02,-6.84,low,20230225,2,56
20230226,28.18,85.61,14.53,4.77,0.67,99.95,Rabat-Sale-Kenitra,34.02,-6.84,high,20230226,2,57
20230227,1.13,74.03,14.59,4.31,0.58,100.55,Rabat-Sale-Kenitra,34.02,-6.84,low,20230227,2,58
20230228,7.76,82.9,14.75,3.73,0.61,100.82,Rabat-Sale-Kenitra,34.02,-6.84,medium,20230228,2,59
20230302,1.83,80.55,13.99,2.23,0.57,100.71,Rabat-Sale-Kenitra,34.02,-6.84,low,20230302,3,61
20230404,3.03,81.92,16.35,3.16,0.47,99.82,Rabat-Sale-Kenitra,34.02,-6.84,low,20230404,4,94
20230419,2.9,77.57,19.89,2.66,0.46,99.6,Rabat-Sale-Kenitra,34.02,-6.84,low,20230419,4,109
20230504,1.22,80.36,20.48,3.12,0.43,100.76,Rabat-Sale-Kenitra,34.02,-6.84,low,20230504,5,124
20230517,3.54,76.89,19.42,4.62,0.42,100.01,Rabat-Sale-Kenitra,34.02,-6.84,low,20230517,5,137
20230518,8.0,76.3,18.46,1.6,0.52,100.25,Rabat-Sale-Kenitra,34.02,-6.84,medium,20230518,5,138
20230521,3.31,72.34,18.23,4.16,0.45,99.78,Rabat-Sale-Kenitra,34.02,-6.84,low,20230521,5,141
20230522,2.64,72.93,18.51,3.5,0.46,99.96,Rabat-Sale-Kenitra,34.02,-6.84,low,20230522,5,142
20230523,4.47,76.51,18.46,3.41,0.47,100.03,Rabat-Sale-Kenitra,34.02,-6.84,low,20230523,5,143
20230524,1.34,75.86,19.39,3.29,0.46,100.21,Rabat-Sale-Kenitra,34.02,-6.84,low,20230524,5,144
20230527,1.78,75.78,20.11,3.78,0.45,100.36,Rabat-Sale-Kenitra,34.02,-6.84,low,20230527,5,147
20230608,1.18,80.95,22.69,4.28,0.42,99.96,Rabat-Sale-Kenitra,34.02,-6.84,low,20230608,6,159
20230809,1.06,75.48,25.87,2.97,0.21,100.46,Rabat-Sale-Kenitra,34.02,-6.84,low,20230809,8,221
20230902,4.29,73.61,22.44,3.11,0.26,100.14,Rabat-Sale-Kenitra,34.02,-6.84,low,20230902,9,245
20231019,27.11,77.83,22.01,8.43,0.31,99.7,Rabat-Sale-Kenitra,34.02,-6.84,high,20231019,10,292
20231020,5.07,69.52,21.41,4.99,0.54,99.82,Rabat-Sale-Kenitra,34.02,-6.84,medium,20231020,10,293
20231022,2.04,72.36,21.62,7.45,0.43,99.27,Rabat-Sale-Kenitra,34.02,-6.84,low,20231022,10,295
20231023,4.46,79.38,20.1,4.37,0.49,100.1,Rabat-Sale-Kenitra,34.02,-6.84,low,20231023,10,296
20231027,2.77,85.08,20.64,3.16,0.46,100.41,Rabat-Sale-Kenitra,34.02,-6.84,low,20231027,10,300
20231028,1.41,74.85,19.87,2.15,0.45,100.16,Rabat-Sale-Kenitra,34.02,-6.84,low,20231028,10,301
20231030,2.08,78.69,20.39,4.26,0.45,100.0,Rabat-Sale-Kenitra,34.02,-6.84,low,20231030,10,303
20231031,1.2,75.51,20.63,3.39,0.44,100.15,Rabat-Sale-Kenitra,34.02,-6.84,low,20231031,10,304
20231102,1.06,82.32,20.4,4.25,0.43,100.69,Rabat-Sale-Kenitra,34.02,-6.84,low,20231102,11,306
20231105,1.23,74.39,19.71,3.06,0.44,100.28,Rabat-Sale-Kenitra,34.02,-6.84,low,20231105,11,309
20231201,9.81,71.9,16.64,4.73,0.51,99.83,Rabat-Sale-Kenitra,34.02,-6.84,medium,20231201,12,335
20231205,1.57,71.99,16.98,3.62,0.43,100.27,Rabat-Sale-Kenitra,34.02,-6.84,low,20231205,12,339
20231206,4.72,87.69,18.22,5.9,0.49,100.41,Rabat-Sale-Kenitra,34.02,-6.84,low,20231206,12,340
20231213,1.7,83.99,17.45,3.38,0.44,100.97,Rabat-Sale-Kenitra,34.02,-6.84,low,20231213,12,347
20231220,1.85,74.91,14.78,2.29,0.42,101.66,Rabat-Sale-Kenitra,34.02,-6.84,low,20231220,12,354
20231221,1.22,74.36,15.29,1.9,0.46,101.29,Rabat-Sale-Kenitra,34.02,-6.84,low,20231221,12,355
20200119,4.43,73.37,6.9,2.17,0.5,90.87,Beni-Mellal-Khenifra,32.34,-6.35,low,20200119,1,19
20200120,4.62,86.26,5.49,1.16,0.53,89.8,Beni-Mellal-Khenifra,32.34,-6.35,low,20200120,1,20
20200121,1.78,70.05,5.64,1.19,0.51,89.93,Beni-Mellal-Khenifra,32.34,-6.35,low,20200121,1,21
20200122,2.11,77.57,5.47,1.45,0.52,90.25,Beni-Mellal-Khenifra,32.34,-6.35,low,20200122,1,22
20200125,2.48,78.75,6.32,2.02,0.51,90.78,Beni-Mellal-Khenifra,32.34,-6.35,low,20200125,1,25
20200220,2.52,56.24,12.9,1.39,0.47,90.73,Beni-Mellal-Khenifra,32.34,-6.35,low,20200220,2,51
20200312,9.24,39.38,17.91,1.3,0.41,90.81,Beni-Mellal-Khenifra,32.34,-6.35,medium,20200312,3,72
20200313,8.48,62.98,14.94,1.16,0.52,90.65,Beni-Mellal-Khenifra,32.34,-6.35,medium,20200313,3,73
20200314,41.76,57.43,15.47,1.25,0.56,90.5,Beni-Mellal-Khenifra,32.34,-6.35,high,20200314,3,74
20200315,25.39,77.57,12.81,1.04,0.66,90.35,Beni-Mellal-Khenifra,32.34,-6.35,high,20200315,3,75
20200316,18.21,84.78,10.53,1.52,0.68,90.4,Beni-Mellal-Khenifra,32.34,-6.35,medium,20200316,3,76
20200319,12.21,60.34,13.46,1.56,0.62,89.78,Beni-Mellal-Khenifra,32.34,-6.35,medium,20200319,3,79
20200320,12.65,88.92,10.91,1.57,0.69,90.13,Beni-Mellal-Khenifra,32.34,-6.35,medium,20200320,3,80
20200321,3.08,77.87,8.69,1.97,0.66,90.37,Beni-Mellal-Khenifra,32.34,-6.35,low,20200321,3,81
20200323,5.93,71.28,10.85,1.48,0.65,89.49,Beni-Mellal-Khenifra,32.34,-6.35,medium,20200323,3,83
20200324,13.81,90.25,8.18,1.55,0.71,89.6,Beni-Mellal-Khenifra,32.34,-6.35,medium,20200324,3,84
20200327,2.02,69.79,12.05,1.37,0.66,89.83,Beni-Mellal-Khenifra,32.34,-6.35,low,20200327,3,87
20200328,7.78,82.43,10.65,1.52,0.69,90.14,Beni-Mellal-Khenifra,32.34,-6.35,medium,20200328,3,88
20200331,3.26,76.03,11.95,2.79,0.67,89.98,Beni-Mellal-Khenifra,32.34,-6.35,low,20200331,3,91
20200418,1.82,65.52,15.99,1.47,0.57,90.03,Beni-Mellal-Khenifra,32.34,-6.35,low,20200418,4,109
20200419,10.29,77.54,12.5,2.13,0.63,90.3,Beni-Mellal-Khenifra,32.34,-6.35,medium,20200419,4,110
20200420,1.18,68.3,12.83,2.15,0.59,90.53,Beni-Mellal-Khenifra,32.34,-6.35,low,20200420,4,111
20200421,5.65,73.93,10.58,2.73,0.61,90.48,Beni-Mellal-Khenifra,32.34,-6.35,medium,20200421,4,112
20200424,29.75,60.61,15.49,1.67,0.66,89.93,Beni-Mellal-Khenifra,32.34,-6.35,high,20200424,4,115
20200425,10.82,80.46,12.73,2.38,0.7,90.25,Beni-Mellal-Khenifra,32.34,-6.35,medium,20200425,4,116
20200512,3.7,70.3,14.05,2.75,0.55,90.09,Beni-Mellal-Khenifra,32.34,-6.35,low,20200512,5,133
20200513,7.72,75.98,13.33,2.97,0.58,89.97,Beni-Mellal-Khenifra,32.34,-6.35,medium,20200513,5,134
20200514,7.39,75.47,11.26,3.49,0.6,90.07,Beni-Mellal-Khenifra,32.34,-6.35,medium,20200514,5,135
20200515,12.0,80.45,10.74,2.91,0.63,90.13,Beni-Mellal-Khenifra,32.34,-6.35,medium,20200515,5,136
20200608,1.01,65.38,18.81,1.99,0.46,90.59,Beni-Mellal-Khenifra,32.34,-6.35,low,20200608,6,160
20200712,3.65,27.19,31.58,1.6,0.21,90.53,Beni-Mellal-Khenifra,32.34,-6.35,low,20200712,7,194
20200721,1.74,33.71,30.08,1.97,0.19,90.53,Beni-Mellal-Khenifra,32.34,-6.35,low,20200721,7,203
20200802,1.89,28.48,32.3,2.62,0.16,90.84,Beni-Mellal-Khenifra,32.34,-6.35,low,20200802,8,215
20200810,1.7,37.81,30.25,2.25,0.21,90.34,Beni-Mellal-Khenifra,32.34,-6.35,low,20200810,8,223
20200824,3.23,25.48,31.82,1.43,0.17,90.48,Beni-Mellal-Khenifra,32.34,-6.35,low,20200824,8,237
20200825,2.17,26.72,32.43,1.05,0.27,90.59,Beni-Mellal-Khenifra,32.34,-6.35,low,20200825,8,238
20200914,1.17,47.14,25.93,1.49,0.2,90.94,Beni-Mellal-Khenifra,32.34,-6.35,low,20200914,9,258
20200917,1.59,49.44,23.82,1.93,0.24,90.64,Beni-Mellal-Khenifra,32.34,-6.35,low,20200917,9,261
20200923,1.03,31.84,25.78,2.14,0.23,90.51,Beni-Mellal-Khenifra,32.34,-6.35,low,20200923,9,267
20201021,17.43,65.6,17.65,1.74,0.33,90.28,Beni-Mellal-Khenifra,32.34,-6.35,medium,20201021,10,295
20201022,9.41,78.4,14.6,1.44,0.53,90.57,Beni-Mellal-Khenifra,32.34,-6.35,medium,20201022,10,296
20201104,7.61,66.1,14.33,1.76,0.46,90.49,Beni-Mellal-Khenifra,32.34,-6.35,medium,20201104,11,309
20201105,3.56,54.13,15.94,3.19,0.49,90.11,Beni-Mellal-Khenifra,32.34,-6.35,low,20201105,11,310
20201113,1.41,67.56,15.95,1.45,0.44,90.91,Beni-Mellal-Khenifra,32.34,-6.35,low,20201113,11,318
20201125,1.51,57.1,12.36,1.79,0.41,90.47,Beni-Mellal-Khenifra,32.34,-6.35,low,20201125,11,330
20201126,13.74,82.53,6.63,2.07,0.53,89.72,Beni-Mellal-Khenifra,32.34,-6.35,medium,20201126,11,331
20201127,2.31,84.94,6.34,1.97,0.47,89.64,Beni-Mellal-Khenifra,32.34,-6.35,low,20201127,11,332
20201204,8.81,87.65,9.2,2.93,0.49,90.07,Beni-Mellal-Khenifra,32.34,-6.35,medium,20201204,12,339
20201205,11.29,88.34,6.29,2.9,0.55,90.03,Beni-Mellal-Khenifra,32.34,-6.35,medium,20201205,12,340
20201216,8.04,68.83,10.39,2.06,0.48,90.54,Beni-Mellal-Khenifra,32.34,-6.35,medium,20201216,12,351
20201229,12.34,88.58,5.84,1.17,0.53,90.22,Beni-Mellal-Khenifra,32.34,-6.35,medium,20201229,12,364
20201230,1.19,69.98,7.18,1.2,0.51,90.37,Beni-Mellal-Khenifra,32.34,-6.35,low,20201230,12,365
20210101,1.82,71.9,5.81,1.39,0.49,90.56,Beni-Mellal-Khenifra,32.34,-6.35,low,20210101,1,1
20210102,2.4,81.77,5.83,1.2,0.51,90.44,Beni-Mellal-Khenifra,32.34,-6.35,low,20210102,1,2
20210105,11.24,86.55,7.46,2.19,0.55,89.8,Beni-Mellal-Khenifra,32.34,-6.35,medium,20210105,1,5
20210106,4.03,76.67,10.72,1.96,0.55,89.66,Beni-Mellal-Khenifra,32.34,-6.35,low,20210106,1,6
20210107,17.84,89.93,12.2,1.94,0.61,89.64,Beni-Mellal-Khenifra,32.34,-6.35,medium,20210107,1,7
20210108,10.94,76.79,13.05,3.53,0.6,89.41,Beni-Mellal-Khenifra,32.34,-6.35,medium,20210108,1,8
20210109,18.51,88.74,4.94,3.41,0.66,89.85,Beni-Mellal-Khenifra,32.34,-6.35,medium,20210109,1,9
20210110,31.02,94.73,3.21,3.51,0.72,89.99,Beni-Mellal-Khenifra,32.34,-6.35,high,20210110,1,10
20210111,23.35,91.29,2.28,1.68,0.74,90.63,Beni-Mellal-Khenifra,32.34,-6.35,medium,20210111,1,11
20210122,3.09,85.92,10.47,1.43,0.69,91.19,Beni-Mellal-Khenifra,32.34,-6.35,low,20210122,1,22
20210123,1.05,78.61,10.98,1.05,0.69,91.05,Beni-Mellal-Khenifra,32.34,-6.35,low,20210123,1,23
20210205,2.49,73.85,8.83,2.01,0.65,89.42,Beni-Mellal-Khenifra,32.34,-6.35,low,20210205,2,36
20210206,10.47,91.19,6.07,1.84,0.69,89.8,Beni-Mellal-Khenifra,32.34,-6.35,medium,20210206,2,37
20210207,4.5,87.25,5.3,2.06,0.69,90.45,Beni-Mellal-Khenifra,32.34,-6.35,low,20210207,2,38
20210221,9.78,75.21,7.89,2.84,0.66,90.08,Beni-Mellal-Khenifra,32.34,-6.35,medium,20210221,2,52
20210225,8.01,65.0,11.73,1.29,0.65,91.08,Beni-Mellal-Khenifra,32.34,-6.35,medium,20210225,2,56
20210226,7.43,76.65,9.5,0.75,0.68,90.79,Beni-Mellal-Khenifra,32.34,-6.35,medium,20210226,2,57
20210227,10.81,74.51,8.94,0.75,0.7,90.54,Beni-Mellal-Khenifra,32.34,-6.35,medium,20210227,2,58
20210228,5.66,67.63,9.16,0.99,0.7,90.1,Beni-Mellal-Khenifra,32.34,-6.35,medium,20210228,2,59
20210301,2.99,70.05,9.13,1.09,0.69,90.22,Beni-Mellal-Khenifra,32.34,-6.35,low,20210301,3,60
20210305,2.05,79.78,10.31,1.51,0.67,90.22,Beni-Mellal-Khenifra,32.34,-6.35,low,20210305,3,64
20210306,26.94,85.6,9.14,0.96,0.75,90.14,Beni-Mellal-Khenifra,32.34,-6.35,high,20210306,3,65
20210307,9.81,90.15,7.97,1.51,0.76,90.48,Beni-Mellal-Khenifra,32.34,-6.35,medium,20210307,3,66
20210308,1.8,83.62,9.01,1.2,0.74,90.38,Beni-Mellal-Khenifra,32.34,-6.35,low,20210308,3,67
20210309,1.63,81.75,8.01,1.49,0.73,90.33,Beni-Mellal-Khenifra,32.34,-6.35,low,20210309,3,68
20210319,1.39,83.01,9.9,1.58,0.69,89.94,Beni-Mellal-Khenifra,32.34,-6.35,low,20210319,3,78
20210320,4.8,88.41,6.82,2.35,0.7,89.9,Beni-Mellal-Khenifra,32.34,-6.35,low,20210320,3,79
20210414,4.02,81.37,15.46,1.75,0.58,90.16,Beni-Mellal-Khenifra,32.34,-6.35,low,20210414,4,104
20210415,1.13,78.1,13.49,1.62,0.58,90.04,Beni-Mellal-Khenifra,32.34,-6.35,low,20210415,4,105
20210430,6.72,81.4,11.45,1.82,0.55,90.03,Beni-Mellal-Khenifra,32.34,-6.35,medium,20210430,4,120
20210508,3.34,50.22,22.97,2.03,0.49,90.33,Beni-Mellal-Khenifra,32.34,-6.35,low,20210508,5,128
20210522,14.27,52.73,23.47,1.53,0.43,90.44,Beni-Mellal-Khenifra,32.34,-6.35,medium,20210522,5,142
20210529,1.49,44.89,24.31,1.87,0.41,90.65,Beni-Mellal-Khenifra,32.34,-6.35,low,20210529,5,149
20210530,1.93,47.95,24.64,1.74,0.43,90.53,Beni-Mellal-Khenifra,32.34,-6.35,low,20210530,5,150
20210913,3.08,39.85,27.06,1.67,0.2,90.42,Beni-Mellal-Khenifra,32.34,-6.35,low,20210913,9,256
20210914,8.59,60.98,22.96,2.42,0.41,90.34,Beni-Mellal-Khenifra,32.34,-6.35,medium,20210914,9,257
20210919,3.95,54.94,23.39,1.58,0.38,90.59,Beni-Mellal-Khenifra,32.34,-6.35,low,20210919,9,262
20210920,54.71,58.37,22.66,1.33,0.55,90.62,Beni-Mellal-Khenifra,32.34,-6.35,high,20210920,9,263
20210921,6.1,56.21,22.04,1.44,0.53,90.36,Beni-Mellal-Khenifra,32.34,-6.35,medium,20210921,9,264
20210922,2.96,61.32,20.87,1.38,0.52,90.29,Beni-Mellal-Khenifra,32.34,-6.35,low,20210922,9,265
20211022,3.35,66.11,17.25,1.27,0.4,90.58,Beni-Mellal-Khenifra,32.34,-6.35,low,20211022,10,295
20211103,5.98,77.24,14.3,1.7,0.39,90.41,Beni-Mellal-Khenifra,32.34,-6.35,medium,20211103,11,307
20211104,2.66,77.06,12.78,1.7,0.47,90.37,Beni-Mellal-Khenifra,32.34,-6.35,low,20211104,11,308
20211119,4.56,62.09,12.87,1.95,0.39,90.37,Beni-Mellal-Khenifra,32.34,-6.35,low,20211119,11,323
20211123,8.17,83.77,10.31,2.09,0.47,90.4,Beni-Mellal-Khenifra,32.34,-6.35,medium,20211123,11,327
20211124,2.29,78.48,8.91,1.55,0.48,90.57,Beni-Mellal-Khenifra,32.34,-6.35,low,20211124,11,328
20211125,1.2,74.39,8.24,1.49,0.45,90.32,Beni-Mellal-Khenifra,32.34,-6.35,low,20211125,11,329
20211126,4.02,83.72,7.51,1.42,0.47,90.09,Beni-Mellal-Khenifra,32.34,-6.35,low,20211126,11,330
20211127,1.76,79.01,7.15,1.28,0.46,90.26,Beni-Mellal-Khenifra,32.34,-6.35,low,20211127,11,331
20211128,2.54,72.21,7.01,1.45,0.47,90.9,Beni-Mellal-Khenifra,32.34,-6.35,low,20211128,11,332
20211202,12.99,92.44,6.16,2.25,0.52,90.7,Beni-Mellal-Khenifra,32.34,-6.35,medium,20211202,12,336
20211219,1.24,69.66,12.13,1.64,0.46,90.79,Beni-Mellal-Khenifra,32.34,-6.35,low,20211219,12,353
20211221,2.53,66.08,12.97,1.6,0.45,90.86,Beni-Mellal-Khenifra,32.34,-6.35,low,20211221,12,355
20211222,7.46,78.72,11.62,1.46,0.51,90.91,Beni-Mellal-Khenifra,32.34,-6.35,medium,20211222,12,356
20211225,10.71,79.27,10.1,2.62,0.52,90.44,Beni-Mellal-Khenifra,32.34,-6.35,medium,20211225,12,359
20211226,1.73,79.83,11.95,1.45,0.51,90.75,Beni-Mellal-Khenifra,32.34,-6.35,low,20211226,12,360
20220125,2.59,68.89,10.36,0.44,0.46,90.63,Beni-Mellal-Khenifra,32.34,-6.35,low,20220125,1,25
20220126,1.36,66.61,8.8,1.6,0.47,90.59,Beni-Mellal-Khenifra,32.34,-6.35,low,20220126,1,26
20220127,1.54,59.14,9.43,0.98,0.46,90.7,Beni-Mellal-Khenifra,32.34,-6.35,low,20220127,1,27
20220224,1.88,54.35,16.52,1.77,0.37,90.61,Beni-Mellal-Khenifra,32.34,-6.35,low,20220224,2,55
20220225,4.77,55.51,16.58,1.88,0.42,90.37,Beni-Mellal-Khenifra,32.34,-6.35,low,20220225,2,56
20220227,13.65,72.43,13.36,0.93,0.52,90.45,Beni-Mellal-Khenifra,32.34,-6.35,medium,20220227,2,58
20220303,1.48,57.18,11.81,1.52,0.45,90.9,Beni-Mellal-Khenifra,32.34,-6.35,low,20220303,3,62
20220304,3.36,72.32,7.95,1.73,0.49,90.72,Beni-Mellal-Khenifra,32.34,-6.35,low,20220304,3,63
20220306,16.94,86.93,6.17,1.76,0.56,90.01,Beni-Mellal-Khenifra,32.34,-6.35,medium,20220306,3,65
20220314,8.77,75.45,10.1,2.12,0.53,89.36,Beni-Mellal-Khenifra,32.34,-6.35,medium,20220314,3,73
20220315,19.71,70.42,7.83,0.91,0.55,89.43,Beni-Mellal-Khenifra,32.34,-6.35,medium,20220315,3,74
20220316,8.37,81.45,6.78,1.56,0.59,89.99,Beni-Mellal-Khenifra,32.34,-6.35,medium,20220316,3,75
20220323,10.24,77.07,11.11,2.05,0.56,90.01,Beni-Mellal-Khenifra,32.34,-6.35,medium,20220323,3,82
20220324,2.75,77.64,7.55,1.15,0.56,89.67,Beni-Mellal-Khenifra,32.34,-6.35,low,20220324,3,83
20220329,7.37,70.83,13.29,2.1,0.55,89.85,Beni-Mellal-Khenifra,32.34,-6.35,medium,20220329,3,88
20220330,12.67,84.45,10.05,2.49,0.61,90.03,Beni-Mellal-Khenifra,32.34,-6.35,medium,20220330,3,89
20220404,62.81,85.84,10.27,2.13,0.75,89.16,Beni-Mellal-Khenifra,32.34,-6.35,high,20220404,4,94
20220405,32.01,83.01,7.46,3.21,0.77,89.97,Beni-Mellal-Khenifra,32.34,-6.35,high,20220405,4,95
20220423,2.26,74.21,11.92,2.06,0.61,90.1,Beni-Mellal-Khenifra,32.34,-6.35,low,20220423,4,113
20220426,2.78,83.68,13.52,1.48,0.61,90.01,Beni-Mellal-Khenifra,32.34,-6.35,low,20220426,4,116
20220503,2.71,75.24,12.5,2.04,0.56,90.08,Beni-Mellal-Khenifra,32.34,-6.35,low,20220503,5,123
20220512,1.42,53.6,19.76,1.68,0.51,90.68,Beni-Mellal-Khenifra,32.34,-6.35,low,20220512,5,132
20220528,1.98,44.59,24.45,2.19,0.44,90.49,Beni-Mellal-Khenifra,32.34,-6.35,low,20220528,5,148
20220529,1.35,52.34,22.24,2.32,0.44,90.21,Beni-Mellal-Khenifra,32.34,-6.35,low,20220529,5,149
20220620,7.23,43.62,26.32,1.95,0.32,90.36,Beni-Mellal-Khenifra,32.34,-6.35,medium,20220620,6,171
20220717,1.25,26.45,33.21,1.72,0.17,90.6,Beni-Mellal-Khenifra,32.34,-6.35,low,20220717,7,198
20220725,1.34,26.2,33.48,2.22,0.2,90.72,Beni-Mellal-Khenifra,32.34,-6.35,low,20220725,7,206
20220830,1.3,43.59,28.29,2.08,0.18,90.84,Beni-Mellal-Khenifra,32.34,-6.35,low,20220830,8,242
20220902,1.34,41.05,28.37,1.56,0.24,90.6,Beni-Mellal-Khenifra,32.34,-6.35,low,20220902,9,245
20220911,2.85,30.62,29.58,2.61,0.22,90.53,Beni-Mellal-Khenifra,32.34,-6.35,low,20220911,9,254
20220925,10.74,70.12,19.19,1.97,0.34,90.3,Beni-Mellal-Khenifra,32.34,-6.35,medium,20220925,9,268
20220926,1.41,70.71,18.32,1.61,0.46,90.45,Beni-Mellal-Khenifra,32.34,-6.35,low,20220926,9,269
20221007,2.27,34.29,24.69,1.8,0.31,90.48,Beni-Mellal-Khenifra,32.34,-6.35,low,20221007,10,280
20221008,3.92,47.81,23.68,2.44,0.43,90.37,Beni-Mellal-Khenifra,32.34,-6.35,low,20221008,10,281
20221009,2.95,49.61,22.6,1.92,0.42,90.53,Beni-Mellal-Khenifra,32.34,-6.35,low,20221009,10,282
20221010,1.4,63.69,20.35,1.19,0.43,90.66,Beni-Mellal-Khenifra,32.34,-6.35,low,20221010,10,283
20221011,4.5,70.82,18.16,1.74,0.45,90.5,Beni-Mellal-Khenifra,32.34,-6.35,low,20221011,10,284
20221012,8.54,76.97,16.82,2.14,0.51,90.33,Beni-Mellal-Khenifra,32.34,-6.35,medium,20221012,10,285
20221016,1.78,44.01,21.89,1.95,0.43,90.63,Beni-Mellal-Khenifra,32.34,-6.35,low,20221016,10,289
20221118,2.25,72.88,13.19,2.01,0.23,90.78,Beni-Mellal-Khenifra,32.34,-6.35,low,20221118,11,322
20221201,12.82,57.84,10.96,1.79,0.29,90.05,Beni-Mellal-Khenifra,32.34,-6.35,medium,20221201,12,335
20221202,8.86,84.84,11.26,1.53,0.53,89.75,Beni-Mellal-Khenifra,32.34,-6.35,medium,20221202,12,336
20221205,2.89,60.55,14.17,2.86,0.44,90.1,Beni-Mellal-Khenifra,32.34,-6.35,low,20221205,12,339
20221206,2.31,76.83,13.0,1.43,0.48,90.54,Beni-Mellal-Khenifra,32.34,-6.35,low,20221206,12,340
20221208,4.97,71.15,13.67,2.01,0.46,89.92,Beni-Mellal-Khenifra,32.34,-6.35,low,20221208,12,342
20221209,15.34,90.14,12.77,3.25,0.56,90.12,Beni-Mellal-Khenifra,32.34,-6.35,medium,20221209,12,343
20221210,4.33,79.25,12.27,2.31,0.51,90.6,Beni-Mellal-Khenifra,32.34,-6.35,low,20221210,12,344
20221211,3.57,76.28,13.42,1.59,0.5,90.67,Beni-Mellal-Khenifra,32.34,-6.35,low,20221211,12,345
20221214,13.61,76.65,14.0,2.52,0.54,90.38,Beni-Mellal-Khenifra,32.34,-6.35,medium,20221214,12,348
20221215,14.81,91.0,10.44,4.17,0.59,90.08,Beni-Mellal-Khenifra,32.34,-6.35,medium,20221215,12,349
20221216,5.36,85.37,10.44,1.92,0.57,90.33,Beni-Mellal-Khenifra,32.34,-6.35,medium,20221216,12,350
20230112,1.94,72.48,10.24,0.87,0.5,91.19,Beni-Mellal-Khenifra,32.34,-6.35,low,20230112,1,12
20230118,3.62,89.59,7.71,1.68,0.51,90.7,Beni-Mellal-Khenifra,32.34,-6.35,low,20230118,1,18
20230127,5.8,89.8,3.04,1.87,0.53,90.46,Beni-Mellal-Khenifra,32.34,-6.35,medium,20230127,1,27
20230214,1.69,75.55,11.58,1.36,0.49,91.07,Beni-Mellal-Khenifra,32.34,-6.35,low,20230214,2,45
20230215,5.14,70.78,10.18,1.36,0.49,90.74,Beni-Mellal-Khenifra,32.34,-6.35,medium,20230215,2,46
20230216,3.71,72.71,9.1,1.48,0.51,90.64,Beni-Mellal-Khenifra,32.34,-6.35,low,20230216,2,47
20230217,4.9,65.54,10.52,2.81,0.53,90.62,Beni-Mellal-Khenifra,32.34,-6.35,low,20230217,2,48
20230223,2.39,61.31,13.94,0.99,0.5,89.98,Beni-Mellal-Khenifra,32.34,-6.35,low,20230223,2,54
20230224,9.54,81.95,6.93,1.78,0.56,89.84,Beni-Mellal-Khenifra,32.34,-6.35,medium,20230224,2,55
20230225,1.2,78.32,6.17,1.84,0.51,90.11,Beni-Mellal-Khenifra,32.34,-6.35,low,20230225,2,56
20230226,23.05,92.11,7.2,2.71,0.62,90.06,Beni-Mellal-Khenifra,32.34,-6.35,medium,20230226,2,57
20230227,10.92,84.75,8.54,1.9,0.63,90.49,Beni-Mellal-Khenifra,32.34,-6.35,medium,20230227,2,58
20230228,3.2,81.29,8.85,1.65,0.59,90.78,Beni-Mellal-Khenifra,32.34,-6.35,low,20230228,2,59
20230301,2.07,77.31,9.64,1.68,0.59,90.59,Beni-Mellal-Khenifra,32.34,-6.35,low,20230301,3,60
20230302,1.47,81.42,9.56,1.41,0.58,90.62,Beni-Mellal-Khenifra,32.34,-6.35,low,20230302,3,61
20230404,1.83,60.77,13.88,2.11,0.46,89.75,Beni-Mellal-Khenifra,32.34,-6.35,low,20230404,4,94
20230419,6.12,69.52,16.9,1.78,0.42,89.81,Beni-Mellal-Khenifra,32.34,-6.35,medium,20230419,4,109
20230503,2.56,32.33,25.26,2.03,0.33,90.53,Beni-Mellal-Khenifra,32.34,-6.35,low,20230503,5,123
20230504,2.36,41.97,22.35,1.7,0.34,90.72,Beni-Mellal-Khenifra,32.34,-6.35,low,20230504,5,124
20230516,1.56,29.14,20.52,1.8,0.29,90.15,Beni-Mellal-Khenifra,32.34,-6.35,low,20230516,5,136
20230517,12.2,70.36,15.37,2.33,0.49,90.15,Beni-Mellal-Khenifra,32.34,-6.35,medium,20230517,5,137
20230518,11.84,78.4,12.89,1.78,0.52,90.25,Beni-Mellal-Khenifra,32.34,-6.35,medium,20230518,5,138
20230519,3.18,65.77,14.51,1.46,0.48,90.44,Beni-Mellal-Khenifra,32.34,-6.35,low,20230519,5,139
20230521,2.13,69.05,13.19,2.35,0.45,89.89,Beni-Mellal-Khenifra,32.34,-6.35,low,20230521,5,141
20230522,1.56,65.43,13.27,1.84,0.45,90.03,Beni-Mellal-Khenifra,32.34,-6.35,low,20230522,5,142
20230526,1.3,58.44,19.33,1.87,0.43,90.21,Beni-Mellal-Khenifra,32.34,-6.35,low,20230526,5,146
20230527,2.72,70.15,17.06,2.11,0.47,90.38,Beni-Mellal-Khenifra,32.34,-6.35,low,20230527,5,147
20230528,2.05,67.14,16.78,2.07,0.45,90.5,Beni-Mellal-Khenifra,32.34,-6.35,low,20230528,5,148
20230529,3.68,58.63,17.4,1.88,0.45,90.4,Beni-Mellal-Khenifra,32.34,-6.35,low,20230529,5,149
20230601,1.08,56.41,20.39,1.97,0.43,90.02,Beni-Mellal-Khenifra,32.34,-6.35,low,20230601,6,152
20230604,1.66,64.48,20.22,1.52,0.43,90.21,Beni-Mellal-Khenifra,32.34,-6.35,low,20230604,6,155
20230605,1.04,65.31,21.96,1.23,0.44,90.21,Beni-Mellal-Khenifra,32.34,-6.35,low,20230605,6,156
20230606,1.03,61.46,24.06,1.22,0.43,90.0,Beni-Mellal-Khenifra,32.34,-6.35,low,20230606,6,157
20230718,1.72,29.16,33.02,1.88,0.13,90.89,Beni-Mellal-Khenifra,32.34,-6.35,low,20230718,7,199
20230810,1.35,24.99,34.94,1.79,0.13,90.98,Beni-Mellal-Khenifra,32.34,-6.35,low,20230810,8,222
20230914,2.21,41.73,24.7,1.52,0.18,90.28,Beni-Mellal-Khenifra,32.34,-6.35,low,20230914,9,257
20230919,1.57,51.16,22.49,1.68,0.24,90.51,Beni-Mellal-Khenifra,32.34,-6.35,low,20230919,9,262
20231019,3.37,51.39,18.98,2.94,0.14,90.18,Beni-Mellal-Khenifra,32.34,-6.35,low,20231019,10,292
20231020,27.93,71.42,15.57,2.32,0.56,90.05,Beni-Mellal-Khenifra,32.34,-6.35,high,20231020,10,293
20231022,3.38,62.14,17.58,2.93,0.45,89.75,Beni-Mellal-Khenifra,32.34,-6.35,low,20231022,10,295
20231023,10.38,78.88,15.68,1.89,0.52,90.29,Beni-Mellal-Khenifra,32.34,-6.35,medium,20231023,10,296
20231028,1.4,78.1,17.21,1.15,0.46,90.23,Beni-Mellal-Khenifra,32.34,-6.35,low,20231028,10,301
20231030,1.58,62.34,16.25,1.24,0.46,90.24,Beni-Mellal-Khenifra,32.34,-6.35,low,20231030,10,303
20231201,4.43,54.34,13.06,1.78,0.43,90.04,Beni-Mellal-Khenifra,32.34,-6.35,low,20231201,12,335
20231202,2.49,74.6,10.48,1.02,0.47,90.61,Beni-Mellal-Khenifra,32.34,-6.35,low,20231202,12,336
20231206,3.91,72.59,12.23,2.37,0.47,90.65,Beni-Mellal-Khenifra,32.34,-6.35,low,20231206,12,340
20200119,8.32,86.81,13.03,3.41,0.64,100.45,Casablanca-Settat,33.59,-7.62,medium,20200119,1,19
20200120,4.77,76.49,11.51,2.86,0.65,99.37,Casablanca-Settat,33.59,-7.62,low,20200120,1,20
20200122,1.1,80.34,11.15,3.47,0.62,99.71,Casablanca-Settat,33.59,-7.62,low,20200122,1,22
20200123,3.61,86.95,12.09,4.45,0.64,99.89,Casablanca-Settat,33.59,-7.62,low,20200123,1,23
20200124,2.58,83.1,12.8,4.58,0.64,100.1,Casablanca-Settat,33.59,-7.62,low,20200124,1,24
20200125,3.11,86.97,12.45,4.97,0.65,100.17,Casablanca-Settat,33.59,-7.62,low,20200125,1,25
20200312,3.42,58.53,17.95,1.73,0.54,100.11,Casablanca-Settat,33.59,-7.62,low,20200312,3,72
20200313,7.68,76.07,16.85,1.91,0.59,100.01,Casablanca-Settat,33.59,-7.62,medium,20200313,3,73
20200314,8.99,86.23,15.29,1.74,0.63,99.92,Casablanca-Settat,33.59,-7.62,medium,20200314,3,74
20200315,16.73,86.21,15.19,2.04,0.66,99.76,Casablanca-Settat,33.59,-7.62,medium,20200315,3,75
20200316,19.56,75.96,13.52,3.46,0.74,100.03,Casablanca-Settat,33.59,-7.62,medium,20200316,3,76
20200318,1.56,78.88,13.81,2.05,0.64,99.51,Casablanca-Settat,33.59,-7.62,low,20200318,3,78
20200320,3.38,87.65,15.35,3.6,0.65,99.55,Casablanca-Settat,33.59,-7.62,low,20200320,3,80
20200324,3.43,84.72,14.52,3.38,0.63,99.06,Casablanca-Settat,33.59,-7.62,low,20200324,3,84
20200325,1.16,82.14,15.29,2.18,0.64,99.62,Casablanca-Settat,33.59,-7.62,low,20200325,3,85
20200330,1.59,73.12,15.68,3.53,0.61,99.41,Casablanca-Settat,33.59,-7.62,low,20200330,3,90
20200331,6.08,80.4,16.53,6.02,0.65,99.17,Casablanca-Settat,33.59,-7.62,medium,20200331,3,91
20200419,2.62,76.41,16.7,3.47,0.57,99.79,Casablanca-Settat,33.59,-7.62,low,20200419,4,110
20200420,1.8,72.61,16.89,4.72,0.56,99.95,Casablanca-Settat,33.59,-7.62,low,20200420,4,111
20200421,2.38,71.58,15.88,5.24,0.57,99.92,Casablanca-Settat,33.59,-7.62,low,20200421,4,112
20200424,2.94,84.84,17.52,2.87,0.57,99.23,Casablanca-Settat,33.59,-7.62,low,20200424,4,115
20200425,8.06,81.34,16.01,4.15,0.63,99.7,Casablanca-Settat,33.59,-7.62,medium,20200425,4,116
20200512,2.17,70.59,18.01,4.95,0.53,99.41,Casablanca-Settat,33.59,-7.62,low,20200512,5,133
20200513,6.09,74.6,17.12,5.29,0.57,99.26,Casablanca-Settat,33.59,-7.62,medium,20200513,5,134
20200514,14.72,75.67,16.19,6.68,0.64,99.27,Casablanca-Settat,33.59,-7.62,medium,20200514,5,135
20200515,19.45,77.54,16.21,4.84,0.7,99.39,Casablanca-Settat,33.59,-7.62,medium,20200515,5,136
20200607,1.66,74.7,21.44,4.39,0.51,99.83,Casablanca-Settat,33.59,-7.62,low,20200607,6,159
20200608,2.63,75.49,20.15,3.38,0.53,100.0,Casablanca-Settat,33.59,-7.62,low,20200608,6,160
20200730,1.44,72.43,24.85,3.23,0.25,99.48,Casablanca-Settat,33.59,-7.62,low,20200730,7,212
20200908,20.6,70.84,25.12,1.94,0.51,99.82,Casablanca-Settat,33.59,-7.62,medium,20200908,9,252
20200909,66.7,81.52,23.24,1.68,0.81,99.94,Casablanca-Settat,33.59,-7.62,high,20200909,9,253
20200910,37.76,84.19,23.1,1.84,0.78,99.76,Casablanca-Settat,33.59,-7.62,high,20200910,9,254
20200911,50.83,87.98,22.24,2.15,0.82,99.47,Casablanca-Settat,33.59,-7.62,high,20200911,9,255
20200912,64.8,88.97,22.17,2.22,0.87,99.64,Casablanca-Settat,33.59,-7.62,high,20200912,9,256
20200917,3.65,79.6,22.78,3.05,0.75,99.64,Casablanca-Settat,33.59,-7.62,low,20200917,9,261
20200918,11.06,80.79,21.75,3.91,0.78,99.79,Casablanca-Settat,33.59,-7.62,medium,20200918,9,262
20200919,13.85,80.55,20.63,2.51,0.8,100.16,Casablanca-Settat,33.59,-7.62,medium,20200919,9,263
20200920,18.65,87.31,20.89,3.73,0.82,100.07,Casablanca-Settat,33.59,-7.62,medium,20200920,9,264
20200921,5.36,85.02,20.88,2.88,0.79,99.92,Casablanca-Settat,33.59,-7.62,medium,20200921,9,265
20200922,10.02,85.49,22.0,2.19,0.81,99.83,Casablanca-Settat,33.59,-7.62,medium,20200922,9,266
20200925,33.93,81.19,21.97,2.12,0.83,100.35,Casablanca-Settat,33.59,-7.62,high,20200925,9,269
20200926,1.24,81.39,19.83,2.94,0.79,100.2,Casablanca-Settat,33.59,-7.62,low,20200926,9,270
20200927,102.36,85.41,19.33,2.91,0.89,99.79,Casablanca-Settat,33.59,-7.62,high,20200927,9,271
20201002,3.49,86.97,19.01,2.55,0.83,99.54,Casablanca-Settat,33.59,-7.62,low,20201002,10,276
20201020,2.03,67.68,20.38,5.55,0.76,99.4,Casablanca-Settat,33.59,-7.62,low,20201020,10,294
20201021,1.02,88.84,18.6,3.32,0.77,99.51,Casablanca-Settat,33.59,-7.62,low,20201021,10,295
20201022,1.45,85.57,17.82,3.71,0.77,99.84,Casablanca-Settat,33.59,-7.62,low,20201022,10,296
20201026,1.3,86.89,16.07,3.33,0.76,100.43,Casablanca-Settat,33.59,-7.62,low,20201026,10,300
20201103,1.2,91.07,18.52,1.68,0.73,100.36,Casablanca-Settat,33.59,-7.62,low,20201103,11,308
20201104,8.13,90.09,17.49,2.67,0.76,99.75,Casablanca-Settat,33.59,-7.62,medium,20201104,11,309
20201105,2.84,80.67,17.21,3.41,0.76,99.28,Casablanca-Settat,33.59,-7.62,low,20201105,11,310
20201125,10.8,82.47,15.93,4.77,0.71,99.76,Casablanca-Settat,33.59,-7.62,medium,20201125,11,330
20201126,16.58,84.56,12.29,6.3,0.79,98.99,Casablanca-Settat,33.59,-7.62,medium,20201126,11,331
20201127,3.52,81.89,12.86,3.67,0.74,99.01,Casablanca-Settat,33.59,-7.62,low,20201127,11,332
20201128,1.37,81.07,14.92,4.61,0.73,99.38,Casablanca-Settat,33.59,-7.62,low,20201128,11,333
20201129,6.43,87.2,14.69,2.47,0.75,99.49,Casablanca-Settat,33.59,-7.62,medium,20201129,11,334
20201130,5.84,79.3,16.06,2.55,0.77,99.83,Casablanca-Settat,33.59,-7.62,medium,20201130,11,335
20201204,12.89,83.12,15.36,5.35,0.78,99.43,Casablanca-Settat,33.59,-7.62,medium,20201204,12,339
20201205,5.89,75.77,12.92,4.37,0.79,99.58,Casablanca-Settat,33.59,-7.62,medium,20201205,12,340
20201206,2.44,78.92,12.61,2.41,0.77,100.14,Casablanca-Settat,33.59,-7.62,low,20201206,12,341
20201211,1.19,92.24,15.74,2.84,0.76,100.55,Casablanca-Settat,33.59,-7.62,low,20201211,12,346
20201214,1.88,91.41,16.21,3.36,0.76,99.79,Casablanca-Settat,33.59,-7.62,low,20201214,12,349
20201215,1.09,85.99,15.51,1.71,0.76,100.0,Casablanca-Settat,33.59,-7.62,low,20201215,12,350
20201216,10.18,89.82,13.89,4.41,0.79,99.9,Casablanca-Settat,33.59,-7.62,medium,20201216,12,351
20201220,1.01,85.43,14.17,2.25,0.77,100.69,Casablanca-Settat,33.59,-7.62,low,20201220,12,355
20201228,1.15,83.41,12.44,3.26,0.75,99.72,Casablanca-Settat,33.59,-7.62,low,20201228,12,363
20201229,20.85,81.54,13.43,2.14,0.84,99.69,Casablanca-Settat,33.59,-7.62,medium,20201229,12,364
20201230,1.66,75.87,12.51,3.49,0.79,100.02,Casablanca-Settat,33.59,-7.62,low,20201230,12,365
20210101,2.24,83.58,11.62,2.5,0.79,100.14,Casablanca-Settat,33.59,-7.62,low,20210101,1,1
20210105,33.1,83.76,11.8,1.91,0.88,99.1,Casablanca-Settat,33.59,-7.62,high,20210105,1,5
20210106,26.04,90.04,15.19,5.04,0.88,98.76,Casablanca-Settat,33.59,-7.62,high,20210106,1,6
20210107,18.24,92.93,16.53,4.46,0.88,98.72,Casablanca-Settat,33.59,-7.62,medium,20210107,1,7
20210108,11.8,89.26,16.04,6.22,0.88,98.47,Casablanca-Settat,33.59,-7.62,medium,20210108,1,8
20210109,10.09,80.5,11.46,5.93,0.87,99.25,Casablanca-Settat,33.59,-7.62,medium,20210109,1,9
20210110,20.13,79.74,10.6,5.3,0.9,99.46,Casablanca-Settat,33.59,-7.62,medium,20210110,1,10
20210111,5.83,71.25,10.71,1.82,0.88,100.23,Casablanca-Settat,33.59,-7.62,medium,20210111,1,11
20210120,4.9,88.29,13.0,5.72,0.87,100.27,Casablanca-Settat,33.59,-7.62,low,20210120,1,20
20210205,3.68,86.37,12.82,3.84,0.85,98.79,Casablanca-Settat,33.59,-7.62,low,20210205,2,36
20210206,7.84,84.01,11.92,3.18,0.87,99.29,Casablanca-Settat,33.59,-7.62,medium,20210206,2,37
20210207,1.27,77.38,12.59,3.7,0.85,99.95,Casablanca-Settat,33.59,-7.62,low,20210207,2,38
20210208,4.31,92.87,12.51,5.08,0.86,99.97,Casablanca-Settat,33.59,-7.62,low,20210208,2,39
20210209,1.35,89.79,14.66,4.87,0.86,99.97,Casablanca-Settat,33.59,-7.62,low,20210209,2,40
20210221,9.16,82.37,12.64,4.86,0.86,99.5,Casablanca-Settat,33.59,-7.62,medium,20210221,2,52
20210225,10.33,85.49,13.97,2.27,0.85,100.62,Casablanca-Settat,33.59,-7.62,medium,20210225,2,56
20210226,23.71,84.52,12.42,1.49,0.9,100.48,Casablanca-Settat,33.59,-7.62,medium,20210226,2,57
20210227,12.37,83.85,13.87,1.13,0.89,100.08,Casablanca-Settat,33.59,-7.62,medium,20210227,2,58
20210228,5.36,79.11,14.39,1.55,0.88,99.58,Casablanca-Settat,33.59,-7.62,medium,20210228,2,59
20210301,2.62,79.31,14.08,1.4,0.87,99.72,Casablanca-Settat,33.59,-7.62,low,20210301,3,60
20210302,1.48,80.89,14.86,1.73,0.87,100.28,Casablanca-Settat,33.59,-7.62,low,20210302,3,61
20210304,1.54,87.63,14.48,2.92,0.86,99.94,Casablanca-Settat,33.59,-7.62,low,20210304,3,63
20210305,16.11,86.85,14.33,3.57,0.89,99.58,Casablanca-Settat,33.59,-7.62,medium,20210305,3,64
20210306,7.13,80.61,14.03,2.01,0.89,99.63,Casablanca-Settat,33.59,-7.62,medium,20210306,3,65
20210307,207.87,88.39,13.91,2.88,0.99,99.96,Casablanca-Settat,33.59,-7.62,high,20210307,3,66
20210308,55.29,84.67,13.12,2.55,0.97,99.96,Casablanca-Settat,33.59,-7.62,high,20210308,3,67
20210309,5.49,75.33,13.05,2.51,0.95,99.98,Casablanca-Settat,33.59,-7.62,medium,20210309,3,68
20210310,1.05,79.27,13.22,3.12,0.94,100.44,Casablanca-Settat,33.59,-7.62,low,20210310,3,69
20210311,1.03,77.43,13.89,2.73,0.94,100.75,Casablanca-Settat,33.59,-7.62,low,20210311,3,70
20210320,2.1,78.34,12.69,3.86,0.91,99.46,Casablanca-Settat,33.59,-7.62,low,20210320,3,79
20210328,1.97,72.28,17.77,3.81,0.88,100.0,Casablanca-Settat,33.59,-7.62,low,20210328,3,87
20210414,2.86,83.54,18.06,2.36,0.85,99.53,Casablanca-Settat,33.59,-7.62,low,20210414,4,104
20210426,2.17,81.17,17.46,5.3,0.8,99.16,Casablanca-Settat,33.59,-7.62,low,20210426,4,116
20210427,1.5,81.91,17.79,4.34,0.8,99.22,Casablanca-Settat,33.59,-7.62,low,20210427,4,117
20210430,3.72,78.72,15.2,2.47,0.81,99.49,Casablanca-Settat,33.59,-7.62,low,20210430,4,120
20210508,2.51,79.52,19.78,2.1,0.77,99.6,Casablanca-Settat,33.59,-7.62,low,20210508,5,128
20210521,51.21,84.53,20.11,2.45,0.83,99.78,Casablanca-Settat,33.59,-7.62,high,20210521,5,141
20210522,25.85,80.75,19.21,3.64,0.83,99.68,Casablanca-Settat,33.59,-7.62,high,20210522,5,142
20210524,1.39,75.85,16.9,4.91,0.77,100.29,Casablanca-Settat,33.59,-7.62,low,20210524,5,144
20210525,44.65,82.42,18.29,3.02,0.86,99.94,Casablanca-Settat,33.59,-7.62,high,20210525,5,145
20211103,4.17,81.49,19.07,3.39,0.38,99.72,Casablanca-Settat,33.59,-7.62,low,20211103,11,307
20211104,2.85,74.79,16.44,2.74,0.48,99.86,Casablanca-Settat,33.59,-7.62,low,20211104,11,308
20211123,20.77,84.02,14.62,2.36,0.59,99.81,Casablanca-Settat,33.59,-7.62,medium,20211123,11,327
20211124,1.43,74.09,14.53,3.52,0.52,100.03,Casablanca-Settat,33.59,-7.62,low,20211124,11,328
20211125,1.99,71.59,15.12,3.39,0.51,99.74,Casablanca-Settat,33.59,-7.62,low,20211125,11,329
20211126,9.07,75.01,14.23,2.67,0.59,99.54,Casablanca-Settat,33.59,-7.62,medium,20211126,11,330
20211127,3.56,71.41,14.18,2.73,0.53,99.81,Casablanca-Settat,33.59,-7.62,low,20211127,11,331
20211202,10.37,82.57,13.64,4.1,0.6,100.25,Casablanca-Settat,33.59,-7.62,medium,20211202,12,336
20211205,1.18,83.91,14.12,2.51,0.53,100.95,Casablanca-Settat,33.59,-7.62,low,20211205,12,339
20211221,3.49,67.35,17.99,4.76,0.53,100.05,Casablanca-Settat,33.59,-7.62,low,20211221,12,355
20211222,2.76,76.66,16.52,3.36,0.55,100.18,Casablanca-Settat,33.59,-7.62,low,20211222,12,356
20211224,3.71,81.11,15.31,3.5,0.55,99.81,Casablanca-Settat,33.59,-7.62,low,20211224,12,358
20211225,8.32,88.91,16.18,5.81,0.6,99.66,Casablanca-Settat,33.59,-7.62,medium,20211225,12,359
20211226,1.19,89.46,16.46,2.82,0.56,100.07,Casablanca-Settat,33.59,-7.62,low,20211226,12,360
20220104,1.22,76.12,13.78,3.48,0.53,100.46,Casablanca-Settat,33.59,-7.62,low,20220104,1,4
20220106,1.83,82.86,12.49,2.11,0.54,100.39,Casablanca-Settat,33.59,-7.62,low,20220106,1,6
20220125,1.37,73.92,15.35,1.34,0.51,100.15,Casablanca-Settat,33.59,-7.62,low,20220125,1,25
20220219,4.55,83.74,13.19,2.53,0.54,100.29,Casablanca-Settat,33.59,-7.62,low,20220219,2,50
20220224,1.44,75.03,18.07,1.4,0.5,99.87,Casablanca-Settat,33.59,-7.62,low,20220224,2,55
20220303,5.14,79.04,15.25,2.95,0.52,100.49,Casablanca-Settat,33.59,-7.62,medium,20220303,3,62
20220305,3.06,70.41,13.38,2.84,0.5,100.05,Casablanca-Settat,33.59,-7.62,low,20220305,3,64
20220306,20.92,82.1,12.99,3.38,0.66,99.45,Casablanca-Settat,33.59,-7.62,medium,20220306,3,65
20220312,1.0,80.11,14.72,2.42,0.53,100.12,Casablanca-Settat,33.59,-7.62,low,20220312,3,71
20220313,12.53,84.04,14.47,2.74,0.57,99.68,Casablanca-Settat,33.59,-7.62,medium,20220313,3,72
20220314,8.19,80.07,12.58,3.78,0.64,98.76,Casablanca-Settat,33.59,-7.62,medium,20220314,3,73
20220315,1.75,75.36,12.18,2.43,0.58,98.9,Casablanca-Settat,33.59,-7.62,low,20220315,3,74
20220316,2.36,79.28,12.7,2.55,0.58,99.46,Casablanca-Settat,33.59,-7.62,low,20220316,3,75
20220323,5.51,82.21,14.04,3.64,0.58,99.46,Casablanca-Settat,33.59,-7.62,medium,20220323,3,82
20220324,2.42,73.43,13.32,2.89,0.58,99.07,Casablanca-Settat,33.59,-7.62,low,20220324,3,83
20220328,1.04,62.48,17.86,3.88,0.54,99.33,Casablanca-Settat,33.59,-7.62,low,20220328,3,87
20220329,10.46,86.0,15.29,3.02,0.63,99.23,Casablanca-Settat,33.59,-7.62,medium,20220329,3,88
20220330,5.6,82.18,14.99,4.05,0.63,99.47,Casablanca-Settat,33.59,-7.62,medium,20220330,3,89
20220404,4.86,83.22,14.3,4.17,0.6,98.4,Casablanca-Settat,33.59,-7.62,low,20220404,4,94
20220405,9.78,79.92,13.07,7.32,0.64,99.21,Casablanca-Settat,33.59,-7.62,medium,20220405,4,95
20220406,2.91,75.71,14.45,3.48,0.63,100.12,Casablanca-Settat,33.59,-7.62,low,20220406,4,96
20220422,2.22,78.5,15.24,5.54,0.55,99.18,Casablanca-Settat,33.59,-7.62,low,20220422,4,112
20220423,2.29,73.83,15.73,4.17,0.57,99.53,Casablanca-Settat,33.59,-7.62,low,20220423,4,113
20220427,1.11,80.39,16.53,3.1,0.55,99.94,Casablanca-Settat,33.59,-7.62,low,20220427,4,117
20220503,4.66,76.94,16.37,3.71,0.57,99.52,Casablanca-Settat,33.59,-7.62,low,20220503,5,123
20220512,1.24,60.05,22.97,3.12,0.51,99.74,Casablanca-Settat,33.59,-7.62,low,20220512,5,132
20220930,1.95,71.73,20.58,3.92,0.3,99.68,Casablanca-Settat,33.59,-7.62,low,20220930,9,273
20221011,1.22,77.08,20.62,2.11,0.3,99.82,Casablanca-Settat,33.59,-7.62,low,20221011,10,284
20221012,5.88,82.18,20.35,3.63,0.44,99.81,Casablanca-Settat,33.59,-7.62,medium,20221012,10,285
20221117,1.56,85.75,19.01,2.88,0.25,100.09,Casablanca-Settat,33.59,-7.62,low,20221117,11,321
20221118,2.76,79.66,18.06,3.89,0.33,100.18,Casablanca-Settat,33.59,-7.62,low,20221118,11,322
20221201,17.39,86.79,15.19,3.65,0.53,99.37,Casablanca-Settat,33.59,-7.62,medium,20221201,12,335
20221202,2.43,79.8,16.21,1.89,0.55,99.1,Casablanca-Settat,33.59,-7.62,low,20221202,12,336
20221205,8.14,75.65,17.1,5.33,0.57,99.23,Casablanca-Settat,33.59,-7.62,medium,20221205,12,339
20221208,11.69,82.17,17.43,5.12,0.58,99.0,Casablanca-Settat,33.59,-7.62,medium,20221208,12,342
20221209,3.67,86.05,17.79,6.99,0.57,99.23,Casablanca-Settat,33.59,-7.62,low,20221209,12,343
20221210,2.64,83.18,17.72,4.32,0.56,99.85,Casablanca-Settat,33.59,-7.62,low,20221210,12,344
20221211,3.97,83.0,17.97,5.25,0.56,99.83,Casablanca-Settat,33.59,-7.62,low,20221211,12,345
20221212,2.65,88.21,19.05,4.71,0.56,99.97,Casablanca-Settat,33.59,-7.62,low,20221212,12,346
20221214,28.01,82.35,17.82,6.75,0.68,99.43,Casablanca-Settat,33.59,-7.62,high,20221214,12,348
20221215,23.76,82.2,16.39,7.18,0.75,99.25,Casablanca-Settat,33.59,-7.62,medium,20221215,12,349
20221216,6.68,86.77,16.06,4.25,0.7,99.61,Casablanca-Settat,33.59,-7.62,medium,20221216,12,350
20230117,2.8,84.26,13.84,3.86,0.6,100.24,Casablanca-Settat,33.59,-7.62,low,20230117,1,17
20230118,1.29,74.99,14.26,3.6,0.6,100.26,Casablanca-Settat,33.59,-7.62,low,20230118,1,18
20230126,1.93,64.03,11.2,3.29,0.58,100.46,Casablanca-Settat,33.59,-7.62,low,20230126,1,26
20230127,8.28,71.6,12.3,3.16,0.65,100.04,Casablanca-Settat,33.59,-7.62,medium,20230127,1,27
20230215,2.26,81.26,14.47,3.09,0.59,100.21,Casablanca-Settat,33.59,-7.62,low,20230215,2,46
20230216,1.88,87.22,12.87,2.25,0.59,100.22,Casablanca-Settat,33.59,-7.62,low,20230216,2,47
20230223,1.72,83.31,14.44,3.56,0.57,99.53,Casablanca-Settat,33.59,-7.62,low,20230223,2,54
20230224,4.32,72.35,12.46,2.77,0.61,99.43,Casablanca-Settat,33.59,-7.62,low,20230224,2,55
20230225,1.93,76.4,12.86,4.55,0.58,99.56,Casablanca-Settat,33.59,-7.62,low,20230225,2,56
20230226,27.23,87.47,14.23,4.83,0.74,99.41,Casablanca-Settat,33.59,-7.62,high,20230226,2,57
20230227,1.68,75.37,14.01,3.2,0.67,100.01,Casablanca-Settat,33.59,-7.62,low,20230227,2,58
20230228,5.83,87.89,14.01,2.96,0.68,100.26,Casablanca-Settat,33.59,-7.62,medium,20230228,2,59
20230302,1.77,81.35,14.23,2.06,0.65,100.1,Casablanca-Settat,33.59,-7.62,low,20230302,3,61
20230404,10.28,82.83,15.35,3.03,0.58,99.27,Casablanca-Settat,33.59,-7.62,medium,20230404,4,94
20230419,2.03,79.58,19.45,2.65,0.53,99.05,Casablanca-Settat,33.59,-7.62,low,20230419,4,109
20230517,2.13,74.91,19.07,4.63,0.37,99.47,Casablanca-Settat,33.59,-7.62,low,20230517,5,137
20230518,4.27,78.35,17.88,2.09,0.47,99.67,Casablanca-Settat,33.59,-7.62,low,20230518,5,138
20230521,3.15,71.47,17.59,4.03,0.47,99.23,Casablanca-Settat,33.59,-7.62,low,20230521,5,141
20230522,1.21,70.88,18.34,3.35,0.48,99.39,Casablanca-Settat,33.59,-7.62,low,20230522,5,142
20230523,1.67,73.64,18.43,2.98,0.48,99.47,Casablanca-Settat,33.59,-7.62,low,20230523,5,143
20230608,1.22,77.25,22.76,4.26,0.4,99.4,Casablanca-Settat,33.59,-7.62,low,20230608,6,159
20230809,3.06,69.13,26.58,3.14,0.23,99.86,Casablanca-Settat,33.59,-7.62,low,20230809,8,221
20230812,1.43,55.71,29.03,3.43,0.32,99.85,Casablanca-Settat,33.59,-7.62,low,20230812,8,224
20230902,3.88,72.53,22.23,2.89,0.29,99.58,Casablanca-Settat,33.59,-7.62,low,20230902,9,245
20231019,19.36,78.06,21.42,7.71,0.3,99.2,Casablanca-Settat,33.59,-7.62,medium,20231019,10,292
20231020,4.72,69.09,20.82,4.22,0.58,99.3,Casablanca-Settat,33.59,-7.62,low,20231020,10,293
20231022,2.57,72.34,20.95,7.4,0.5,98.74,Casablanca-Settat,33.59,-7.62,low,20231022,10,295
20231023,6.63,82.11,19.0,3.53,0.57,99.55,Casablanca-Settat,33.59,-7.62,medium,20231023,10,296
20231027,3.28,85.36,20.22,2.6,0.53,99.84,Casablanca-Settat,33.59,-7.62,low,20231027,10,300
20231030,1.03,79.88,19.69,3.55,0.51,99.41,Casablanca-Settat,33.59,-7.62,low,20231030,10,303
20231102,1.46,81.68,20.02,3.11,0.5,100.15,Casablanca-Settat,33.59,-7.62,low,20231102,11,306
20231103,1.74,73.79,19.41,2.71,0.52,100.02,Casablanca-Settat,33.59,-7.62,low,20231103,11,307
20231105,2.38,77.39,18.97,2.78,0.52,99.71,Casablanca-Settat,33.59,-7.62,low,20231105,11,309
20231201,11.6,69.82,16.16,4.3,0.55,99.28,Casablanca-Settat,33.59,-7.62,medium,20231201,12,335
20231205,2.21,73.19,16.14,4.02,0.5,99.69,Casablanca-Settat,33.59,-7.62,low,20231205,12,339
20231206,7.27,88.25,17.2,4.97,0.58,99.88,Casablanca-Settat,33.59,-7.62,medium,20231206,12,340
20231220,1.02,75.73,13.75,1.72,0.5,101.1,Casablanca-Settat,33.59,-7.62,low,20231220,12,354
20231221,1.96,78.86,14.15,2.11,0.53,100.69,Casablanca-Settat,33.59,-7.62,low,20231221,12,355
20200119,1.68,62.94,10.46,2.28,0.44,92.69,Marrakech-Safi,31.63,-8.0,low,20200119,1,19
20200120,9.89,85.94,6.98,2.31,0.54,91.6,Marrakech-Safi,31.63,-8.0,medium,20200120,1,20
20200123,3.45,75.95,8.09,1.98,0.49,92.18,Marrakech-Safi,31.63,-8.0,low,20200123,1,23
20200306,1.29,59.05,13.18,3.6,0.29,92.59,Marrakech-Safi,31.63,-8.0,low,20200306,3,66
20200312,16.97,35.8,19.41,1.12,0.34,92.43,Marrakech-Safi,31.63,-8.0,medium,20200312,3,72
20200313,1.34,56.21,17.63,1.61,0.49,92.25,Marrakech-Safi,31.63,-8.0,low,20200313,3,73
20200314,39.31,61.27,16.99,1.22,0.57,92.11,Marrakech-Safi,31.63,-8.0,high,20200314,3,74
20200315,7.75,74.27,13.94,1.5,0.58,92.0,Marrakech-Safi,31.63,-8.0,medium,20200315,3,75
20200316,4.23,78.47,11.9,2.96,0.55,92.1,Marrakech-Safi,31.63,-8.0,low,20200316,3,76
20200319,2.52,68.42,12.05,1.1,0.51,91.56,Marrakech-Safi,31.63,-8.0,low,20200319,3,79
20200320,9.67,84.05,12.07,2.67,0.58,91.95,Marrakech-Safi,31.63,-8.0,medium,20200320,3,80
20200323,20.6,76.91,10.51,2.58,0.59,91.21,Marrakech-Safi,31.63,-8.0,medium,20200323,3,83
20200324,8.33,82.25,9.67,2.87,0.65,91.47,Marrakech-Safi,31.63,-8.0,medium,20200324,3,84
20200327,2.73,77.69,12.07,2.05,0.58,91.56,Marrakech-Safi,31.63,-8.0,low,20200327,3,87
20200328,4.55,77.08,11.99,2.74,0.6,91.9,Marrakech-Safi,31.63,-8.0,low,20200328,3,88
20200412,1.14,72.69,14.98,2.78,0.51,91.82,Marrakech-Safi,31.63,-8.0,low,20200412,4,103
20200413,1.24,70.51,13.89,2.54,0.52,91.72,Marrakech-Safi,31.63,-8.0,low,20200413,4,104
20200418,3.91,65.91,15.94,2.48,0.5,91.73,Marrakech-Safi,31.63,-8.0,low,20200418,4,109
20200419,9.95,75.33,13.29,2.57,0.6,92.12,Marrakech-Safi,31.63,-8.0,medium,20200419,4,110
20200420,1.23,65.21,13.98,2.45,0.52,92.34,Marrakech-Safi,31.63,-8.0,low,20200420,4,111
20200421,2.22,67.7,11.94,2.81,0.54,92.29,Marrakech-Safi,31.63,-8.0,low,20200421,4,112
20200424,16.47,64.43,15.87,2.26,0.59,91.63,Marrakech-Safi,31.63,-8.0,medium,20200424,4,115
20200425,4.68,74.08,13.14,2.62,0.59,92.06,Marrakech-Safi,31.63,-8.0,low,20200425,4,116
20200512,2.37,66.0,14.79,3.31,0.48,91.88,Marrakech-Safi,31.63,-8.0,low,20200512,5,133
20200513,6.36,71.92,14.5,3.74,0.52,91.76,Marrakech-Safi,31.63,-8.0,medium,20200513,5,134
20200514,3.67,67.06,13.22,4.53,0.52,91.83,Marrakech-Safi,31.63,-8.0,low,20200514,5,135
20200515,10.72,75.02,12.49,4.04,0.58,91.93,Marrakech-Safi,31.63,-8.0,medium,20200515,5,136
20200716,76.4,34.16,32.57,2.35,0.35,91.96,Marrakech-Safi,31.63,-8.0,high,20200716,7,198
20200810,1.17,40.59,29.89,1.62,0.25,91.88,Marrakech-Safi,31.63,-8.0,low,20200810,8,223
20200824,1.56,24.04,32.59,1.8,0.19,92.02,Marrakech-Safi,31.63,-8.0,low,20200824,8,237
20200901,1.25,36.89,28.68,2.3,0.18,92.09,Marrakech-Safi,31.63,-8.0,low,20200901,9,245
20200918,3.84,47.96,25.24,2.94,0.28,92.21,Marrakech-Safi,31.63,-8.0,low,20200918,9,262
20201021,8.4,63.7,18.1,1.7,0.29,91.9,Marrakech-Safi,31.63,-8.0,medium,20201021,10,295
20201022,1.85,66.2,15.97,1.74,0.45,92.23,Marrakech-Safi,31.63,-8.0,low,20201022,10,296
20201104,6.53,63.21,15.39,2.04,0.31,92.14,Marrakech-Safi,31.63,-8.0,medium,20201104,11,309
20201112,1.56,43.75,18.78,2.79,0.33,92.39,Marrakech-Safi,31.63,-8.0,low,20201112,11,317
20201125,7.16,47.48,14.74,3.23,0.27,92.1,Marrakech-Safi,31.63,-8.0,medium,20201125,11,330
20201126,33.95,79.86,8.34,2.99,0.65,91.44,Marrakech-Safi,31.63,-8.0,high,20201126,11,331
20201127,4.66,82.6,8.4,2.22,0.54,91.41,Marrakech-Safi,31.63,-8.0,low,20201127,11,332
20201129,1.32,72.11,11.37,1.63,0.48,91.75,Marrakech-Safi,31.63,-8.0,low,20201129,11,334
20201204,4.01,85.48,10.91,2.82,0.49,91.92,Marrakech-Safi,31.63,-8.0,low,20201204,12,339
20201205,9.09,82.45,7.92,3.52,0.57,91.95,Marrakech-Safi,31.63,-8.0,medium,20201205,12,340
20201216,8.55,68.24,11.84,2.49,0.51,92.29,Marrakech-Safi,31.63,-8.0,medium,20201216,12,351
20210105,2.75,74.48,10.93,3.15,0.5,91.5,Marrakech-Safi,31.63,-8.0,low,20210105,1,5
20210106,2.04,74.98,12.74,4.07,0.49,91.28,Marrakech-Safi,31.63,-8.0,low,20210106,1,6
20210107,7.79,76.75,15.36,3.75,0.55,91.21,Marrakech-Safi,31.63,-8.0,medium,20210107,1,7
20210108,10.08,72.59,14.27,5.86,0.56,91.07,Marrakech-Safi,31.63,-8.0,medium,20210108,1,8
20210109,15.78,86.56,6.17,3.56,0.61,91.78,Marrakech-Safi,31.63,-8.0,medium,20210109,1,9
20210110,15.82,91.9,4.93,3.37,0.63,91.99,Marrakech-Safi,31.63,-8.0,medium,20210110,1,10
20210111,1.21,85.54,4.62,1.36,0.6,92.45,Marrakech-Safi,31.63,-8.0,low,20210111,1,11
20210205,2.29,78.12,9.57,2.1,0.52,91.12,Marrakech-Safi,31.63,-8.0,low,20210205,2,36
20210206,10.81,88.18,6.61,2.41,0.59,91.67,Marrakech-Safi,31.63,-8.0,medium,20210206,2,37
20210207,2.99,80.81,7.16,1.59,0.58,92.29,Marrakech-Safi,31.63,-8.0,low,20210207,2,38
20210221,11.09,72.57,8.91,3.21,0.58,91.97,Marrakech-Safi,31.63,-8.0,medium,20210221,2,52
20210225,14.19,64.66,12.9,2.11,0.56,92.75,Marrakech-Safi,31.63,-8.0,medium,20210225,2,56
20210226,11.58,84.04,8.08,0.72,0.64,92.49,Marrakech-Safi,31.63,-8.0,medium,20210226,2,57
20210227,1.93,71.8,10.06,1.02,0.58,92.15,Marrakech-Safi,31.63,-8.0,low,20210227,2,58
20210228,1.09,64.99,10.7,1.16,0.57,91.73,Marrakech-Safi,31.63,-8.0,low,20210228,2,59
20210301,1.95,69.86,10.23,1.35,0.57,91.96,Marrakech-Safi,31.63,-8.0,low,20210301,3,60
20210305,9.59,78.38,11.95,2.22,0.58,91.94,Marrakech-Safi,31.63,-8.0,medium,20210305,3,64
20210306,12.09,82.83,10.12,2.27,0.67,91.93,Marrakech-Safi,31.63,-8.0,medium,20210306,3,65
20210307,13.88,84.81,10.53,1.94,0.68,92.27,Marrakech-Safi,31.63,-8.0,medium,20210307,3,66
20210308,5.12,81.96,10.13,2.25,0.65,92.11,Marrakech-Safi,31.63,-8.0,medium,20210308,3,67
20210309,5.25,81.2,8.85,2.85,0.67,92.07,Marrakech-Safi,31.63,-8.0,medium,20210309,3,68
20210319,1.4,77.69,11.2,2.22,0.59,91.71,Marrakech-Safi,31.63,-8.0,low,20210319,3,78
20210320,2.78,80.28,9.28,2.84,0.6,91.78,Marrakech-Safi,31.63,-8.0,low,20210320,3,79
20210414,1.1,73.0,16.34,2.48,0.49,91.88,Marrakech-Safi,31.63,-8.0,low,20210414,4,104
20210430,3.18,74.09,12.46,2.49,0.48,91.79,Marrakech-Safi,31.63,-8.0,low,20210430,4,120
20210522,3.63,47.09,25.91,3.06,0.37,91.97,Marrakech-Safi,31.63,-8.0,low,20210522,5,142
20210913,3.87,39.68,27.57,3.26,0.13,91.96,Marrakech-Safi,31.63,-8.0,low,20210913,9,256
20210914,4.33,56.86,23.5,3.2,0.38,91.95,Marrakech-Safi,31.63,-8.0,low,20210914,9,257
20210916,1.11,64.54,20.75,2.76,0.38,92.23,Marrakech-Safi,31.63,-8.0,low,20210916,9,259
20210919,9.82,68.07,21.26,2.38,0.44,92.28,Marrakech-Safi,31.63,-8.0,medium,20210919,9,262
20210920,4.63,63.19,21.55,2.42,0.47,92.28,Marrakech-Safi,31.63,-8.0,low,20210920,9,263
20211022,4.51,68.4,17.66,2.43,0.29,92.24,Marrakech-Safi,31.63,-8.0,low,20211022,10,295
20211103,1.21,71.24,16.3,1.71,0.22,92.13,Marrakech-Safi,31.63,-8.0,low,20211103,11,307
20211119,8.09,68.18,13.78,1.95,0.4,91.99,Marrakech-Safi,31.63,-8.0,medium,20211119,11,323
20211123,3.13,70.41,13.67,2.53,0.44,92.17,Marrakech-Safi,31.63,-8.0,low,20211123,11,327
20211124,1.74,75.55,10.88,1.58,0.48,92.36,Marrakech-Safi,31.63,-8.0,low,20211124,11,328
20211126,2.4,77.56,9.68,1.74,0.46,91.83,Marrakech-Safi,31.63,-8.0,low,20211126,11,330
20211128,1.0,69.48,8.52,2.17,0.45,92.68,Marrakech-Safi,31.63,-8.0,low,20211128,11,332
20211202,6.57,80.56,8.92,2.42,0.48,92.55,Marrakech-Safi,31.63,-8.0,medium,20211202,12,336
20211221,1.95,61.35,13.7,3.46,0.41,92.47,Marrakech-Safi,31.63,-8.0,low,20211221,12,355
20211222,2.54,64.65,14.59,2.3,0.47,92.56,Marrakech-Safi,31.63,-8.0,low,20211222,12,356
20211225,7.65,67.44,12.85,2.87,0.49,92.21,Marrakech-Safi,31.63,-8.0,medium,20211225,12,359
20211226,2.13,81.7,13.39,1.29,0.5,92.46,Marrakech-Safi,31.63,-8.0,low,20211226,12,360
20220113,1.89,53.55,12.32,1.77,0.41,92.66,Marrakech-Safi,31.63,-8.0,low,20220113,1,13
20220114,16.24,53.93,11.98,1.41,0.5,92.88,Marrakech-Safi,31.63,-8.0,medium,20220114,1,14
20220125,5.61,76.82,11.04,1.16,0.46,92.32,Marrakech-Safi,31.63,-8.0,medium,20220125,1,25
20220126,2.05,67.06,9.89,1.56,0.49,92.23,Marrakech-Safi,31.63,-8.0,low,20220126,1,26
20220130,1.53,37.79,14.55,4.48,0.44,92.76,Marrakech-Safi,31.63,-8.0,low,20220130,1,30
20220225,1.43,50.51,17.39,3.19,0.4,91.9,Marrakech-Safi,31.63,-8.0,low,20220225,2,56
20220227,4.0,77.43,13.42,1.5,0.44,92.09,Marrakech-Safi,31.63,-8.0,low,20220227,2,58
20220304,1.37,66.94,10.01,2.71,0.43,92.48,Marrakech-Safi,31.63,-8.0,low,20220304,3,63
20220306,9.46,85.3,7.9,2.69,0.51,91.84,Marrakech-Safi,31.63,-8.0,medium,20220306,3,65
20220313,1.44,64.8,13.66,1.95,0.42,91.91,Marrakech-Safi,31.63,-8.0,low,20220313,3,72
20220314,10.12,70.69,9.63,3.39,0.54,91.05,Marrakech-Safi,31.63,-8.0,medium,20220314,3,73
20220315,9.66,75.29,8.31,1.95,0.54,91.16,Marrakech-Safi,31.63,-8.0,medium,20220315,3,74
20220316,2.43,81.42,8.65,2.33,0.51,91.82,Marrakech-Safi,31.63,-8.0,low,20220316,3,75
20220323,5.19,78.25,10.8,2.85,0.48,91.81,Marrakech-Safi,31.63,-8.0,medium,20220323,3,82
20220324,4.54,78.86,9.38,2.54,0.51,91.39,Marrakech-Safi,31.63,-8.0,low,20220324,3,83
20220325,1.16,73.45,10.88,1.91,0.48,91.64,Marrakech-Safi,31.63,-8.0,low,20220325,3,84
20220329,4.68,74.16,13.47,2.7,0.49,91.61,Marrakech-Safi,31.63,-8.0,low,20220329,3,88
20220330,8.63,79.19,11.39,2.82,0.55,91.87,Marrakech-Safi,31.63,-8.0,medium,20220330,3,89
20220403,1.18,56.04,15.23,2.35,0.45,91.01,Marrakech-Safi,31.63,-8.0,low,20220403,4,93
20220404,55.52,81.45,10.85,3.21,0.7,90.92,Marrakech-Safi,31.63,-8.0,high,20220404,4,94
20220405,14.23,77.91,8.32,3.53,0.65,91.85,Marrakech-Safi,31.63,-8.0,medium,20220405,4,95
20220512,1.82,43.74,23.25,2.87,0.44,92.16,Marrakech-Safi,31.63,-8.0,low,20220512,5,132
20220620,1.46,40.16,27.14,1.78,0.17,91.91,Marrakech-Safi,31.63,-8.0,low,20220620,6,171
20220829,1.39,34.17,30.31,1.61,0.11,92.04,Marrakech-Safi,31.63,-8.0,low,20220829,8,241
20220925,8.48,74.64,19.17,2.03,0.33,91.98,Marrakech-Safi,31.63,-8.0,medium,20220925,9,268
20221007,2.43,31.48,26.32,2.07,0.26,92.0,Marrakech-Safi,31.63,-8.0,low,20221007,10,280
20221009,1.75,47.65,23.18,2.08,0.33,92.18,Marrakech-Safi,31.63,-8.0,low,20221009,10,282
20221011,1.89,68.15,18.09,2.54,0.33,92.23,Marrakech-Safi,31.63,-8.0,low,20221011,10,284
20221012,20.75,82.67,15.91,2.87,0.56,92.13,Marrakech-Safi,31.63,-8.0,medium,20221012,10,285
20221013,1.08,65.99,18.88,1.74,0.49,92.3,Marrakech-Safi,31.63,-8.0,low,20221013,10,286
20221122,1.16,46.86,15.92,1.95,0.23,92.79,Marrakech-Safi,31.63,-8.0,low,20221122,11,326
20221125,1.92,41.59,18.39,1.53,0.28,92.67,Marrakech-Safi,31.63,-8.0,low,20221125,11,329
20221201,6.48,65.29,12.2,2.14,0.28,91.81,Marrakech-Safi,31.63,-8.0,medium,20221201,12,335
20221202,4.06,82.75,12.86,1.99,0.49,91.5,Marrakech-Safi,31.63,-8.0,low,20221202,12,336
20221207,1.28,54.65,15.17,2.64,0.43,91.76,Marrakech-Safi,31.63,-8.0,low,20221207,12,341
20221208,6.01,68.25,15.11,3.17,0.49,91.51,Marrakech-Safi,31.63,-8.0,medium,20221208,12,342
20221209,4.46,79.81,14.41,3.16,0.51,91.87,Marrakech-Safi,31.63,-8.0,low,20221209,12,343
20221211,1.76,63.16,16.86,1.56,0.46,92.37,Marrakech-Safi,31.63,-8.0,low,20221211,12,345
20221214,5.27,68.54,15.83,3.42,0.48,92.08,Marrakech-Safi,31.63,-8.0,medium,20221214,12,348
20221215,8.03,83.66,11.51,3.98,0.53,91.94,Marrakech-Safi,31.63,-8.0,medium,20221215,12,349
20221216,2.23,84.26,11.47,1.65,0.51,92.08,Marrakech-Safi,31.63,-8.0,low,20221216,12,350
20230112,1.01,78.11,11.48,1.72,0.45,92.86,Marrakech-Safi,31.63,-8.0,low,20230112,1,12
20230127,3.96,86.72,4.62,1.89,0.45,92.32,Marrakech-Safi,31.63,-8.0,low,20230127,1,27
20230213,2.71,49.9,13.47,3.06,0.36,92.72,Marrakech-Safi,31.63,-8.0,low,20230213,2,44
20230214,1.89,72.42,10.26,2.04,0.46,92.78,Marrakech-Safi,31.63,-8.0,low,20230214,2,45
20230215,4.06,71.53,9.14,1.87,0.47,92.38,Marrakech-Safi,31.63,-8.0,low,20230215,2,46
20230216,5.64,80.8,8.27,2.47,0.5,92.14,Marrakech-Safi,31.63,-8.0,medium,20230216,2,47
20230217,1.02,62.02,11.66,4.21,0.49,92.05,Marrakech-Safi,31.63,-8.0,low,20230217,2,48
20230223,1.55,66.19,14.27,1.97,0.43,91.58,Marrakech-Safi,31.63,-8.0,low,20230223,2,54
20230224,6.06,74.37,8.54,2.31,0.51,91.7,Marrakech-Safi,31.63,-8.0,medium,20230224,2,55
20230226,12.4,81.35,10.01,3.51,0.55,91.94,Marrakech-Safi,31.63,-8.0,medium,20230226,2,57
20230227,6.97,78.29,10.32,2.08,0.55,92.34,Marrakech-Safi,31.63,-8.0,medium,20230227,2,58
20230301,1.03,66.45,11.6,1.64,0.48,92.4,Marrakech-Safi,31.63,-8.0,low,20230301,3,60
20230404,5.41,72.05,12.37,3.01,0.3,91.53,Marrakech-Safi,31.63,-8.0,medium,20230404,4,94
20230405,4.34,70.67,13.19,2.35,0.48,91.0,Marrakech-Safi,31.63,-8.0,low,20230405,4,95
20230419,1.11,68.63,16.56,1.78,0.26,91.57,Marrakech-Safi,31.63,-8.0,low,20230419,4,109
20230516,1.61,41.7,19.03,2.41,0.15,91.88,Marrakech-Safi,31.63,-8.0,low,20230516,5,136
20230517,1.81,64.07,16.09,3.35,0.25,91.94,Marrakech-Safi,31.63,-8.0,low,20230517,5,137
20230518,1.91,65.59,14.44,2.54,0.3,92.02,Marrakech-Safi,31.63,-8.0,low,20230518,5,138
20230526,1.03,61.73,19.12,2.64,0.29,91.96,Marrakech-Safi,31.63,-8.0,low,20230526,5,146
20230527,1.7,64.25,17.08,2.82,0.34,92.13,Marrakech-Safi,31.63,-8.0,low,20230527,5,147
20230528,1.02,59.34,17.7,2.49,0.37,92.22,Marrakech-Safi,31.63,-8.0,low,20230528,5,148
20230529,1.23,56.69,18.0,2.41,0.36,92.1,Marrakech-Safi,31.63,-8.0,low,20230529,5,149
20230626,8.72,18.58,34.58,1.71,0.2,92.06,Marrakech-Safi,31.63,-8.0,medium,20230626,6,177
20230627,101.74,41.31,31.25,1.71,0.56,92.1,Marrakech-Safi,31.63,-8.0,high,20230627,6,178
20230718,2.31,35.87,32.45,2.5,0.3,92.42,Marrakech-Safi,31.63,-8.0,low,20230718,7,199
20230810,4.14,25.94,34.36,3.25,0.17,92.55,Marrakech-Safi,31.63,-8.0,low,20230810,8,222
20230812,1.76,22.82,35.63,2.28,0.25,92.38,Marrakech-Safi,31.63,-8.0,low,20230812,8,224
20230813,1.19,27.64,34.05,1.67,0.28,92.16,Marrakech-Safi,31.63,-8.0,low,20230813,8,225
20231019,1.98,40.5,21.19,3.38,0.11,91.85,Marrakech-Safi,31.63,-8.0,low,20231019,10,292
20231020,20.45,71.34,16.84,2.61,0.54,91.81,Marrakech-Safi,31.63,-8.0,medium,20231020,10,293
20231022,1.51,63.19,18.05,3.98,0.44,91.42,Marrakech-Safi,31.63,-8.0,low,20231022,10,295
20231023,4.23,73.53,16.02,2.03,0.49,91.99,Marrakech-Safi,31.63,-8.0,low,20231023,10,296
20231201,5.27,53.38,14.66,2.53,0.27,91.71,Marrakech-Safi,31.63,-8.0,medium,20231201,12,335
20231202,1.2,67.92,12.21,2.08,0.4,92.32,Marrakech-Safi,31.63,-8.0,low,20231202,12,336
20200120,3.8,71.9,2.71,2.17,0.36,83.63,Draa-Tafilalet,30.93,-6.93,low,20200120,1,20
20200121,1.25,64.55,3.08,1.49,0.38,83.85,Draa-Tafilalet,30.93,-6.93,low,20200121,1,21
20200123,1.0,63.38,4.42,1.37,0.4,84.44,Draa-Tafilalet,30.93,-6.93,low,20200123,1,23
20200312,18.98,39.08,14.57,1.46,0.28,84.99,Draa-Tafilalet,30.93,-6.93,medium,20200312,3,72
20200313,2.26,46.33,13.95,0.65,0.46,84.72,Draa-Tafilalet,30.93,-6.93,low,20200313,3,73
20200314,25.8,48.16,13.31,1.68,0.5,84.66,Draa-Tafilalet,30.93,-6.93,high,20200314,3,74
20200315,17.35,62.57,11.6,1.59,0.56,84.4,Draa-Tafilalet,30.93,-6.93,medium,20200315,3,75
20200316,3.52,64.17,10.96,2.86,0.51,84.24,Draa-Tafilalet,30.93,-6.93,low,20200316,3,76
20200319,3.0,53.84,7.95,3.75,0.47,83.85,Draa-Tafilalet,30.93,-6.93,low,20200319,3,79
20200320,6.67,68.71,9.72,4.42,0.51,84.03,Draa-Tafilalet,30.93,-6.93,medium,20200320,3,80
20200323,8.6,57.37,8.77,2.69,0.5,83.42,Draa-Tafilalet,30.93,-6.93,medium,20200323,3,83
20200324,5.11,68.62,6.79,5.66,0.53,83.48,Draa-Tafilalet,30.93,-6.93,medium,20200324,3,84
20200327,1.68,52.47,11.17,2.28,0.5,83.82,Draa-Tafilalet,30.93,-6.93,low,20200327,3,87
20200328,7.06,75.14,8.39,3.68,0.54,84.03,Draa-Tafilalet,30.93,-6.93,medium,20200328,3,88
20200418,1.3,45.46,15.01,2.97,0.44,84.13,Draa-Tafilalet,30.93,-6.93,low,20200418,4,109
20200419,5.0,65.33,11.11,4.65,0.48,84.18,Draa-Tafilalet,30.93,-6.93,medium,20200419,4,110
20200421,1.89,56.41,8.94,6.83,0.45,84.24,Draa-Tafilalet,30.93,-6.93,low,20200421,4,112
20200424,12.36,50.39,12.87,3.69,0.49,84.1,Draa-Tafilalet,30.93,-6.93,medium,20200424,4,115
20200425,3.48,63.1,11.43,4.56,0.5,84.13,Draa-Tafilalet,30.93,-6.93,low,20200425,4,116
20200512,1.41,55.33,12.52,6.35,0.38,83.97,Draa-Tafilalet,30.93,-6.93,low,20200512,5,133
20200513,3.39,51.29,13.78,4.77,0.4,83.88,Draa-Tafilalet,30.93,-6.93,low,20200513,5,134
20200514,1.56,51.33,10.92,4.5,0.41,83.97,Draa-Tafilalet,30.93,-6.93,low,20200514,5,135
20200515,5.06,60.19,9.96,4.78,0.44,84.04,Draa-Tafilalet,30.93,-6.93,medium,20200515,5,136
20200716,27.05,23.72,29.62,3.12,0.22,84.84,Draa-Tafilalet,30.93,-6.93,high,20200716,7,198
20200717,4.11,42.57,27.46,2.8,0.42,84.91,Draa-Tafilalet,30.93,-6.93,low,20200717,7,199
20200810,1.42,39.81,25.78,1.38,0.25,84.73,Draa-Tafilalet,30.93,-6.93,low,20200810,8,223
20200824,3.41,28.28,28.87,1.06,0.21,84.9,Draa-Tafilalet,30.93,-6.93,low,20200824,8,237
20200901,1.3,47.48,24.36,2.23,0.2,84.78,Draa-Tafilalet,30.93,-6.93,low,20200901,9,245
20200905,1.16,37.11,25.53,2.96,0.19,85.06,Draa-Tafilalet,30.93,-6.93,low,20200905,9,249
20200916,1.22,36.11,22.7,2.88,0.16,85.1,Draa-Tafilalet,30.93,-6.93,low,20200916,9,260
20200917,1.41,66.86,18.78,2.07,0.23,85.02,Draa-Tafilalet,30.93,-6.93,low,20200917,9,261
20200918,3.12,57.63,21.53,3.72,0.31,84.95,Draa-Tafilalet,30.93,-6.93,low,20200918,9,262
20201021,14.91,59.92,15.25,3.8,0.3,84.49,Draa-Tafilalet,30.93,-6.93,medium,20201021,10,295
20201022,11.16,76.35,11.73,2.13,0.51,84.67,Draa-Tafilalet,30.93,-6.93,medium,20201022,10,296
20201104,3.0,61.6,10.82,2.32,0.41,84.68,Draa-Tafilalet,30.93,-6.93,low,20201104,11,309
20201105,1.5,61.73,11.8,5.42,0.43,84.4,Draa-Tafilalet,30.93,-6.93,low,20201105,11,310
20201106,2.2,57.46,13.07,5.38,0.42,84.68,Draa-Tafilalet,30.93,-6.93,low,20201106,11,311
20201112,1.82,58.69,12.69,1.72,0.41,85.02,Draa-Tafilalet,30.93,-6.93,low,20201112,11,317
20201113,1.75,73.28,12.42,1.82,0.43,85.07,Draa-Tafilalet,30.93,-6.93,low,20201113,11,318
20201125,2.75,63.13,8.97,2.48,0.41,84.65,Draa-Tafilalet,30.93,-6.93,low,20201125,11,330
20201126,12.88,72.18,4.77,3.29,0.5,83.74,Draa-Tafilalet,30.93,-6.93,medium,20201126,11,331
20201127,2.56,70.35,3.73,3.03,0.44,83.53,Draa-Tafilalet,30.93,-6.93,low,20201127,11,332
20201204,1.51,73.45,7.3,5.03,0.42,83.97,Draa-Tafilalet,30.93,-6.93,low,20201204,12,339
20201205,3.91,72.69,4.24,8.16,0.45,83.67,Draa-Tafilalet,30.93,-6.93,low,20201205,12,340
20201216,2.75,56.65,9.13,1.98,0.41,84.58,Draa-Tafilalet,30.93,-6.93,low,20201216,12,351
20210105,1.76,72.68,6.32,2.78,0.42,83.82,Draa-Tafilalet,30.93,-6.93,low,20210105,1,5
20210106,1.16,83.65,7.0,2.98,0.41,83.86,Draa-Tafilalet,30.93,-6.93,low,20210106,1,6
20210107,7.79,89.79,10.2,4.34,0.48,83.9,Draa-Tafilalet,30.93,-6.93,medium,20210107,1,7
20210108,4.71,85.14,9.26,5.67,0.47,83.71,Draa-Tafilalet,30.93,-6.93,low,20210108,1,8
20210109,7.63,75.62,2.68,3.6,0.46,83.73,Draa-Tafilalet,30.93,-6.93,medium,20210109,1,9
20210110,8.28,78.27,0.54,3.85,0.46,83.87,Draa-Tafilalet,30.93,-6.93,medium,20210110,1,10
20210206,4.61,71.38,3.87,3.09,0.44,83.67,Draa-Tafilalet,30.93,-6.93,low,20210206,2,37
20210207,1.38,66.82,3.38,4.75,0.44,84.21,Draa-Tafilalet,30.93,-6.93,low,20210207,2,38
20210221,4.22,54.66,5.79,4.81,0.42,83.99,Draa-Tafilalet,30.93,-6.93,low,20210221,2,52
20210225,5.44,50.3,9.19,1.35,0.41,85.1,Draa-Tafilalet,30.93,-6.93,medium,20210225,2,56
20210226,7.07,62.93,6.33,3.05,0.48,84.75,Draa-Tafilalet,30.93,-6.93,medium,20210226,2,57
20210227,3.42,73.48,4.69,1.69,0.47,84.52,Draa-Tafilalet,30.93,-6.93,low,20210227,2,58
20210228,2.27,69.13,5.09,1.81,0.46,84.14,Draa-Tafilalet,30.93,-6.93,low,20210228,2,59
20210301,2.08,60.59,6.45,1.56,0.45,84.18,Draa-Tafilalet,30.93,-6.93,low,20210301,3,60
20210305,1.08,57.57,9.36,2.39,0.43,84.11,Draa-Tafilalet,30.93,-6.93,low,20210305,3,64
20210306,7.58,68.17,7.81,2.46,0.47,84.04,Draa-Tafilalet,30.93,-6.93,medium,20210306,3,65
20210307,6.12,68.02,7.74,4.5,0.5,84.29,Draa-Tafilalet,30.93,-6.93,medium,20210307,3,66
20210308,2.21,63.3,8.15,2.88,0.47,84.19,Draa-Tafilalet,30.93,-6.93,low,20210308,3,67
20210309,2.62,67.33,7.11,3.8,0.48,84.1,Draa-Tafilalet,30.93,-6.93,low,20210309,3,68
20210320,1.38,64.92,6.07,6.55,0.45,83.68,Draa-Tafilalet,30.93,-6.93,low,20210320,3,79
20210430,1.43,56.79,12.22,4.14,0.28,83.89,Draa-Tafilalet,30.93,-6.93,low,20210430,4,120
20210522,3.14,35.06,23.95,3.22,0.24,84.74,Draa-Tafilalet,30.93,-6.93,low,20210522,5,142
20210610,2.16,35.79,24.28,2.32,0.19,85.1,Draa-Tafilalet,30.93,-6.93,low,20210610,6,161
20210913,2.41,38.11,24.43,3.41,0.1,84.68,Draa-Tafilalet,30.93,-6.93,low,20210913,9,256
20210914,8.33,50.19,21.73,3.89,0.4,84.56,Draa-Tafilalet,30.93,-6.93,medium,20210914,9,257
20210919,7.81,41.81,22.56,2.47,0.35,84.77,Draa-Tafilalet,30.93,-6.93,medium,20210919,9,262
20210920,10.86,50.0,22.24,1.81,0.46,84.75,Draa-Tafilalet,30.93,-6.93,medium,20210920,9,263
20211022,2.17,50.5,16.66,2.12,0.21,84.62,Draa-Tafilalet,30.93,-6.93,low,20211022,10,295
20211118,2.28,63.95,9.35,4.25,0.18,84.48,Draa-Tafilalet,30.93,-6.93,low,20211118,11,322
20211119,6.14,81.84,6.58,3.43,0.4,84.58,Draa-Tafilalet,30.93,-6.93,medium,20211119,11,323
20211123,1.13,71.32,9.08,3.09,0.39,84.36,Draa-Tafilalet,30.93,-6.93,low,20211123,11,327
20211202,3.67,68.11,5.25,5.66,0.4,84.48,Draa-Tafilalet,30.93,-6.93,low,20211202,12,336
20211219,1.14,80.36,8.14,3.03,0.36,85.03,Draa-Tafilalet,30.93,-6.93,low,20211219,12,353
20211221,1.19,75.09,8.15,2.22,0.37,85.03,Draa-Tafilalet,30.93,-6.93,low,20211221,12,355
20211222,3.31,78.48,8.41,1.93,0.43,84.98,Draa-Tafilalet,30.93,-6.93,low,20211222,12,356
20211225,3.31,64.77,8.37,3.23,0.41,84.43,Draa-Tafilalet,30.93,-6.93,low,20211225,12,359
20211226,1.24,69.04,9.84,3.24,0.42,84.68,Draa-Tafilalet,30.93,-6.93,low,20211226,12,360
20220113,2.83,67.28,6.42,1.31,0.37,85.1,Draa-Tafilalet,30.93,-6.93,low,20220113,1,13
20220125,2.84,64.94,7.03,3.2,0.36,84.57,Draa-Tafilalet,30.93,-6.93,low,20220125,1,25
20220126,4.4,82.43,2.65,3.97,0.43,84.71,Draa-Tafilalet,30.93,-6.93,low,20220126,1,26
20220127,4.17,85.78,2.41,3.33,0.45,84.85,Draa-Tafilalet,30.93,-6.93,low,20220127,1,27
20220130,1.94,51.27,6.92,2.64,0.41,85.39,Draa-Tafilalet,30.93,-6.93,low,20220130,1,30
20220225,1.85,61.57,11.33,3.37,0.39,84.65,Draa-Tafilalet,30.93,-6.93,low,20220225,2,56
20220227,9.2,65.3,9.64,2.38,0.47,84.54,Draa-Tafilalet,30.93,-6.93,medium,20220227,2,58
20220306,5.06,66.94,4.24,4.51,0.42,83.84,Draa-Tafilalet,30.93,-6.93,medium,20220306,3,65
20220314,4.41,57.73,8.24,4.67,0.41,83.42,Draa-Tafilalet,30.93,-6.93,low,20220314,3,73
20220315,6.77,70.96,4.11,2.39,0.44,83.48,Draa-Tafilalet,30.93,-6.93,medium,20220315,3,74
20220316,1.84,68.43,5.24,3.97,0.44,83.82,Draa-Tafilalet,30.93,-6.93,low,20220316,3,75
20220323,1.94,49.34,11.24,3.55,0.39,83.98,Draa-Tafilalet,30.93,-6.93,low,20220323,3,82
20220324,2.09,60.48,5.57,3.6,0.42,83.54,Draa-Tafilalet,30.93,-6.93,low,20220324,3,83
20220329,2.36,61.36,11.93,3.51,0.39,83.89,Draa-Tafilalet,30.93,-6.93,low,20220329,3,88
20220330,4.81,66.96,8.51,6.23,0.43,83.87,Draa-Tafilalet,30.93,-6.93,low,20220330,3,89
20220403,1.2,34.01,14.67,2.41,0.37,83.42,Draa-Tafilalet,30.93,-6.93,low,20220403,4,93
20220404,66.84,72.57,9.55,3.66,0.64,83.18,Draa-Tafilalet,30.93,-6.93,high,20220404,4,94
20220405,14.52,65.42,5.24,4.73,0.59,83.81,Draa-Tafilalet,30.93,-6.93,medium,20220405,4,95
20220426,1.18,60.34,14.15,3.28,0.45,83.93,Draa-Tafilalet,30.93,-6.93,low,20220426,4,116
20220528,1.43,46.72,20.75,2.13,0.29,84.83,Draa-Tafilalet,30.93,-6.93,low,20220528,5,148
20220620,2.64,25.87,26.85,3.9,0.18,84.64,Draa-Tafilalet,30.93,-6.93,low,20220620,6,171
20220621,1.38,41.93,24.61,3.6,0.26,84.63,Draa-Tafilalet,30.93,-6.93,low,20220621,6,172
20220706,1.02,31.97,27.35,2.48,0.14,85.2,Draa-Tafilalet,30.93,-6.93,low,20220706,7,187
20220707,1.35,26.65,28.8,2.85,0.18,85.28,Draa-Tafilalet,30.93,-6.93,low,20220707,7,188
20220720,1.26,27.69,28.17,3.16,0.2,85.0,Draa-Tafilalet,30.93,-6.93,low,20220720,7,201
20220724,1.15,30.5,28.35,2.4,0.18,85.15,Draa-Tafilalet,30.93,-6.93,low,20220724,7,205
20220925,7.59,65.81,18.24,2.46,0.28,84.43,Draa-Tafilalet,30.93,-6.93,medium,20220925,9,268
20220926,1.38,64.93,18.62,2.65,0.4,84.49,Draa-Tafilalet,30.93,-6.93,low,20220926,9,269
20221007,3.13,38.35,20.39,2.73,0.26,84.83,Draa-Tafilalet,30.93,-6.93,low,20221007,10,280
20221009,6.03,50.42,19.45,2.36,0.41,84.81,Draa-Tafilalet,30.93,-6.93,medium,20221009,10,282
20221011,1.2,54.37,17.44,3.16,0.37,84.5,Draa-Tafilalet,30.93,-6.93,low,20221011,10,284
20221012,21.94,67.52,14.2,3.98,0.5,84.36,Draa-Tafilalet,30.93,-6.93,medium,20221012,10,285
20221016,2.33,40.14,18.63,3.39,0.42,84.96,Draa-Tafilalet,30.93,-6.93,low,20221016,10,289
20221201,2.41,48.24,8.29,2.33,0.22,84.05,Draa-Tafilalet,30.93,-6.93,low,20221201,12,335
20221202,2.69,72.66,9.05,2.98,0.34,83.72,Draa-Tafilalet,30.93,-6.93,low,20221202,12,336
20221208,6.92,73.82,10.62,3.06,0.41,84.16,Draa-Tafilalet,30.93,-6.93,medium,20221208,12,342
20221209,3.48,81.29,11.46,3.46,0.45,84.19,Draa-Tafilalet,30.93,-6.93,low,20221209,12,343
20221211,1.19,68.48,12.27,2.7,0.41,84.73,Draa-Tafilalet,30.93,-6.93,low,20221211,12,345
20221214,1.8,60.24,13.31,3.41,0.4,84.53,Draa-Tafilalet,30.93,-6.93,low,20221214,12,348
20221215,3.31,68.5,8.39,5.82,0.42,84.0,Draa-Tafilalet,30.93,-6.93,low,20221215,12,349
20221216,1.07,66.62,8.72,2.67,0.42,84.24,Draa-Tafilalet,30.93,-6.93,low,20221216,12,350
20230112,6.38,63.49,8.84,1.43,0.42,85.14,Draa-Tafilalet,30.93,-6.93,medium,20230112,1,12
20230127,1.37,65.4,1.62,4.03,0.37,84.22,Draa-Tafilalet,30.93,-6.93,low,20230127,1,27
20230210,1.49,73.1,2.44,3.16,0.33,85.03,Draa-Tafilalet,30.93,-6.93,low,20230210,2,41
20230213,2.16,70.96,5.09,2.86,0.37,85.32,Draa-Tafilalet,30.93,-6.93,low,20230213,2,44
20230214,5.15,86.99,3.69,2.31,0.45,85.22,Draa-Tafilalet,30.93,-6.93,medium,20230214,2,45
20230215,13.5,89.04,2.52,2.35,0.47,84.83,Draa-Tafilalet,30.93,-6.93,medium,20230215,2,46
20230216,16.47,90.4,2.37,4.08,0.51,84.71,Draa-Tafilalet,30.93,-6.93,medium,20230216,2,47
20230217,7.9,92.43,2.44,4.14,0.53,84.85,Draa-Tafilalet,30.93,-6.93,medium,20230217,2,48
20230224,2.68,61.22,5.81,5.53,0.46,83.62,Draa-Tafilalet,30.93,-6.93,low,20230224,2,55
20230226,6.14,72.46,6.3,4.9,0.48,83.95,Draa-Tafilalet,30.93,-6.93,medium,20230226,2,57
20230227,3.61,68.41,6.91,5.53,0.48,84.25,Draa-Tafilalet,30.93,-6.93,low,20230227,2,58
20230404,1.51,38.37,14.6,3.47,0.37,83.67,Draa-Tafilalet,30.93,-6.93,low,20230404,4,94
20230516,1.15,19.27,19.75,2.36,0.13,84.26,Draa-Tafilalet,30.93,-6.93,low,20230516,5,136
20230517,1.06,47.98,15.29,5.11,0.19,84.07,Draa-Tafilalet,30.93,-6.93,low,20230517,5,137
20230518,2.45,57.86,12.23,4.24,0.24,84.13,Draa-Tafilalet,30.93,-6.93,low,20230518,5,138
20230527,1.1,49.93,17.27,3.21,0.25,84.3,Draa-Tafilalet,30.93,-6.93,low,20230527,5,147
20230529,1.73,51.72,16.09,3.07,0.27,84.41,Draa-Tafilalet,30.93,-6.93,low,20230529,5,149
20230626,8.36,23.05,28.42,1.87,0.18,85.02,Draa-Tafilalet,30.93,-6.93,medium,20230626,6,177
20230627,63.82,38.43,26.84,2.35,0.45,84.99,Draa-Tafilalet,30.93,-6.93,high,20230627,6,178
20230718,1.71,38.15,28.22,2.04,0.34,85.29,Draa-Tafilalet,30.93,-6.93,low,20230718,7,199
20230810,3.38,24.41,30.57,3.2,0.15,85.35,Draa-Tafilalet,30.93,-6.93,low,20230810,8,222
20230812,1.44,27.49,29.38,1.8,0.23,85.31,Draa-Tafilalet,30.93,-6.93,low,20230812,8,224
20230914,1.02,34.86,21.95,3.62,0.14,84.64,Draa-Tafilalet,30.93,-6.93,low,20230914,9,257
20231020,8.67,56.32,14.38,4.8,0.34,84.01,Draa-Tafilalet,30.93,-6.93,medium,20231020,10,293
20231023,1.99,61.18,14.46,2.69,0.36,84.39,Draa-Tafilalet,30.93,-6.93,low,20231023,10,296
20231201,1.04,45.65,11.63,1.97,0.17,84.15,Draa-Tafilalet,30.93,-6.93,low,20231201,12,335
20200120,1.37,73.1,11.52,3.69,0.36,96.92,Souss-Massa,30.42,-9.59,low,20200120,1,20
20200121,1.28,71.48,10.99,1.81,0.36,97.11,Souss-Massa,30.42,-9.59,low,20200121,1,21
20200122,1.0,72.9,12.29,1.58,0.37,97.45,Souss-Massa,30.42,-9.59,low,20200122,1,22
20200123,12.89,85.44,11.85,2.35,0.47,97.69,Souss-Massa,30.42,-9.59,medium,20200123,1,23
20200319,1.69,70.29,14.52,2.62,0.26,96.93,Souss-Massa,30.42,-9.59,low,20200319,3,79
20200323,2.33,66.19,14.69,2.77,0.28,96.44,Souss-Massa,30.42,-9.59,low,20200323,3,83
20200324,1.62,70.98,13.83,4.5,0.33,96.75,Souss-Massa,30.42,-9.59,low,20200324,3,84
20200331,1.4,76.25,16.11,2.63,0.33,97.16,Souss-Massa,30.42,-9.59,low,20200331,3,91
20200419,1.41,63.86,17.73,4.59,0.24,97.3,Souss-Massa,30.42,-9.59,low,20200419,4,110
20200424,1.17,73.28,17.19,2.37,0.22,97.05,Souss-Massa,30.42,-9.59,low,20200424,4,115
20200512,1.05,69.37,16.97,3.66,0.18,97.22,Souss-Massa,30.42,-9.59,low,20200512,5,133
20200513,2.67,74.89,16.81,3.58,0.24,97.16,Souss-Massa,30.42,-9.59,low,20200513,5,134
20200514,5.06,72.07,15.7,4.18,0.35,97.3,Souss-Massa,30.42,-9.59,medium,20200514,5,135
20200515,6.52,71.39,16.52,4.43,0.42,97.32,Souss-Massa,30.42,-9.59,medium,20200515,5,136
20200528,1.57,47.81,25.53,1.97,0.22,97.31,Souss-Massa,30.42,-9.59,low,20200528,5,149
20200530,1.67,68.21,20.81,1.85,0.3,97.0,Souss-Massa,30.42,-9.59,low,20200530,5,151
20200715,1.53,31.33,32.13,1.92,0.11,96.67,Souss-Massa,30.42,-9.59,low,20200715,7,197
20200918,2.45,50.5,25.91,1.92,0.23,97.43,Souss-Massa,30.42,-9.59,low,20200918,9,262
20201021,5.35,68.18,19.44,1.54,0.26,97.28,Souss-Massa,30.42,-9.59,medium,20201021,10,295
20201104,5.93,60.38,18.55,1.41,0.23,97.48,Souss-Massa,30.42,-9.59,medium,20201104,11,309
20201112,2.21,47.54,21.14,1.43,0.29,97.67,Souss-Massa,30.42,-9.59,low,20201112,11,317
20201125,22.85,69.43,16.97,2.82,0.3,97.59,Souss-Massa,30.42,-9.59,medium,20201125,11,330
20201126,66.31,82.8,12.32,3.27,0.69,96.9,Souss-Massa,30.42,-9.59,high,20201126,11,331
20201127,6.45,83.27,12.7,2.97,0.56,96.78,Souss-Massa,30.42,-9.59,medium,20201127,11,332
20201129,10.37,86.83,15.03,2.4,0.54,97.18,Souss-Massa,30.42,-9.59,medium,20201129,11,334
20201130,2.25,65.98,16.59,3.43,0.53,97.39,Souss-Massa,30.42,-9.59,low,20201130,11,335
20201204,1.35,81.65,14.42,3.19,0.5,97.24,Souss-Massa,30.42,-9.59,low,20201204,12,339
20201205,2.63,74.07,12.76,4.94,0.51,97.18,Souss-Massa,30.42,-9.59,low,20201205,12,340
20201216,3.57,79.84,14.37,1.7,0.49,97.72,Souss-Massa,30.42,-9.59,low,20201216,12,351
20210105,6.21,82.25,13.71,2.3,0.49,96.93,Souss-Massa,30.42,-9.59,medium,20210105,1,5
20210106,10.91,88.08,15.01,3.85,0.52,96.77,Souss-Massa,30.42,-9.59,medium,20210106,1,6
20210107,25.1,91.88,16.78,4.25,0.62,96.68,Souss-Massa,30.42,-9.59,high,20210107,1,7
20210108,26.15,88.35,15.01,5.22,0.65,96.6,Souss-Massa,30.42,-9.59,high,20210108,1,8
20210109,5.81,78.69,10.52,3.28,0.61,97.26,Souss-Massa,30.42,-9.59,medium,20210109,1,9
20210110,7.27,79.87,10.48,4.02,0.62,97.45,Souss-Massa,30.42,-9.59,medium,20210110,1,10
20210204,2.67,69.31,15.65,1.8,0.52,96.78,Souss-Massa,30.42,-9.59,low,20210204,2,35
20210205,9.51,85.02,11.93,2.78,0.57,96.66,Souss-Massa,30.42,-9.59,medium,20210205,2,36
20210206,7.35,82.1,10.62,3.17,0.59,97.1,Souss-Massa,30.42,-9.59,medium,20210206,2,37
20210221,17.4,74.49,12.39,3.06,0.59,97.34,Souss-Massa,30.42,-9.59,medium,20210221,2,52
20210226,7.5,70.43,13.12,2.66,0.55,97.85,Souss-Massa,30.42,-9.59,medium,20210226,2,57
20210227,1.69,68.27,13.09,1.54,0.54,97.55,Souss-Massa,30.42,-9.59,low,20210227,2,58
20210305,7.37,81.4,14.23,2.58,0.54,97.33,Souss-Massa,30.42,-9.59,medium,20210305,3,64
20210306,5.95,80.66,12.92,2.73,0.56,97.31,Souss-Massa,30.42,-9.59,medium,20210306,3,65
20210307,2.83,75.05,13.95,3.72,0.54,97.5,Souss-Massa,30.42,-9.59,low,20210307,3,66
20210308,1.23,71.94,13.64,3.63,0.53,97.29,Souss-Massa,30.42,-9.59,low,20210308,3,67
20210309,1.34,65.17,13.6,5.5,0.53,97.11,Souss-Massa,30.42,-9.59,low,20210309,3,68
20210522,3.42,39.66,28.77,2.76,0.31,97.03,Souss-Massa,30.42,-9.59,low,20210522,5,142
20210529,2.56,51.3,23.81,1.68,0.28,97.42,Souss-Massa,30.42,-9.59,low,20210529,5,149
20211118,2.09,50.89,17.32,2.54,0.1,97.14,Souss-Massa,30.42,-9.59,low,20211118,11,322
20211119,6.4,76.7,16.24,1.94,0.33,97.37,Souss-Massa,30.42,-9.59,medium,20211119,11,323
20211126,3.65,71.0,13.65,1.96,0.37,97.13,Souss-Massa,30.42,-9.59,low,20211126,11,330
20211221,2.64,60.96,16.64,3.07,0.25,97.83,Souss-Massa,30.42,-9.59,low,20211221,12,355
20211222,2.04,62.02,17.5,1.59,0.34,97.88,Souss-Massa,30.42,-9.59,low,20211222,12,356
20211225,1.28,73.13,16.05,1.7,0.32,97.57,Souss-Massa,30.42,-9.59,low,20211225,12,359
20211226,2.4,83.96,16.7,1.46,0.37,97.71,Souss-Massa,30.42,-9.59,low,20211226,12,360
20220114,11.59,45.38,15.06,2.7,0.29,98.29,Souss-Massa,30.42,-9.59,medium,20220114,1,14
20220306,2.18,71.46,12.7,4.07,0.22,97.14,Souss-Massa,30.42,-9.59,low,20220306,3,65
20220313,1.92,68.12,16.12,2.48,0.21,97.21,Souss-Massa,30.42,-9.59,low,20220313,3,72
20220314,29.93,83.5,11.38,4.16,0.47,96.63,Souss-Massa,30.42,-9.59,high,20220314,3,73
20220315,19.63,86.5,10.64,2.76,0.55,96.63,Souss-Massa,30.42,-9.59,medium,20220315,3,74
20220316,4.31,81.75,12.71,3.17,0.47,97.13,Souss-Massa,30.42,-9.59,low,20220316,3,75
20220323,2.26,77.43,13.83,3.0,0.41,97.21,Souss-Massa,30.42,-9.59,low,20220323,3,82
20220324,11.07,82.97,13.16,3.12,0.48,96.76,Souss-Massa,30.42,-9.59,medium,20220324,3,83
20220329,2.65,75.3,16.26,3.08,0.43,96.95,Souss-Massa,30.42,-9.59,low,20220329,3,88
20220330,1.53,69.54,15.52,4.22,0.42,97.07,Souss-Massa,30.42,-9.59,low,20220330,3,89
20220404,14.83,76.85,14.43,4.08,0.5,96.33,Souss-Massa,30.42,-9.59,medium,20220404,4,94
20220829,2.06,46.37,27.86,1.78,0.09,97.17,Souss-Massa,30.42,-9.59,low,20220829,8,241
20220924,1.42,62.67,23.31,1.5,0.16,97.35,Souss-Massa,30.42,-9.59,low,20220924,9,267
20220925,5.15,77.24,20.6,1.2,0.33,97.22,Souss-Massa,30.42,-9.59,medium,20220925,9,268
20221201,3.03,79.79,14.86,1.82,0.14,97.16,Souss-Massa,30.42,-9.59,low,20221201,12,335
20221205,3.8,76.38,16.64,3.17,0.32,97.22,Souss-Massa,30.42,-9.59,low,20221205,12,339
20221207,1.74,63.56,17.83,2.29,0.35,97.11,Souss-Massa,30.42,-9.59,low,20221207,12,341
20221208,12.75,74.41,17.49,2.44,0.44,96.95,Souss-Massa,30.42,-9.59,medium,20221208,12,342
20221209,12.55,88.32,16.81,2.03,0.49,97.28,Souss-Massa,30.42,-9.59,medium,20221209,12,343
20221214,6.27,75.8,18.12,2.2,0.41,97.47,Souss-Massa,30.42,-9.59,medium,20221214,12,348
20221215,6.68,80.24,16.13,3.33,0.45,97.32,Souss-Massa,30.42,-9.59,medium,20221215,12,349
20221216,1.59,78.62,15.47,2.08,0.42,97.4,Souss-Massa,30.42,-9.59,low,20221216,12,350
20221217,1.61,66.76,15.97,1.72,0.41,97.63,Souss-Massa,30.42,-9.59,low,20221217,12,351
20230127,1.48,70.16,10.34,3.09,0.36,97.65,Souss-Massa,30.42,-9.59,low,20230127,1,27
20230210,1.67,57.7,12.32,4.82,0.35,97.93,Souss-Massa,30.42,-9.59,low,20230210,2,41
20230213,3.9,50.94,15.87,5.28,0.35,98.11,Souss-Massa,30.42,-9.59,low,20230213,2,44
20230214,2.68,73.05,12.57,3.42,0.41,98.26,Souss-Massa,30.42,-9.59,low,20230214,2,45
20230215,7.29,80.07,10.53,1.98,0.43,97.91,Souss-Massa,30.42,-9.59,medium,20230215,2,46
20230216,8.69,71.26,11.44,4.31,0.45,97.45,Souss-Massa,30.42,-9.59,medium,20230216,2,47
20230217,10.38,67.62,14.75,3.72,0.47,97.44,Souss-Massa,30.42,-9.59,medium,20230217,2,48
20230224,2.98,66.83,13.35,4.01,0.41,96.94,Souss-Massa,30.42,-9.59,low,20230224,2,55
20230226,9.91,85.97,12.93,2.86,0.46,97.33,Souss-Massa,30.42,-9.59,medium,20230226,2,57
20230227,1.27,70.06,14.15,3.53,0.42,97.57,Souss-Massa,30.42,-9.59,low,20230227,2,58
20230405,5.58,72.46,14.66,3.41,0.36,96.39,Souss-Massa,30.42,-9.59,medium,20230405,4,95
20230624,2.1,47.11,28.46,2.0,0.13,97.15,Souss-Massa,30.42,-9.59,low,20230624,6,175
20230625,2.81,23.81,32.96,1.64,0.26,97.03,Souss-Massa,30.42,-9.59,low,20230625,6,176
20230626,6.71,19.73,35.12,2.7,0.23,97.04,Souss-Massa,30.42,-9.59,medium,20230626,6,177
20230629,2.93,37.34,29.73,2.11,0.32,97.27,Souss-Massa,30.42,-9.59,low,20230629,6,180
20231019,4.2,68.71,20.75,2.03,0.1,97.24,Souss-Massa,30.42,-9.59,low,20231019,10,292
20231020,12.2,66.87,20.95,4.49,0.43,96.92,Souss-Massa,30.42,-9.59,medium,20231020,10,293
20231022,9.06,78.94,19.51,2.87,0.42,96.85,Souss-Massa,30.42,-9.59,medium,20231022,10,295
20231023,4.47,75.78,18.96,1.46,0.42,97.33,Souss-Massa,30.42,-9.59,low,20231023,10,296
20231201,8.01,63.01,16.51,1.75,0.31,97.1,Souss-Massa,30.42,-9.59,medium,20231201,12,335
20200121,2.63,78.1,11.29,3.35,0.39,96.6,Guelmim-Oued Noun,28.98,-10.05,low,20200121,1,21
20200318,1.28,67.01,14.04,4.86,0.16,96.59,Guelmim-Oued Noun,28.98,-10.05,low,20200318,3,78
20200319,5.73,78.39,14.43,5.1,0.35,96.46,Guelmim-Oued Noun,28.98,-10.05,medium,20200319,3,79
20200320,2.02,81.66,15.23,6.08,0.39,96.75,Guelmim-Oued Noun,28.98,-10.05,low,20200320,3,80
20200323,9.92,80.41,13.15,4.76,0.44,96.05,Guelmim-Oued Noun,28.98,-10.05,medium,20200323,3,83
20200324,2.98,77.79,13.71,7.18,0.42,96.34,Guelmim-Oued Noun,28.98,-10.05,low,20200324,3,84
20200326,1.66,74.94,16.09,3.83,0.38,96.49,Guelmim-Oued Noun,28.98,-10.05,low,20200326,3,86
20200513,2.31,73.19,17.54,5.57,0.29,96.71,Guelmim-Oued Noun,28.98,-10.05,low,20200513,5,134
20200514,1.49,68.8,16.3,5.52,0.33,96.86,Guelmim-Oued Noun,28.98,-10.05,low,20200514,5,135
20200515,1.98,71.12,16.74,6.28,0.37,96.91,Guelmim-Oued Noun,28.98,-10.05,low,20200515,5,136
20200527,1.96,37.89,27.7,2.85,0.18,96.76,Guelmim-Oued Noun,28.98,-10.05,low,20200527,5,148
20200528,8.82,57.33,23.77,3.68,0.37,96.74,Guelmim-Oued Noun,28.98,-10.05,medium,20200528,5,149
20200529,14.59,73.85,21.08,3.97,0.47,96.58,Guelmim-Oued Noun,28.98,-10.05,medium,20200529,5,150
20200530,10.09,71.58,20.12,2.99,0.46,96.47,Guelmim-Oued Noun,28.98,-10.05,medium,20200530,5,151
20200714,1.45,50.56,26.74,4.55,0.17,96.28,Guelmim-Oued Noun,28.98,-10.05,low,20200714,7,196
20200715,8.16,53.12,27.69,2.42,0.38,96.12,Guelmim-Oued Noun,28.98,-10.05,medium,20200715,7,197
20200716,1.84,52.49,28.17,3.35,0.35,96.46,Guelmim-Oued Noun,28.98,-10.05,low,20200716,7,198
20200717,1.33,36.99,31.61,3.34,0.32,96.49,Guelmim-Oued Noun,28.98,-10.05,low,20200717,7,199
20200718,3.6,28.9,32.1,4.06,0.32,96.43,Guelmim-Oued Noun,28.98,-10.05,low,20200718,7,200
20201021,3.49,65.86,20.25,2.55,0.15,96.74,Guelmim-Oued Noun,28.98,-10.05,low,20201021,10,295
20201022,1.01,64.28,18.65,1.79,0.3,97.03,Guelmim-Oued Noun,28.98,-10.05,low,20201022,10,296
20201113,1.61,53.45,21.15,1.39,0.25,97.26,Guelmim-Oued Noun,28.98,-10.05,low,20201113,11,318
20201125,8.47,53.45,18.23,2.7,0.24,97.09,Guelmim-Oued Noun,28.98,-10.05,medium,20201125,11,330
20201126,41.12,78.66,13.34,4.66,0.6,96.47,Guelmim-Oued Noun,28.98,-10.05,high,20201126,11,331
20201127,7.51,74.54,14.23,5.55,0.51,96.38,Guelmim-Oued Noun,28.98,-10.05,medium,20201127,11,332
20201128,1.11,79.92,14.85,3.39,0.45,96.72,Guelmim-Oued Noun,28.98,-10.05,low,20201128,11,333
20201129,5.02,78.51,15.76,2.21,0.46,96.65,Guelmim-Oued Noun,28.98,-10.05,medium,20201129,11,334
20201204,2.45,84.26,15.13,5.12,0.43,96.78,Guelmim-Oued Noun,28.98,-10.05,low,20201204,12,339
20210106,2.95,82.83,16.08,3.8,0.41,96.3,Guelmim-Oued Noun,28.98,-10.05,low,20210106,1,6
20210107,15.16,88.11,17.22,4.37,0.51,96.23,Guelmim-Oued Noun,28.98,-10.05,medium,20210107,1,7
20210108,9.83,85.58,15.22,5.7,0.49,96.19,Guelmim-Oued Noun,28.98,-10.05,medium,20210108,1,8
20210109,4.76,77.12,11.23,4.47,0.49,96.81,Guelmim-Oued Noun,28.98,-10.05,low,20210109,1,9
20210110,3.36,73.73,11.7,5.81,0.47,97.05,Guelmim-Oued Noun,28.98,-10.05,low,20210110,1,10
20210204,1.8,70.23,15.97,2.24,0.41,96.23,Guelmim-Oued Noun,28.98,-10.05,low,20210204,2,35
20210205,16.67,81.39,11.93,3.6,0.5,96.18,Guelmim-Oued Noun,28.98,-10.05,medium,20210205,2,36
20210206,11.35,78.58,11.25,5.23,0.55,96.64,Guelmim-Oued Noun,28.98,-10.05,medium,20210206,2,37
20210209,1.82,85.09,14.16,3.19,0.46,97.18,Guelmim-Oued Noun,28.98,-10.05,low,20210209,2,40
20210221,8.7,76.85,13.33,4.56,0.49,96.87,Guelmim-Oued Noun,28.98,-10.05,medium,20210221,2,52
20210305,4.41,81.03,14.84,4.45,0.44,96.82,Guelmim-Oued Noun,28.98,-10.05,low,20210305,3,64
20210306,2.93,78.24,13.93,4.89,0.46,96.83,Guelmim-Oued Noun,28.98,-10.05,low,20210306,3,65
20211118,10.25,66.17,15.46,2.63,0.24,96.58,Guelmim-Oued Noun,28.98,-10.05,medium,20211118,11,322
20211119,3.23,81.69,16.39,2.17,0.43,96.78,Guelmim-Oued Noun,28.98,-10.05,low,20211119,11,323
20211226,1.45,85.09,16.6,3.07,0.29,97.16,Guelmim-Oued Noun,28.98,-10.05,low,20211226,12,360
20220111,1.09,35.08,14.09,1.77,0.19,97.05,Guelmim-Oued Noun,28.98,-10.05,low,20220111,1,11
20220313,1.81,74.48,15.13,5.7,0.2,96.73,Guelmim-Oued Noun,28.98,-10.05,low,20220313,3,72
20220314,14.0,77.72,12.22,5.49,0.43,96.24,Guelmim-Oued Noun,28.98,-10.05,medium,20220314,3,73
20220315,19.29,83.3,11.56,5.53,0.53,96.23,Guelmim-Oued Noun,28.98,-10.05,medium,20220315,3,74
20220316,9.58,84.27,13.84,6.47,0.5,96.73,Guelmim-Oued Noun,28.98,-10.05,medium,20220316,3,75
20220323,2.06,74.56,14.63,5.41,0.4,96.72,Guelmim-Oued Noun,28.98,-10.05,low,20220323,3,82
20220324,3.86,75.71,14.46,5.41,0.41,96.37,Guelmim-Oued Noun,28.98,-10.05,low,20220324,3,83
20220325,1.21,77.02,15.03,4.01,0.42,96.46,Guelmim-Oued Noun,28.98,-10.05,low,20220325,3,84
20220330,1.03,75.27,15.44,6.55,0.39,96.61,Guelmim-Oued Noun,28.98,-10.05,low,20220330,3,89
20220403,1.1,71.06,15.48,3.23,0.39,95.97,Guelmim-Oued Noun,28.98,-10.05,low,20220403,4,93
20220404,10.36,75.51,15.19,5.43,0.47,95.91,Guelmim-Oued Noun,28.98,-10.05,medium,20220404,4,94
20220514,1.22,59.97,22.04,3.26,0.3,97.01,Guelmim-Oued Noun,28.98,-10.05,low,20220514,5,134
20220515,1.4,67.39,19.96,4.35,0.32,97.12,Guelmim-Oued Noun,28.98,-10.05,low,20220515,5,135
20220516,1.12,73.42,19.04,4.93,0.34,97.12,Guelmim-Oued Noun,28.98,-10.05,low,20220516,5,136
20220517,1.78,65.78,21.52,4.35,0.34,96.94,Guelmim-Oued Noun,28.98,-10.05,low,20220517,5,137
20220518,2.16,63.14,22.55,2.93,0.35,96.65,Guelmim-Oued Noun,28.98,-10.05,low,20220518,5,138
20220519,1.12,49.11,25.6,2.71,0.32,96.41,Guelmim-Oued Noun,28.98,-10.05,low,20220519,5,139
20220520,1.49,64.49,23.11,3.33,0.32,96.65,Guelmim-Oued Noun,28.98,-10.05,low,20220520,5,140
20220808,2.42,44.71,26.2,5.45,0.16,96.71,Guelmim-Oued Noun,28.98,-10.05,low,20220808,8,220
20220829,1.06,58.62,25.43,2.2,0.15,96.63,Guelmim-Oued Noun,28.98,-10.05,low,20220829,8,241
20220913,1.07,71.87,23.31,3.92,0.17,96.62,Guelmim-Oued Noun,28.98,-10.05,low,20220913,9,256
20220915,2.57,76.75,20.9,7.8,0.27,96.75,Guelmim-Oued Noun,28.98,-10.05,low,20220915,9,258
20220916,2.82,80.79,20.8,8.94,0.36,96.47,Guelmim-Oued Noun,28.98,-10.05,low,20220916,9,259
20220917,2.76,80.0,20.72,8.27,0.39,96.24,Guelmim-Oued Noun,28.98,-10.05,low,20220917,9,260
20220918,2.24,78.76,20.75,5.17,0.39,96.36,Guelmim-Oued Noun,28.98,-10.05,low,20220918,9,261
20220925,6.24,77.32,20.88,2.29,0.41,96.65,Guelmim-Oued Noun,28.98,-10.05,medium,20220925,9,268
20221122,40.25,73.2,17.09,2.36,0.49,97.42,Guelmim-Oued Noun,28.98,-10.05,high,20221122,11,326
20221123,7.27,57.26,18.11,2.41,0.49,97.27,Guelmim-Oued Noun,28.98,-10.05,medium,20221123,11,327
20221201,2.42,81.42,14.66,3.27,0.39,96.67,Guelmim-Oued Noun,28.98,-10.05,low,20221201,12,335
20221208,12.48,71.03,16.65,1.93,0.46,96.46,Guelmim-Oued Noun,28.98,-10.05,medium,20221208,12,342
20221209,7.94,88.59,17.47,2.36,0.49,96.77,Guelmim-Oued Noun,28.98,-10.05,medium,20221209,12,343
20221215,1.45,80.84,16.13,4.27,0.42,96.89,Guelmim-Oued Noun,28.98,-10.05,low,20221215,12,349
20221216,9.02,77.9,15.66,3.09,0.42,96.88,Guelmim-Oued Noun,28.98,-10.05,medium,20221216,12,350
20221217,172.42,84.77,15.15,2.36,0.82,97.07,Guelmim-Oued Noun,28.98,-10.05,high,20221217,12,351
20221218,1.55,62.45,15.85,2.58,0.66,97.41,Guelmim-Oued Noun,28.98,-10.05,low,20221218,12,352
20230127,1.09,82.3,10.04,4.36,0.49,97.19,Guelmim-Oued Noun,28.98,-10.05,low,20230127,1,27
20230210,5.11,79.16,9.16,8.25,0.49,97.32,Guelmim-Oued Noun,28.98,-10.05,medium,20230210,2,41
20230213,15.33,56.97,13.57,9.05,0.51,97.43,Guelmim-Oued Noun,28.98,-10.05,medium,20230213,2,44
20230214,41.25,75.8,12.14,5.92,0.7,97.55,Guelmim-Oued Noun,28.98,-10.05,high,20230214,2,45
20230215,10.4,84.71,10.14,3.94,0.66,97.3,Guelmim-Oued Noun,28.98,-10.05,medium,20230215,2,46
20230216,5.15,85.37,11.67,4.29,0.64,96.68,Guelmim-Oued Noun,28.98,-10.05,medium,20230216,2,47
20230217,1.35,76.27,14.16,2.84,0.61,96.77,Guelmim-Oued Noun,28.98,-10.05,low,20230217,2,48
20230226,1.97,88.78,12.83,3.92,0.56,96.87,Guelmim-Oued Noun,28.98,-10.05,low,20230226,2,57
20230405,8.06,81.12,13.21,5.88,0.47,96.0,Guelmim-Oued Noun,28.98,-10.05,medium,20230405,4,95
20230531,5.18,70.26,19.85,5.16,0.34,96.75,Guelmim-Oued Noun,28.98,-10.05,medium,20230531,5,151
20230601,2.86,68.88,20.09,4.74,0.38,96.51,Guelmim-Oued Noun,28.98,-10.05,low,20230601,6,152
20230602,10.92,75.14,19.83,5.5,0.44,96.42,Guelmim-Oued Noun,28.98,-10.05,medium,20230602,6,153
20230603,10.22,74.93,19.72,5.96,0.45,96.5,Guelmim-Oued Noun,28.98,-10.05,medium,20230603,6,154
20230604,8.19,73.61,19.73,6.0,0.46,96.65,Guelmim-Oued Noun,28.98,-10.05,medium,20230604,6,155
20230607,1.02,69.11,23.85,2.44,0.38,96.57,Guelmim-Oued Noun,28.98,-10.05,low,20230607,6,158
20230608,2.39,77.82,21.95,3.71,0.4,96.72,Guelmim-Oued Noun,28.98,-10.05,low,20230608,6,159
20230624,11.05,59.33,25.85,4.13,0.33,96.57,Guelmim-Oued Noun,28.98,-10.05,medium,20230624,6,175
20230625,12.14,39.36,30.33,2.14,0.47,96.42,Guelmim-Oued Noun,28.98,-10.05,medium,20230625,6,176
20230629,75.23,61.39,25.09,4.34,0.6,96.82,Guelmim-Oued Noun,28.98,-10.05,high,20230629,6,180
20231019,1.54,71.63,21.19,3.54,0.13,96.72,Guelmim-Oued Noun,28.98,-10.05,low,20231019,10,292
20231020,9.75,78.69,19.68,5.88,0.39,96.53,Guelmim-Oued Noun,28.98,-10.05,medium,20231020,10,293
20231022,3.15,73.79,20.23,2.75,0.38,96.36,Guelmim-Oued Noun,28.98,-10.05,low,20231022,10,295
20231023,1.06,77.36,19.38,2.56,0.38,96.78,Guelmim-Oued Noun,28.98,-10.05,low,20231023,10,296
20231026,1.09,74.13,20.18,3.15,0.36,97.05,Guelmim-Oued Noun,28.98,-10.05,low,20231026,10,299
20231027,1.65,83.61,19.6,4.63,0.37,96.85,Guelmim-Oued Noun,28.98,-10.05,low,20231027,10,300
20231201,10.22,68.35,15.41,2.86,0.38,96.58,Guelmim-Oued Noun,28.98,-10.05,medium,20231201,12,335
20200323,7.62,74.92,15.83,4.32,0.35,100.12,Laayoune-Sakia El Hamra,27.15,-13.2,medium,20200323,3,83
20200327,12.67,76.57,16.45,2.72,0.41,100.41,Laayoune-Sakia El Hamra,27.15,-13.2,medium,20200327,3,87
20200328,1.11,71.32,17.61,2.25,0.37,100.68,Laayoune-Sakia El Hamra,27.15,-13.2,low,20200328,3,88
20200418,1.86,68.96,19.48,3.14,0.26,100.48,Laayoune-Sakia El Hamra,27.15,-13.2,low,20200418,4,109
20200528,2.17,62.33,23.38,4.47,0.21,100.55,Laayoune-Sakia El Hamra,27.15,-13.2,low,20200528,5,149
20200529,3.8,71.47,22.56,3.25,0.31,100.42,Laayoune-Sakia El Hamra,27.15,-13.2,low,20200529,5,150
20200530,1.83,71.58,22.04,2.56,0.33,100.25,Laayoune-Sakia El Hamra,27.15,-13.2,low,20200530,5,151
20200605,5.17,57.88,25.3,3.0,0.23,100.51,Laayoune-Sakia El Hamra,27.15,-13.2,medium,20200605,6,157
20200715,4.26,72.81,24.53,5.5,0.33,99.9,Laayoune-Sakia El Hamra,27.15,-13.2,low,20200715,7,197
20200716,1.09,70.77,25.25,4.83,0.32,100.15,Laayoune-Sakia El Hamra,27.15,-13.2,low,20200716,7,198
20200717,1.0,68.89,25.3,4.99,0.31,100.21,Laayoune-Sakia El Hamra,27.15,-13.2,low,20200717,7,199
20200718,1.05,64.75,26.48,6.13,0.29,100.12,Laayoune-Sakia El Hamra,27.15,-13.2,low,20200718,7,200
20200824,2.06,67.61,26.21,6.14,0.22,99.9,Laayoune-Sakia El Hamra,27.15,-13.2,low,20200824,8,237
20201006,2.04,65.99,23.12,4.19,0.18,100.97,Laayoune-Sakia El Hamra,27.15,-13.2,low,20201006,10,280
20201008,22.88,68.63,24.13,4.76,0.32,100.86,Laayoune-Sakia El Hamra,27.15,-13.2,medium,20201008,10,282
20201009,88.31,81.12,22.51,4.97,0.66,100.88,Laayoune-Sakia El Hamra,27.15,-13.2,high,20201009,10,283
20201010,86.78,85.47,21.83,4.34,0.73,100.73,Laayoune-Sakia El Hamra,27.15,-13.2,high,20201010,10,284
20201011,44.6,84.16,22.32,3.54,0.72,100.54,Laayoune-Sakia El Hamra,27.15,-13.2,high,20201011,10,285
20201021,1.17,84.12,21.88,2.14,0.61,100.44,Laayoune-Sakia El Hamra,27.15,-13.2,low,20201021,10,295
20201126,21.96,76.34,17.1,3.74,0.54,100.48,Laayoune-Sakia El Hamra,27.15,-13.2,medium,20201126,11,331
20201130,1.19,84.01,17.46,3.95,0.54,100.41,Laayoune-Sakia El Hamra,27.15,-13.2,low,20201130,11,335
20210106,3.91,87.61,19.15,6.04,0.47,100.04,Laayoune-Sakia El Hamra,27.15,-13.2,low,20210106,1,6
20210107,3.29,86.22,19.4,7.06,0.49,99.96,Laayoune-Sakia El Hamra,27.15,-13.2,low,20210107,1,7
20210108,5.36,80.01,18.16,6.41,0.5,100.09,Laayoune-Sakia El Hamra,27.15,-13.2,medium,20210108,1,8
20210109,1.7,72.09,14.9,4.12,0.49,100.87,Laayoune-Sakia El Hamra,27.15,-13.2,low,20210109,1,9
20210205,5.41,75.53,14.77,3.3,0.45,100.13,Laayoune-Sakia El Hamra,27.15,-13.2,medium,20210205,2,36
20210206,1.03,68.13,15.11,4.46,0.44,100.8,Laayoune-Sakia El Hamra,27.15,-13.2,low,20210206,2,37
20210228,1.02,75.56,15.17,2.82,0.37,100.52,Laayoune-Sakia El Hamra,27.15,-13.2,low,20210228,2,59
20210322,47.33,70.35,16.62,3.0,0.44,100.59,Laayoune-Sakia El Hamra,27.15,-13.2,high,20210322,3,81
20210323,2.32,51.86,18.86,2.73,0.41,100.73,Laayoune-Sakia El Hamra,27.15,-13.2,low,20210323,3,82
20210326,22.91,61.12,19.07,5.06,0.47,100.48,Laayoune-Sakia El Hamra,27.15,-13.2,medium,20210326,3,85
20210710,2.44,70.58,23.82,4.14,0.23,100.15,Laayoune-Sakia El Hamra,27.15,-13.2,low,20210710,7,191
20210805,1.06,72.55,23.42,5.75,0.22,100.66,Laayoune-Sakia El Hamra,27.15,-13.2,low,20210805,8,217
20210921,1.3,67.92,23.19,4.76,0.19,100.59,Laayoune-Sakia El Hamra,27.15,-13.2,low,20210921,9,264
20220112,1.53,64.87,16.15,2.25,0.18,100.87,Laayoune-Sakia El Hamra,27.15,-13.2,low,20220112,1,12
20220117,6.6,60.57,15.59,5.0,0.25,101.35,Laayoune-Sakia El Hamra,27.15,-13.2,medium,20220117,1,17
20220314,5.2,71.86,16.18,5.54,0.32,100.36,Laayoune-Sakia El Hamra,27.15,-13.2,medium,20220314,3,73
20220315,1.57,65.05,16.04,5.16,0.36,100.49,Laayoune-Sakia El Hamra,27.15,-13.2,low,20220315,3,74
20220404,3.95,70.22,18.69,5.71,0.32,99.89,Laayoune-Sakia El Hamra,27.15,-13.2,low,20220404,4,94
20220516,9.03,66.96,21.24,4.49,0.3,100.97,Laayoune-Sakia El Hamra,27.15,-13.2,medium,20220516,5,136
20220517,11.08,73.09,20.29,4.53,0.42,100.88,Laayoune-Sakia El Hamra,27.15,-13.2,medium,20220517,5,137
20220518,10.67,75.11,21.0,5.0,0.43,100.56,Laayoune-Sakia El Hamra,27.15,-13.2,medium,20220518,5,138
20220519,24.03,79.73,20.91,4.91,0.48,100.35,Laayoune-Sakia El Hamra,27.15,-13.2,medium,20220519,5,139
20220520,17.87,76.16,21.14,5.35,0.48,100.56,Laayoune-Sakia El Hamra,27.15,-13.2,medium,20220520,5,140
20220909,1.05,72.24,24.35,6.43,0.23,100.57,Laayoune-Sakia El Hamra,27.15,-13.2,low,20220909,9,252
20220918,1.72,75.3,24.05,3.05,0.27,100.24,Laayoune-Sakia El Hamra,27.15,-13.2,low,20220918,9,261
20220924,4.3,77.89,22.82,4.63,0.27,100.57,Laayoune-Sakia El Hamra,27.15,-13.2,low,20220924,9,267
20220925,1.83,69.82,24.29,3.2,0.37,100.26,Laayoune-Sakia El Hamra,27.15,-13.2,low,20220925,9,268
20221015,2.38,61.47,24.29,2.29,0.26,100.33,Laayoune-Sakia El Hamra,27.15,-13.2,low,20221015,10,288
20221122,1.09,76.43,19.38,3.93,0.14,101.28,Laayoune-Sakia El Hamra,27.15,-13.2,low,20221122,11,326
20221123,1.3,74.29,19.91,2.75,0.21,101.0,Laayoune-Sakia El Hamra,27.15,-13.2,low,20221123,11,327
20221208,7.0,88.81,19.71,3.84,0.32,100.14,Laayoune-Sakia El Hamra,27.15,-13.2,medium,20221208,12,342
20221209,3.04,88.3,20.48,2.06,0.4,100.49,Laayoune-Sakia El Hamra,27.15,-13.2,low,20221209,12,343
20221217,37.47,81.5,17.47,2.31,0.5,100.87,Laayoune-Sakia El Hamra,27.15,-13.2,high,20221217,12,351
20221218,40.57,79.69,17.56,2.45,0.61,101.05,Laayoune-Sakia El Hamra,27.15,-13.2,high,20221218,12,352
20230210,2.72,72.38,15.83,3.48,0.4,100.76,Laayoune-Sakia El Hamra,27.15,-13.2,low,20230210,2,41
20230213,1.76,64.78,16.8,3.89,0.38,100.87,Laayoune-Sakia El Hamra,27.15,-13.2,low,20230213,2,44
20230215,3.46,77.45,15.91,4.74,0.41,101.05,Laayoune-Sakia El Hamra,27.15,-13.2,low,20230215,2,46
20230323,2.0,50.73,22.97,2.4,0.28,100.4,Laayoune-Sakia El Hamra,27.15,-13.2,low,20230323,3,82
20230324,3.75,63.98,22.28,4.5,0.37,100.64,Laayoune-Sakia El Hamra,27.15,-13.2,low,20230324,3,83
20230326,2.82,64.75,21.79,3.97,0.31,100.75,Laayoune-Sakia El Hamra,27.15,-13.2,low,20230326,3,85
20230531,18.84,66.59,21.68,3.32,0.39,100.64,Laayoune-Sakia El Hamra,27.15,-13.2,medium,20230531,5,151
20230601,27.1,73.11,22.06,2.57,0.45,100.37,Laayoune-Sakia El Hamra,27.15,-13.2,high,20230601,6,152
20230602,137.1,84.01,21.56,3.06,0.76,100.32,Laayoune-Sakia El Hamra,27.15,-13.2,high,20230602,6,153
20230603,60.99,83.33,21.44,3.41,0.75,100.45,Laayoune-Sakia El Hamra,27.15,-13.2,high,20230603,6,154
20230604,48.94,82.84,21.67,2.83,0.77,100.54,Laayoune-Sakia El Hamra,27.15,-13.2,high,20230604,6,155
20230625,1.94,77.55,24.06,3.56,0.55,100.25,Laayoune-Sakia El Hamra,27.15,-13.2,low,20230625,6,176
20230626,1.76,83.91,23.96,2.26,0.55,100.2,Laayoune-Sakia El Hamra,27.15,-13.2,low,20230626,6,177
20230627,2.25,82.02,24.8,3.14,0.55,100.3,Laayoune-Sakia El Hamra,27.15,-13.2,low,20230627,6,178
20230628,2.8,77.81,26.08,3.82,0.55,100.34,Laayoune-Sakia El Hamra,27.15,-13.2,low,20230628,6,179
20231020,1.46,73.1,23.71,4.34,0.14,100.39,Laayoune-Sakia El Hamra,27.15,-13.2,low,20231020,10,293
20231022,1.64,70.62,24.28,3.06,0.19,100.07,Laayoune-Sakia El Hamra,27.15,-13.2,low,20231022,10,295
20231201,1.26,83.03,20.73,5.15,0.18,100.27,Laayoune-Sakia El Hamra,27.15,-13.2,low,20231201,12,335
20200323,2.96,79.0,17.2,4.89,0.21,100.21,Dakhla-Oued Ed-Dahab,23.69,-15.93,low,20200323,3,83
20200324,2.52,75.42,17.26,3.31,0.29,100.44,Dakhla-Oued Ed-Dahab,23.69,-15.93,low,20200324,3,84
20200325,1.78,70.23,17.73,3.07,0.31,100.39,Dakhla-Oued Ed-Dahab,23.69,-15.93,low,20200325,3,85
20200326,1.06,69.96,17.62,3.48,0.29,100.19,Dakhla-Oued Ed-Dahab,23.69,-15.93,low,20200326,3,86
20200605,2.14,71.84,22.4,2.23,0.12,100.33,Dakhla-Oued Ed-Dahab,23.69,-15.93,low,20200605,6,157
20200607,1.87,67.0,24.7,4.64,0.18,100.38,Dakhla-Oued Ed-Dahab,23.69,-15.93,low,20200607,6,159
20200731,1.36,57.82,28.37,2.96,0.18,100.15,Dakhla-Oued Ed-Dahab,23.69,-15.93,low,20200731,7,213
20201005,13.54,58.79,25.53,4.15,0.15,100.26,Dakhla-Oued Ed-Dahab,23.69,-15.93,medium,20201005,10,279
20201006,9.56,70.42,26.16,3.64,0.41,100.4,Dakhla-Oued Ed-Dahab,23.69,-15.93,medium,20201006,10,280
20201007,2.05,60.07,27.62,2.55,0.3,100.42,Dakhla-Oued Ed-Dahab,23.69,-15.93,low,20201007,10,281
20201008,26.31,68.07,25.54,4.73,0.45,100.45,Dakhla-Oued Ed-Dahab,23.69,-15.93,high,20201008,10,282
20201009,1.6,69.88,24.23,6.21,0.36,100.41,Dakhla-Oued Ed-Dahab,23.69,-15.93,low,20201009,10,283
20201010,5.48,72.82,23.65,5.4,0.39,100.27,Dakhla-Oued Ed-Dahab,23.69,-15.93,medium,20201010,10,284
20201011,16.65,72.98,24.1,3.68,0.43,100.08,Dakhla-Oued Ed-Dahab,23.69,-15.93,medium,20201011,10,285
20201013,1.48,62.36,28.2,2.43,0.36,100.17,Dakhla-Oued Ed-Dahab,23.69,-15.93,low,20201013,10,287
20201021,2.75,84.5,22.57,2.67,0.37,100.33,Dakhla-Oued Ed-Dahab,23.69,-15.93,low,20201021,10,295
20201022,4.91,80.1,22.01,3.34,0.39,100.4,Dakhla-Oued Ed-Dahab,23.69,-15.93,low,20201022,10,296
20210322,7.61,62.32,17.75,5.28,0.13,100.18,Dakhla-Oued Ed-Dahab,23.69,-15.93,medium,20210322,3,81
20210323,632.95,81.93,16.74,3.95,0.77,100.35,Dakhla-Oued Ed-Dahab,23.69,-15.93,high,20210323,3,82
20210324,390.79,73.67,18.31,2.09,0.82,100.36,Dakhla-Oued Ed-Dahab,23.69,-15.93,high,20210324,3,83
20210325,275.58,71.56,19.21,3.47,0.83,100.18,Dakhla-Oued Ed-Dahab,23.69,-15.93,high,20210325,3,84
20210326,490.14,89.04,18.19,2.97,0.91,100.36,Dakhla-Oued Ed-Dahab,23.69,-15.93,high,20210326,3,85
20211121,2.89,61.85,21.19,1.98,0.26,100.34,Dakhla-Oued Ed-Dahab,23.69,-15.93,low,20211121,11,325
20220116,1.84,28.97,19.53,5.92,0.15,100.49,Dakhla-Oued Ed-Dahab,23.69,-15.93,low,20220116,1,16
20220117,1.34,42.57,18.33,6.58,0.23,100.68,Dakhla-Oued Ed-Dahab,23.69,-15.93,low,20220117,1,17
20220830,7.36,60.16,28.48,3.26,0.23,99.81,Dakhla-Oued Ed-Dahab,23.69,-15.93,medium,20220830,8,242
20220831,4.84,62.8,28.91,2.2,0.33,99.96,Dakhla-Oued Ed-Dahab,23.69,-15.93,low,20220831,8,243
20220901,2.15,58.19,29.08,2.78,0.33,99.97,Dakhla-Oued Ed-Dahab,23.69,-15.93,low,20220901,9,244
20220923,1.04,66.92,24.82,4.16,0.18,100.14,Dakhla-Oued Ed-Dahab,23.69,-15.93,low,20220923,9,266
20220924,10.96,70.39,24.5,5.3,0.31,100.08,Dakhla-Oued Ed-Dahab,23.69,-15.93,medium,20220924,9,267
20220925,5.65,73.19,25.87,3.32,0.37,99.89,Dakhla-Oued Ed-Dahab,23.69,-15.93,medium,20220925,9,268
20220926,4.17,72.53,26.7,2.19,0.36,99.99,Dakhla-Oued Ed-Dahab,23.69,-15.93,low,20220926,9,269
20221227,5.05,68.06,18.06,1.32,0.26,100.18,Dakhla-Oued Ed-Dahab,23.69,-15.93,medium,20221227,12,361
20221229,8.97,68.0,19.53,5.69,0.35,100.5,Dakhla-Oued Ed-Dahab,23.69,-15.93,medium,20221229,12,363
20221230,1.85,68.66,19.33,4.95,0.34,100.76,Dakhla-Oued Ed-Dahab,23.69,-15.93,low,20221230,12,364
20230209,6.05,57.67,16.0,2.87,0.24,100.48,Dakhla-Oued Ed-Dahab,23.69,-15.93,medium,20230209,2,40
20230221,2.52,79.82,17.02,3.43,0.29,100.49,Dakhla-Oued Ed-Dahab,23.69,-15.93,low,20230221,2,52
20230525,7.81,57.35,23.07,3.27,0.19,100.24,Dakhla-Oued Ed-Dahab,23.69,-15.93,medium,20230525,5,145
20230526,12.34,69.89,20.56,2.94,0.42,100.5,Dakhla-Oued Ed-Dahab,23.69,-15.93,medium,20230526,5,146
20230528,1.21,64.41,21.94,4.28,0.29,100.48,Dakhla-Oued Ed-Dahab,23.69,-15.93,low,20230528,5,148
20230529,6.68,67.7,21.32,4.67,0.37,100.5,Dakhla-Oued Ed-Dahab,23.69,-15.93,medium,20230529,5,149
20230601,4.12,75.34,21.76,3.74,0.32,100.23,Dakhla-Oued Ed-Dahab,23.69,-15.93,low,20230601,6,152
20230602,3.34,75.22,21.84,3.98,0.32,100.19,Dakhla-Oued Ed-Dahab,23.69,-15.93,low,20230602,6,153
20230603,1.55,72.04,22.49,3.84,0.3,100.23,Dakhla-Oued Ed-Dahab,23.69,-15.93,low,20230603,6,154
20231226,1.33,64.59,16.65,3.76,0.14,100.47,Dakhla-Oued Ed-Dahab,23.69,-15.93,low,20231226,12,360
